Latitude (decimal degrees):,19.334
Longitude (decimal degrees):,-99.198
Elevation (m):,2318.0
Irradiance Time Offset (h):,0.5
month,year
1,2019
2,2009
3,2009
4,2018
5,2019
6,2013
7,2021
8,2017
9,2022
10,2018
11,2009
12,2022
time(UTC),T2m,RH,G(h),Gb(n),Gd(h),IR(h),WS10m,WD10m,SP
20190101:0000,14.44,62.86,0.3,0.0,0.3,283.82,1.63,209.0,77000.0
20190101:0100,13.98,64.42,0.0,-0.0,0.0,281.13,1.51,202.0,77080.0
20190101:0200,13.52,65.97,0.0,-0.0,0.0,278.44,1.39,194.0,77110.0
20190101:0300,13.06,67.53,0.0,-0.0,0.0,275.76,1.26,181.0,77140.0
20190101:0400,12.6,69.09,0.0,-0.0,0.0,273.07,1.14,167.0,77160.0
20190101:0500,12.14,70.64,0.0,-0.0,0.0,270.38,1.02,150.0,77160.0
20190101:0600,11.68,72.2,0.0,-0.0,0.0,267.7,0.9,140.0,77130.0
20190101:0700,11.22,73.75,0.0,-0.0,0.0,265.01,0.78,150.0,77070.0
20190101:0800,8.48,85.9,0.0,-0.0,0.0,247.15,1.1,150.0,77070.0
20190101:0900,7.64,89.0,0.0,-0.0,0.0,241.5,1.1,151.0,77050.0
20190101:1000,6.62,92.3,0.0,-0.0,0.0,238.4,1.24,154.0,77030.0
20190101:1100,6.09,92.3,0.0,-0.0,0.0,234.75,1.24,153.0,77040.0
20190101:1200,5.68,88.85,0.0,-0.0,0.0,232.8,1.31,152.0,77050.0
20190101:1300,5.75,85.65,0.0,-0.0,0.0,230.65,1.24,151.0,77100.0
20190101:1400,7.03,79.55,266.65,1261.09,56.15,228.55,1.1,151.0,77150.0
20190101:1500,10.5,77.15,487.8,1122.17,74.7,236.65,0.83,154.0,77170.0
20190101:1600,15.29,45.05,677.25,1110.23,82.8,244.05,0.9,192.0,77190.0
20190101:1700,17.08,40.6,798.9,1081.65,87.8,251.95,0.97,199.0,77160.0
20190101:1800,18.5,36.7,856.0,1056.77,89.0,259.1,1.24,188.0,77070.0
20190101:1900,20.02,29.6,826.8,1002.12,89.35,258.55,1.31,189.0,76920.0
20190101:2000,20.71,28.65,726.05,929.31,87.6,263.0,1.59,194.0,76870.0
20190101:2100,20.82,28.65,558.3,827.47,76.3,265.7,1.86,201.0,76820.0
20190101:2200,20.36,30.75,342.1,659.65,58.8,264.95,1.93,201.0,76840.0
20190101:2300,19.15,32.9,107.4,314.45,32.45,261.85,1.93,198.0,76870.0
20190102:0000,16.83,42.05,0.4,0.0,0.4,258.95,1.86,197.0,76940.0
20190102:0100,14.09,56.0,0.0,-0.0,0.0,253.6,1.45,200.0,77010.0
20190102:0200,14.34,46.6,0.0,-0.0,0.0,250.8,0.76,215.0,77080.0
20190102:0300,13.38,51.9,0.0,-0.0,0.0,251.2,0.69,275.0,77130.0
20190102:0400,11.86,57.65,0.0,-0.0,0.0,252.55,1.24,302.0,77150.0
20190102:0500,10.72,66.55,0.0,-0.0,0.0,255.65,1.24,318.0,77190.0
20190102:0600,10.07,71.6,0.0,-0.0,0.0,265.5,0.9,352.0,77160.0
20190102:0700,10.54,61.75,0.0,-0.0,0.0,252.15,0.21,160.0,77090.0
20190102:0800,9.87,64.0,0.0,-0.0,0.0,243.65,0.55,158.0,77100.0
20190102:0900,9.3,66.35,0.0,-0.0,0.0,243.05,0.69,144.0,77110.0
20190102:1000,8.71,68.7,0.0,-0.0,0.0,237.45,0.62,145.0,77110.0
20190102:1100,8.24,71.25,0.0,-0.0,0.0,234.75,0.69,142.0,77140.0
20190102:1200,7.87,68.6,0.0,-0.0,0.0,233.6,0.9,150.0,77170.0
20190102:1300,7.47,68.5,0.0,-0.0,0.0,232.2,0.97,156.0,77210.0
20190102:1400,7.49,68.5,265.0,1259.25,56.0,232.2,0.83,162.0,77300.0
20190102:1500,10.24,74.3,491.7,1141.6,72.15,238.4,0.48,156.0,77320.0
20190102:1600,14.71,43.25,674.9,1106.37,82.75,244.6,0.62,180.0,77300.0
20190102:1700,16.66,37.55,797.95,1080.5,87.35,251.75,1.1,203.0,77250.0
20190102:1800,18.23,33.9,852.15,1052.93,87.2,258.35,1.45,213.0,77170.0
20190102:1900,19.81,29.5,827.15,1005.1,86.35,260.5,2.21,186.0,77000.0
20190102:2000,20.45,26.55,722.25,910.66,95.2,262.6,2.48,190.0,76880.0
20190102:2100,20.52,26.55,523.2,672.09,130.45,266.85,2.62,198.0,76850.0
20190102:2200,19.92,26.4,287.9,371.89,127.4,278.5,2.48,199.0,76850.0
20190102:2300,18.63,29.2,86.15,124.49,56.2,277.3,2.34,195.0,76880.0
20190103:0000,16.54,37.55,0.5,0.0,0.5,277.9,2.0,192.0,76940.0
20190103:0100,13.96,43.1,0.0,-0.0,0.0,272.4,1.86,199.0,77030.0
20190103:0200,11.32,57.55,0.0,-0.0,0.0,261.65,1.66,195.0,77100.0
20190103:0300,10.21,61.65,0.0,-0.0,0.0,256.6,1.52,187.0,77150.0
20190103:0400,9.93,59.35,0.0,-0.0,0.0,247.1,1.31,191.0,77140.0
20190103:0500,10.03,57.15,0.0,-0.0,0.0,246.35,0.97,198.0,77190.0
20190103:0600,9.01,63.8,0.0,-0.0,0.0,252.75,0.69,182.0,77190.0
20190103:0700,8.86,59.15,0.0,-0.0,0.0,243.05,0.69,205.0,77160.0
20190103:0800,8.07,63.6,0.0,-0.0,0.0,243.85,0.55,201.0,77170.0
20190103:0900,7.37,65.95,0.0,-0.0,0.0,245.0,0.48,187.0,77160.0
20190103:1000,7.04,68.4,0.0,-0.0,0.0,251.0,0.48,173.0,77160.0
20190103:1100,6.85,71.05,0.0,-0.0,0.0,253.7,0.62,164.0,77170.0
20190103:1200,6.55,73.7,0.0,-0.0,0.0,250.8,0.76,157.0,77160.0
20190103:1300,6.4,73.7,0.0,-0.0,0.0,255.25,0.83,158.0,77190.0
20190103:1400,6.97,73.8,201.3,501.83,118.45,261.65,0.62,150.0,77260.0
20190103:1500,11.07,64.25,373.35,451.12,207.8,266.5,0.28,169.0,77320.0
20190103:1600,14.38,46.6,516.2,436.1,282.85,279.85,0.41,249.0,77340.0
20190103:1700,16.16,43.5,671.45,616.27,265.95,288.35,0.55,249.0,77310.0
20190103:1800,17.81,39.25,741.6,690.44,239.45,288.75,0.76,247.0,77220.0
20190103:1900,19.11,35.45,731.4,687.01,224.2,291.45,1.17,233.0,77080.0
20190103:2000,19.88,33.15,658.45,720.02,161.5,296.3,1.03,240.0,76990.0
20190103:2100,20.24,33.15,529.9,741.75,95.0,294.15,0.83,239.0,76920.0
20190103:2200,20.14,33.15,325.4,590.91,69.1,288.95,0.9,229.0,76900.0
20190103:2300,19.28,36.8,101.0,255.1,39.05,285.45,0.97,216.0,76930.0
20190104:0000,17.23,47.15,0.55,0.0,0.55,281.75,1.03,203.0,77000.0
20190104:0100,14.71,62.65,0.0,-0.0,0.0,278.8,1.31,202.0,77080.0
20190104:0200,12.95,67.05,0.0,-0.0,0.0,272.65,1.45,199.0,77160.0
20190104:0300,12.47,66.95,0.0,-0.0,0.0,272.1,1.31,192.0,77190.0
20190104:0400,12.77,66.95,0.0,-0.0,0.0,268.6,1.1,188.0,77220.0
20190104:0500,12.05,69.35,0.0,-0.0,0.0,265.3,0.97,178.0,77250.0
20190104:0600,11.41,71.85,0.0,-0.0,0.0,265.7,0.9,177.0,77240.0
20190104:0700,10.58,77.15,0.0,-0.0,0.0,265.1,1.03,178.0,77210.0
20190104:0800,9.95,79.95,0.0,-0.0,0.0,263.4,1.1,183.0,77240.0
20190104:0900,9.36,82.9,0.0,-0.0,0.0,262.6,1.1,182.0,77220.0
20190104:1000,8.36,85.9,0.0,-0.0,0.0,261.65,1.24,176.0,77220.0
20190104:1100,7.82,85.85,0.0,-0.0,0.0,260.1,1.31,174.0,77200.0
20190104:1200,7.79,85.85,0.0,-0.0,0.0,258.35,1.24,176.0,77210.0
20190104:1300,8.02,89.05,0.0,-0.0,0.0,256.8,1.17,177.0,77250.0
20190104:1400,8.55,89.1,246.5,1150.72,57.45,256.4,0.97,175.0,77320.0
20190104:1500,12.1,80.2,466.35,1065.31,75.9,261.25,0.9,190.0,77340.0
20190104:1600,16.17,56.35,647.0,1046.27,87.2,269.75,1.17,206.0,77360.0
20190104:1700,17.89,45.7,767.2,1019.52,95.95,278.1,1.1,211.0,77340.0
20190104:1800,19.24,41.15,819.15,997.51,92.8,284.85,1.17,212.0,77270.0
20190104:1900,20.07,38.5,793.95,948.23,92.65,288.95,1.38,211.0,77150.0
20190104:2000,20.82,37.25,675.5,830.91,100.6,292.8,1.59,215.0,77100.0
20190104:2100,21.05,36.0,445.8,514.51,143.1,296.1,1.59,216.0,77050.0
20190104:2200,20.58,35.9,263.15,414.38,82.5,311.55,1.59,216.0,77050.0
20190104:2300,19.69,38.35,67.55,138.08,33.7,327.25,1.59,211.0,77080.0
20190105:0000,17.9,44.05,0.45,0.0,0.45,322.6,1.17,208.0,77140.0
20190105:0100,16.33,65.15,0.0,-0.0,0.0,339.75,0.69,218.0,77210.0
20190105:0200,15.99,54.35,0.0,-0.0,0.0,333.85,0.28,224.0,77290.0
20190105:0300,15.15,56.25,0.0,-0.0,0.0,299.75,0.41,277.0,77320.0
20190105:0400,14.32,60.4,0.0,-0.0,0.0,305.55,0.76,307.0,77360.0
20190105:0500,13.2,67.05,0.0,-0.0,0.0,275.75,0.9,324.0,77360.0
20190105:0600,12.34,69.45,0.0,-0.0,0.0,289.7,0.97,330.0,77390.0
20190105:0700,11.53,74.55,0.0,-0.0,0.0,276.55,0.62,329.0,77370.0
20190105:0800,11.16,77.2,0.0,-0.0,0.0,279.85,0.0,290.0,77360.0
20190105:0900,10.99,77.2,0.0,-0.0,0.0,273.25,0.21,149.0,77350.0
20190105:1000,10.81,74.45,0.0,-0.0,0.0,269.75,0.34,136.0,77330.0
20190105:1100,10.61,77.15,0.0,-0.0,0.0,270.35,0.28,120.0,77340.0
20190105:1200,10.3,77.15,0.0,-0.0,0.0,267.85,0.34,129.0,77350.0
20190105:1300,10.02,77.1,0.0,-0.0,0.0,266.5,0.34,135.0,77360.0
20190105:1400,10.19,77.1,238.0,1076.09,62.0,267.65,0.41,124.0,77430.0
20190105:1500,13.83,67.25,435.85,959.76,84.45,275.0,0.14,147.0,77450.0
20190105:1600,16.98,52.65,635.55,1009.37,95.45,283.9,0.55,337.0,77470.0
20190105:1700,18.97,45.95,753.85,975.65,111.0,289.5,0.9,353.0,77460.0
20190105:1800,20.38,41.55,808.85,966.85,103.9,297.05,0.97,350.0,77390.0
20190105:1900,21.48,37.5,598.0,462.56,255.25,300.95,0.83,328.0,77300.0
20190105:2000,21.76,37.5,351.7,130.68,261.05,330.75,1.1,326.0,77200.0
20190105:2100,21.36,38.75,290.45,217.65,161.95,354.55,1.24,324.0,77170.0
20190105:2200,20.98,38.75,211.4,268.58,93.7,343.5,1.24,323.0,77170.0
20190105:2300,20.39,38.65,60.55,107.87,33.85,343.5,0.9,319.0,77200.0
20190106:0000,19.05,45.95,0.6,0.0,0.6,342.15,0.48,275.0,77270.0
20190106:0100,17.92,51.0,0.0,-0.0,0.0,324.85,0.55,261.0,77340.0
20190106:0200,16.95,54.6,0.0,-0.0,0.0,316.8,0.62,274.0,77420.0
20190106:0300,16.03,58.45,0.0,-0.0,0.0,304.6,0.83,286.0,77470.0
20190106:0400,14.8,62.65,0.0,-0.0,0.0,288.55,1.03,290.0,77490.0
20190106:0500,13.83,64.85,0.0,-0.0,0.0,290.5,0.97,293.0,77520.0
20190106:0600,13.19,69.55,0.0,-0.0,0.0,294.95,0.69,295.0,77520.0
20190106:0700,12.41,66.95,0.0,-0.0,0.0,275.95,0.21,259.0,77460.0
20190106:0800,11.95,69.35,0.0,-0.0,0.0,265.3,0.34,197.0,77450.0
20190106:0900,11.53,71.85,0.0,-0.0,0.0,263.6,0.48,180.0,77460.0
20190106:1000,11.01,74.45,0.0,-0.0,0.0,262.2,0.55,173.0,77450.0
20190106:1100,10.43,74.4,0.0,-0.0,0.0,260.85,0.55,172.0,77440.0
20190106:1200,9.76,79.9,0.0,-0.0,0.0,259.9,0.48,165.0,77440.0
20190106:1300,9.15,82.85,0.0,-0.0,0.0,257.75,0.41,143.0,77440.0
20190106:1400,9.52,79.9,247.2,1159.66,58.3,257.6,0.48,117.0,77490.0
20190106:1500,14.62,60.4,470.35,1076.44,76.55,263.0,0.07,10.0,77510.0
20190106:1600,17.55,50.85,655.0,1061.64,86.8,271.7,0.9,342.0,77520.0
20190106:1700,19.37,42.85,780.15,1043.25,92.15,279.65,1.52,352.0,77500.0
20190106:1800,20.65,38.65,805.3,917.05,135.7,284.5,2.14,355.0,77430.0
20190106:1900,21.45,36.15,746.5,804.02,149.55,300.55,2.07,345.0,77310.0
20190106:2000,21.99,32.5,657.6,751.45,134.95,301.3,2.0,348.0,77210.0
20190106:2100,22.34,30.15,489.2,652.19,102.75,305.4,2.0,349.0,77160.0
20190106:2200,22.24,27.95,274.8,427.98,86.25,303.45,1.86,352.0,77140.0
20190106:2300,21.68,27.85,112.4,299.32,37.6,315.45,1.72,346.0,77160.0
20190107:0000,20.12,33.15,0.85,0.0,0.85,286.6,0.83,313.0,77200.0
20190107:0100,18.56,36.7,0.0,-0.0,0.0,284.2,0.69,290.0,77260.0
20190107:0200,17.3,42.15,0.0,-0.0,0.0,288.55,0.41,321.0,77350.0
20190107:0300,16.52,45.3,0.0,-0.0,0.0,294.75,0.55,3.0,77410.0
20190107:0400,15.4,48.55,0.0,-0.0,0.0,271.5,0.62,0.0,77440.0
20190107:0500,14.22,52.0,0.0,-0.0,0.0,265.3,0.48,19.0,77450.0
20190107:0600,13.35,53.85,0.0,-0.0,0.0,262.2,0.34,61.0,77430.0
20190107:0700,12.72,55.65,0.0,-0.0,0.0,257.6,0.21,129.0,77410.0
20190107:0800,11.93,57.65,0.0,-0.0,0.0,255.05,0.41,173.0,77390.0
20190107:0900,11.1,61.85,0.0,-0.0,0.0,252.75,0.41,180.0,77390.0
20190107:1000,10.36,66.55,0.0,-0.0,0.0,251.75,0.28,163.0,77400.0
20190107:1100,9.84,69.0,0.0,-0.0,0.0,251.4,0.14,98.0,77400.0
20190107:1200,9.66,68.9,0.0,-0.0,0.0,250.4,0.28,51.0,77420.0
20190107:1300,9.69,68.9,0.0,-0.0,0.0,250.2,0.34,40.0,77440.0
20190107:1400,10.48,66.55,251.75,1194.97,57.8,250.8,0.55,34.0,77490.0
20190107:1500,15.0,54.25,480.35,1110.73,74.25,257.0,0.76,7.0,77480.0
20190107:1600,18.15,45.7,664.75,1082.89,84.95,265.9,1.93,358.0,77480.0
20190107:1700,19.64,41.3,790.4,1057.27,92.45,273.85,2.76,360.0,77460.0
20190107:1800,20.93,34.7,831.3,971.77,120.65,277.7,4.0,2.0,77400.0
20190107:1900,21.97,29.05,810.5,938.02,112.6,283.3,3.93,2.0,77290.0
20190107:2000,22.67,27.05,715.9,880.8,101.6,284.5,4.0,3.0,77210.0
20190107:2100,23.02,23.4,547.7,743.6,105.45,283.1,3.93,4.0,77160.0
20190107:2200,22.91,21.65,332.45,547.49,89.95,281.6,3.52,2.0,77160.0
20190107:2300,22.16,20.6,106.3,217.76,51.35,278.5,2.9,0.0,77170.0
20190108:0000,20.41,24.6,1.25,0.0,1.25,275.0,2.0,353.0,77200.0
20190108:0100,16.64,37.55,0.0,-0.0,0.0,272.0,1.59,358.0,77250.0
20190108:0200,13.99,38.45,0.0,-0.0,0.0,262.6,1.72,6.0,77340.0
20190108:0300,12.65,39.5,0.0,-0.0,0.0,253.7,1.59,360.0,77430.0
20190108:0400,11.82,40.95,0.0,-0.0,0.0,247.3,1.45,352.0,77480.0
20190108:0500,11.49,42.4,0.0,-0.0,0.0,240.15,1.17,356.0,77510.0
20190108:0600,10.42,47.35,0.0,-0.0,0.0,238.4,1.03,359.0,77500.0
20190108:0700,9.51,54.9,0.0,-0.0,0.0,233.2,0.83,19.0,77450.0
20190108:0800,8.79,56.9,0.0,-0.0,0.0,235.9,0.55,23.0,77460.0
20190108:0900,8.42,59.0,0.0,-0.0,0.0,240.75,0.41,12.0,77450.0
20190108:1000,8.21,58.9,0.0,-0.0,0.0,248.1,0.41,11.0,77440.0
20190108:1100,7.92,58.9,0.0,-0.0,0.0,252.55,0.55,27.0,77470.0
20190108:1200,7.66,58.8,0.0,-0.0,0.0,245.6,0.55,32.0,77470.0
20190108:1300,7.44,56.55,0.0,-0.0,0.0,246.55,0.62,26.0,77520.0
20190108:1400,7.58,56.55,251.25,1146.55,65.75,243.45,0.62,40.0,77520.0
20190108:1500,10.27,69.0,480.75,1075.17,87.8,246.75,0.41,29.0,77530.0
20190108:1600,14.56,46.6,677.6,1095.55,90.7,249.85,0.48,5.0,77540.0
20190108:1700,16.93,42.15,806.95,1074.29,96.95,253.5,0.83,1.0,77500.0
20190108:1800,18.77,36.7,874.55,1048.46,106.55,258.15,1.17,1.0,77450.0
20190108:1900,19.53,24.35,852.25,1010.6,98.7,244.2,1.38,2.0,77360.0
20190108:2000,20.59,21.05,752.75,952.42,86.6,249.45,1.66,3.0,77290.0
20190108:2100,21.17,18.1,584.7,848.57,78.1,252.35,1.86,360.0,77240.0
20190108:2200,21.21,16.7,368.65,684.74,63.7,253.5,1.93,0.0,77230.0
20190108:2300,20.63,16.6,128.5,361.06,36.5,250.6,1.86,356.0,77230.0
20190109:0000,19.07,23.25,1.2,0.0,1.2,247.7,1.17,326.0,77270.0
20190109:0100,16.39,27.6,0.0,-0.0,0.0,244.9,1.1,325.0,77340.0
20190109:0200,13.31,35.45,0.0,-0.0,0.0,244.4,1.59,350.0,77400.0
20190109:0300,11.52,42.4,0.0,-0.0,0.0,242.65,1.66,351.0,77500.0
20190109:0400,9.31,54.9,0.0,-0.0,0.0,246.95,1.72,349.0,77560.0
20190109:0500,7.4,68.5,0.0,-0.0,0.0,239.75,1.72,350.0,77610.0
20190109:0600,6.02,82.5,0.0,-0.0,0.0,237.65,1.79,352.0,77620.0
20190109:0700,5.01,92.25,0.0,-0.0,0.0,237.45,1.86,356.0,77590.0
20190109:0800,4.58,92.25,0.0,-0.0,0.0,243.05,1.79,355.0,77590.0
20190109:0900,4.51,92.25,0.0,-0.0,0.0,250.8,1.72,355.0,77580.0
20190109:1000,4.23,95.75,0.0,-0.0,0.0,253.9,1.66,357.0,77570.0
20190109:1100,4.18,99.4,0.0,-0.0,0.0,275.75,1.52,358.0,77580.0
20190109:1200,3.93,95.75,0.0,-0.0,0.0,277.1,1.52,357.0,77590.0
20190109:1300,3.93,95.75,0.0,-0.0,0.0,280.2,1.52,359.0,77630.0
20190109:1400,4.46,95.75,211.5,735.98,92.75,273.05,1.59,1.0,77660.0
20190109:1500,7.97,89.05,456.2,1008.02,87.85,280.8,1.72,0.0,77700.0
20190109:1600,10.83,69.15,667.75,1094.13,81.2,250.6,1.79,5.0,77710.0
20190109:1700,13.48,55.9,752.45,994.2,94.55,259.1,1.79,6.0,77700.0
20190109:1800,15.4,48.55,853.95,1039.19,91.4,266.85,1.52,5.0,77610.0
20190109:1900,16.97,40.6,828.4,983.94,93.05,264.35,1.86,4.0,77510.0
20190109:2000,18.15,37.95,741.45,944.78,78.7,270.15,1.1,15.0,77410.0
20190109:2100,18.98,34.15,565.3,814.84,76.95,272.65,0.76,359.0,77340.0
20190109:2200,19.51,31.8,332.45,549.55,86.35,275.2,0.34,12.0,77310.0
20190109:2300,19.05,31.65,105.5,239.21,43.95,302.85,0.07,353.0,77310.0
20190110:0000,17.67,36.4,1.3,0.0,1.3,294.35,0.14,256.0,77340.0
20190110:0100,16.02,41.9,0.0,-0.0,0.0,281.9,0.62,338.0,77410.0
20190110:0200,12.45,55.65,0.0,-0.0,0.0,271.5,1.52,352.0,77450.0
20190110:0300,10.92,61.85,0.0,-0.0,0.0,273.45,1.59,353.0,77550.0
20190110:0400,9.01,74.15,0.0,-0.0,0.0,259.3,1.79,353.0,77590.0
20190110:0500,7.73,85.8,0.0,-0.0,0.0,273.85,1.86,351.0,77640.0
20190110:0600,6.44,88.95,0.0,-0.0,0.0,263.75,1.93,353.0,77630.0
20190110:0700,5.34,92.25,0.0,-0.0,0.0,251.95,1.93,358.0,77600.0
20190110:0800,5.25,95.75,0.0,-0.0,0.0,271.1,1.86,357.0,77600.0
20190110:0900,5.47,95.75,0.0,-0.0,0.0,287.2,1.72,356.0,77580.0
20190110:1000,5.98,99.4,0.0,-0.0,0.0,309.25,1.59,352.0,77560.0
20190110:1100,6.09,99.4,0.0,-0.0,0.0,304.4,1.52,351.0,77560.0
20190110:1200,5.91,99.4,0.0,-0.0,0.0,298.8,1.24,353.0,77550.0
20190110:1300,6.06,99.4,0.0,-0.0,0.0,308.1,1.1,354.0,77590.0
20190110:1400,6.37,95.8,173.0,443.52,101.6,301.1,1.03,1.0,77610.0
20190110:1500,8.1,85.85,450.7,993.32,87.7,297.05,0.97,12.0,77650.0
20190110:1600,11.55,66.75,649.55,1039.98,91.55,270.55,0.83,3.0,77630.0
20190110:1700,14.3,56.0,778.55,1017.8,104.1,266.85,0.62,339.0,77590.0
20190110:1800,16.53,47.0,871.6,1083.64,74.95,269.4,0.41,319.0,77480.0
20190110:1900,18.43,41.05,713.85,656.36,222.15,274.8,0.48,307.0,77330.0
20190110:2000,19.32,38.2,543.8,562.67,147.9,314.65,0.55,240.0,77230.0
20190110:2100,19.3,36.8,399.65,417.41,148.5,309.65,0.69,210.0,77180.0
20190110:2200,18.82,39.55,229.9,270.58,108.05,326.5,1.03,220.0,77190.0
20190110:2300,18.03,42.45,88.35,153.94,48.35,334.6,1.24,236.0,77230.0
20190111:0000,16.45,48.8,1.3,0.0,1.3,308.65,1.31,232.0,77250.0
20190111:0100,14.73,58.25,0.0,-0.0,0.0,287.7,1.24,217.0,77310.0
20190111:0200,13.87,62.55,0.0,-0.0,0.0,300.95,0.76,214.0,77350.0
20190111:0300,13.64,64.75,0.0,-0.0,0.0,284.1,0.41,227.0,77400.0
20190111:0400,13.35,64.75,0.0,-0.0,0.0,323.2,0.48,249.0,77410.0
20190111:0500,12.95,67.05,0.0,-0.0,0.0,307.9,0.69,258.0,77430.0
20190111:0600,12.81,67.05,0.0,-0.0,0.0,323.4,0.83,240.0,77390.0
20190111:0700,12.34,64.55,0.0,-0.0,0.0,298.4,1.03,198.0,77350.0
20190111:0800,11.9,66.85,0.0,-0.0,0.0,303.25,1.1,189.0,77320.0
20190111:0900,11.79,69.25,0.0,-0.0,0.0,290.85,1.1,189.0,77300.0
20190111:1000,11.73,71.85,0.0,-0.0,0.0,300.15,1.03,189.0,77300.0
20190111:1100,11.55,71.85,0.0,-0.0,0.0,303.25,0.9,186.0,77290.0
20190111:1200,11.28,71.85,0.0,-0.0,0.0,295.9,0.83,182.0,77300.0
20190111:1300,10.72,77.15,0.0,-0.0,0.0,273.65,0.69,186.0,77310.0
20190111:1400,11.07,77.2,213.55,873.07,73.25,294.95,0.62,167.0,77340.0
20190111:1500,12.99,74.75,422.6,884.85,99.15,291.45,0.55,211.0,77340.0
20190111:1600,15.42,56.25,569.2,775.0,152.95,297.05,0.69,283.0,77350.0
20190111:1700,16.99,48.9,477.8,433.05,190.4,306.15,0.69,273.0,77330.0
20190111:1800,17.59,43.9,612.4,501.08,243.3,315.05,0.97,249.0,77270.0
20190111:1900,19.01,39.65,691.0,650.08,202.8,315.85,1.38,242.0,77140.0
20190111:2000,19.3,41.15,597.7,659.4,132.3,314.65,1.86,234.0,77040.0
20190111:2100,18.99,42.7,467.8,555.85,132.0,293.75,2.41,232.0,77030.0
20190111:2200,18.81,44.2,264.05,386.07,89.2,309.25,2.48,228.0,77020.0
20190111:2300,18.1,45.7,86.15,152.43,46.15,324.55,2.28,224.0,77040.0
20190112:0000,16.91,52.65,1.4,0.0,1.4,319.3,1.93,214.0,77070.0
20190112:0100,15.6,60.5,0.0,-0.0,0.0,318.65,1.66,198.0,77110.0
20190112:0200,13.37,69.65,0.0,-0.0,0.0,279.25,1.52,189.0,77140.0
20190112:0300,12.1,77.35,0.0,-0.0,0.0,287.0,1.38,188.0,77210.0
20190112:0400,11.61,77.3,0.0,-0.0,0.0,277.3,1.24,192.0,77240.0
20190112:0500,11.68,77.3,0.0,-0.0,0.0,284.1,1.03,195.0,77270.0
20190112:0600,11.27,80.1,0.0,-0.0,0.0,269.6,0.83,202.0,77260.0
20190112:0700,11.59,74.55,0.0,-0.0,0.0,283.1,0.69,230.0,77230.0
20190112:0800,11.16,77.2,0.0,-0.0,0.0,294.35,0.55,227.0,77230.0
20190112:0900,10.83,77.2,0.0,-0.0,0.0,290.3,0.34,224.0,77230.0
20190112:1000,10.69,80.05,0.0,-0.0,0.0,293.4,0.21,224.0,77220.0
20190112:1100,10.43,80.05,0.0,-0.0,0.0,286.4,0.14,257.0,77240.0
20190112:1200,10.23,79.95,0.0,-0.0,0.0,288.15,0.14,312.0,77250.0
20190112:1300,9.95,79.95,0.0,-0.0,0.0,283.7,0.21,347.0,77300.0
20190112:1400,10.43,80.05,164.5,472.01,88.75,293.4,0.21,26.0,77340.0
20190112:1500,12.25,77.35,351.25,596.34,133.15,303.05,0.62,354.0,77390.0
20190112:1600,14.89,56.25,581.25,851.37,123.45,297.85,1.1,357.0,77400.0
20190112:1700,16.69,52.5,600.95,673.79,153.05,310.2,0.97,350.0,77390.0
20190112:1800,17.29,48.9,630.45,586.81,197.3,316.05,0.69,354.0,77320.0
20190112:1900,18.03,44.05,648.9,601.8,195.8,319.3,0.9,340.0,77220.0
20190112:2000,18.4,42.6,501.4,441.78,188.6,303.05,0.41,343.0,77150.0
20190112:2100,18.14,44.05,427.45,507.09,119.85,310.8,0.28,56.0,77110.0
20190112:2200,18.02,44.05,254.8,322.29,108.0,308.85,0.41,92.0,77120.0
20190112:2300,17.26,47.15,80.65,155.46,39.45,304.6,0.76,107.0,77160.0
20190113:0000,15.64,58.35,1.1,0.0,1.1,322.05,0.69,141.0,77230.0
20190113:0100,14.21,60.3,0.0,-0.0,0.0,322.9,0.34,182.0,77290.0
20190113:0200,13.46,67.15,0.0,-0.0,0.0,319.1,0.28,343.0,77350.0
20190113:0300,11.81,80.2,0.0,-0.0,0.0,307.7,1.1,0.0,77400.0
20190113:0400,10.86,86.1,0.0,-0.0,0.0,310.8,1.38,2.0,77420.0
20190113:0500,10.1,89.2,0.0,-0.0,0.0,302.3,1.45,0.0,77440.0
20190113:0600,9.96,92.5,0.0,-0.0,0.0,324.55,1.31,360.0,77430.0
20190113:0700,9.7,95.85,0.0,-0.0,0.0,324.75,1.31,343.0,77350.0
20190113:0800,9.21,95.85,0.0,-0.0,0.0,312.55,1.31,350.0,77380.0
20190113:0900,8.81,92.45,0.0,-0.0,0.0,300.35,1.24,353.0,77350.0
20190113:1000,8.88,95.85,0.0,-0.0,0.0,320.1,1.17,353.0,77380.0
20190113:1100,9.07,99.4,0.0,-0.0,0.0,326.85,1.1,356.0,77370.0
20190113:1200,9.2,99.4,0.0,-0.0,0.0,325.9,1.1,356.0,77400.0
20190113:1300,9.13,99.4,0.0,-0.0,0.0,326.65,1.17,351.0,77420.0
20190113:1400,9.68,95.85,76.5,128.16,55.95,331.7,1.03,355.0,77460.0
20190113:1500,11.33,89.3,258.25,262.71,162.1,337.1,1.1,6.0,77500.0
20190113:1600,12.76,86.25,377.45,301.52,215.1,329.0,0.83,15.0,77530.0
20190113:1700,14.19,77.65,517.9,383.38,262.6,329.95,0.69,23.0,77530.0
20190113:1800,15.56,72.45,526.15,400.0,230.25,334.2,0.76,31.0,77460.0
20190113:1900,15.83,65.15,579.9,507.81,196.55,322.05,0.69,48.0,77370.0
20190113:2000,16.28,65.15,467.0,312.1,245.3,328.2,0.34,50.0,77310.0
20190113:2100,16.61,65.25,289.45,255.61,133.75,331.3,0.07,253.0,77260.0
20190113:2200,15.02,65.05,218.2,304.5,78.7,328.2,0.97,323.0,77240.0
20190113:2300,14.26,72.3,78.6,150.39,38.35,295.9,0.41,311.0,77290.0
20190114:0000,13.52,77.6,1.55,0.0,1.55,297.65,0.41,113.0,77330.0
20190114:0100,12.72,89.4,0.0,-0.0,0.0,321.35,0.41,76.0,77390.0
20190114:0200,11.79,89.35,0.0,-0.0,0.0,317.55,1.03,21.0,77420.0
20190114:0300,11.13,92.55,0.0,-0.0,0.0,323.4,1.31,19.0,77470.0
20190114:0400,10.44,92.5,0.0,-0.0,0.0,312.75,1.38,6.0,77500.0
20190114:0500,9.32,92.45,0.0,-0.0,0.0,289.7,1.52,358.0,77550.0
20190114:0600,8.57,95.85,0.0,-0.0,0.0,291.65,1.59,355.0,77550.0
20190114:0700,8.28,95.85,0.0,-0.0,0.0,314.5,1.38,11.0,77510.0
20190114:0800,8.36,95.85,0.0,-0.0,0.0,319.1,1.31,12.0,77520.0
20190114:0900,8.3,95.85,0.0,-0.0,0.0,317.55,1.38,10.0,77490.0
20190114:1000,8.29,95.85,0.0,-0.0,0.0,319.9,1.38,11.0,77500.0
20190114:1100,8.57,99.4,0.0,-0.0,0.0,332.85,1.38,10.0,77500.0
20190114:1200,8.3,95.85,0.0,-0.0,0.0,315.45,1.52,9.0,77510.0
20190114:1300,8.04,95.8,0.0,-0.0,0.0,310.8,1.59,12.0,77560.0
20190114:1400,8.17,95.8,138.4,222.72,102.7,307.5,1.79,13.0,77580.0
20190114:1500,9.13,89.1,339.55,421.74,185.05,309.45,2.07,16.0,77610.0
20190114:1600,11.16,74.45,535.35,571.65,227.1,294.75,1.79,15.0,77620.0
20190114:1700,13.31,60.2,731.65,884.27,141.7,305.4,1.86,2.0,77590.0
20190114:1800,15.34,52.25,810.15,914.65,132.0,291.45,2.14,0.0,77540.0
20190114:1900,17.0,47.15,680.25,715.88,138.35,283.9,2.83,12.0,77430.0
20190114:2000,17.39,42.3,718.7,842.19,118.45,294.15,2.69,8.0,77330.0
20190114:2100,18.28,39.4,505.05,612.39,130.45,282.15,2.07,15.0,77270.0
20190114:2200,18.24,37.95,239.55,276.15,112.3,289.7,1.1,14.0,77220.0
20190114:2300,17.79,36.4,101.5,156.31,59.25,310.6,0.48,29.0,77220.0
20190115:0000,16.66,42.05,2.05,0.0,2.05,293.75,0.14,129.0,77230.0
20190115:0100,15.32,46.75,0.0,-0.0,0.0,290.2,0.28,115.0,77290.0
20190115:0200,14.08,52.0,0.0,-0.0,0.0,288.95,0.41,349.0,77360.0
20190115:0300,12.22,64.45,0.0,-0.0,0.0,303.05,1.1,5.0,77420.0
20190115:0400,11.33,64.35,0.0,-0.0,0.0,279.25,1.1,10.0,77460.0
20190115:0500,9.67,77.0,0.0,-0.0,0.0,273.05,1.31,347.0,77500.0
20190115:0600,8.51,82.75,0.0,-0.0,0.0,272.3,1.45,347.0,77550.0
20190115:0700,8.43,82.75,0.0,-0.0,0.0,271.1,1.24,7.0,77530.0
20190115:0800,8.17,85.85,0.0,-0.0,0.0,267.05,1.17,24.0,77510.0
20190115:0900,8.2,89.05,0.0,-0.0,0.0,257.75,1.03,23.0,77480.0
20190115:1000,7.47,92.35,0.0,-0.0,0.0,256.6,0.9,6.0,77490.0
20190115:1100,7.0,95.8,0.0,-0.0,0.0,254.65,0.97,10.0,77470.0
20190115:1200,6.55,99.4,0.0,-0.0,0.0,262.05,0.83,32.0,77470.0
20190115:1300,6.05,99.4,0.0,-0.0,0.0,270.95,0.55,49.0,77490.0
20190115:1400,6.05,99.4,182.95,456.31,109.8,288.95,0.41,58.0,77540.0
20190115:1500,8.42,89.1,435.0,861.31,119.1,301.1,0.48,20.0,77560.0
20190115:1600,11.93,69.35,670.7,1091.38,81.25,276.75,0.69,356.0,77560.0
20190115:1700,14.58,58.25,760.65,961.13,118.15,262.2,0.55,331.0,77540.0
20190115:1800,16.49,50.6,617.55,543.74,213.45,287.2,0.69,321.0,77460.0
20190115:1900,17.03,50.75,606.1,529.9,203.85,320.85,0.62,318.0,77360.0
20190115:2000,17.66,47.3,451.3,303.78,234.05,305.2,0.83,321.0,77280.0
20190115:2100,17.8,47.3,401.45,387.33,163.5,318.95,1.1,321.0,77200.0
20190115:2200,17.92,44.05,218.9,211.11,121.05,327.25,1.24,326.0,77200.0
20190115:2300,17.32,47.15,105.65,208.64,48.7,329.0,1.1,307.0,77200.0
20190116:0000,16.28,52.4,2.1,0.0,2.1,312.35,0.55,277.0,77230.0
20190116:0100,15.1,58.35,0.0,-0.0,0.0,311.7,0.48,280.0,77310.0
20190116:0200,14.31,60.4,0.0,-0.0,0.0,311.4,0.76,322.0,77370.0
20190116:0300,13.47,67.15,0.0,-0.0,0.0,329.2,0.9,336.0,77430.0
20190116:0400,12.46,72.05,0.0,-0.0,0.0,323.55,1.03,325.0,77460.0
20190116:0500,11.4,77.3,0.0,-0.0,0.0,308.1,1.17,330.0,77490.0
20190116:0600,10.67,83.0,0.0,-0.0,0.0,292.2,1.1,342.0,77480.0
20190116:0700,10.68,77.15,0.0,-0.0,0.0,272.85,0.9,346.0,77510.0
20190116:0800,9.98,79.95,0.0,-0.0,0.0,259.3,0.76,356.0,77490.0
20190116:0900,9.43,85.95,0.0,-0.0,0.0,266.1,0.76,5.0,77470.0
20190116:1000,8.94,89.1,0.0,-0.0,0.0,253.5,0.69,13.0,77460.0
20190116:1100,8.63,92.4,0.0,-0.0,0.0,258.55,0.48,23.0,77450.0
20190116:1200,8.38,89.1,0.0,-0.0,0.0,255.25,0.28,52.0,77450.0
20190116:1300,8.04,92.4,0.0,-0.0,0.0,251.95,0.21,100.0,77500.0
20190116:1400,8.1,89.05,233.45,949.17,81.2,251.0,0.48,104.0,77530.0
20190116:1500,11.0,80.1,452.2,922.47,113.4,255.25,0.21,144.0,77520.0
20190116:1600,14.3,60.3,637.05,905.73,147.0,263.6,0.21,239.0,77540.0
20190116:1700,16.36,50.6,736.7,778.71,215.05,273.65,0.34,307.0,77530.0
20190116:1800,17.78,45.55,726.2,617.51,266.15,283.7,0.69,349.0,77470.0
20190116:1900,19.23,41.15,699.85,538.69,289.75,308.5,0.97,14.0,77350.0
20190116:2000,19.91,37.1,539.35,364.95,277.45,311.55,0.69,24.0,77230.0
20190116:2100,20.04,35.75,390.15,259.16,230.25,328.0,0.34,26.0,77160.0
20190116:2200,19.74,35.6,231.6,150.24,161.55,326.65,0.34,258.0,77130.0
20190116:2300,18.87,38.2,67.5,64.39,49.75,317.2,0.97,232.0,77160.0
20190117:0000,17.03,48.9,2.35,0.0,2.35,311.75,0.9,221.0,77210.0
20190117:0100,14.57,67.35,0.0,-0.0,0.0,295.45,0.69,238.0,77290.0
20190117:0200,13.52,64.75,0.0,-0.0,0.0,295.7,0.76,268.0,77380.0
20190117:0300,12.02,74.6,0.0,-0.0,0.0,310.8,1.17,307.0,77460.0
20190117:0400,10.44,83.0,0.0,-0.0,0.0,299.2,1.59,317.0,77500.0
20190117:0500,9.59,89.15,0.0,-0.0,0.0,296.65,1.66,328.0,77530.0
20190117:0600,9.33,89.15,0.0,-0.0,0.0,299.0,1.38,338.0,77540.0
20190117:0700,10.7,80.05,0.0,-0.0,0.0,293.75,0.9,332.0,77480.0
20190117:0800,10.28,83.0,0.0,-0.0,0.0,281.4,0.62,321.0,77450.0
20190117:0900,10.02,86.0,0.0,-0.0,0.0,288.55,0.14,355.0,77410.0
20190117:1000,9.87,86.0,0.0,-0.0,0.0,283.3,0.28,184.0,77390.0
20190117:1100,9.63,85.95,0.0,-0.0,0.0,274.6,0.28,172.0,77390.0
20190117:1200,9.4,85.95,0.0,-0.0,0.0,278.5,0.28,137.0,77410.0
20190117:1300,9.19,89.1,0.0,-0.0,0.0,271.5,0.34,60.0,77440.0
20190117:1400,9.26,85.95,192.85,510.03,110.95,276.35,0.48,31.0,77490.0
20190117:1500,10.98,86.1,394.25,621.7,165.55,275.75,0.41,8.0,77520.0
20190117:1600,13.92,62.55,558.6,653.03,204.6,288.15,0.28,300.0,77530.0
20190117:1700,15.82,58.35,567.8,433.29,276.9,293.4,0.55,264.0,77530.0
20190117:1800,17.01,50.75,535.9,276.27,329.55,316.2,0.69,295.0,77450.0
20190117:1900,18.23,45.7,404.2,135.55,300.7,335.0,0.97,360.0,77340.0
20190117:2000,18.37,42.6,325.7,51.59,288.55,346.2,0.69,349.0,77250.0
20190117:2100,18.34,44.05,247.65,78.83,198.8,350.1,0.48,296.0,77160.0
20190117:2200,17.9,44.05,180.9,111.72,128.5,346.0,0.69,228.0,77140.0
20190117:2300,17.28,48.9,78.0,104.89,48.8,333.65,1.24,211.0,77170.0
20190118:0000,16.15,56.35,2.65,0.0,2.65,322.6,1.45,214.0,77230.0
20190118:0100,14.38,62.65,0.0,-0.0,0.0,299.3,1.38,212.0,77300.0
20190118:0200,13.18,72.1,0.0,-0.0,0.0,288.75,0.97,198.0,77340.0
20190118:0300,13.19,72.1,0.0,-0.0,0.0,285.05,0.69,210.0,77410.0
20190118:0400,12.47,74.7,0.0,-0.0,0.0,293.55,0.62,261.0,77440.0
20190118:0500,11.86,77.35,0.0,-0.0,0.0,308.85,0.9,291.0,77440.0
20190118:0600,11.23,83.05,0.0,-0.0,0.0,299.2,0.97,292.0,77450.0
20190118:0700,11.97,74.6,0.0,-0.0,0.0,315.65,0.83,300.0,77400.0
20190118:0800,11.75,77.3,0.0,-0.0,0.0,309.25,0.48,278.0,77360.0
20190118:0900,11.56,80.15,0.0,-0.0,0.0,306.35,0.34,241.0,77320.0
20190118:1000,11.32,80.15,0.0,-0.0,0.0,301.3,0.34,210.0,77300.0
20190118:1100,10.98,80.1,0.0,-0.0,0.0,298.6,0.55,210.0,77270.0
20190118:1200,10.58,83.0,0.0,-0.0,0.0,284.65,0.55,210.0,77300.0
20190118:1300,10.04,86.0,0.0,-0.0,0.0,262.8,0.55,204.0,77320.0
20190118:1400,9.8,86.0,214.05,747.06,93.9,261.65,0.55,187.0,77370.0
20190118:1500,11.39,83.1,409.7,713.5,146.75,268.2,0.62,213.0,77400.0
20190118:1600,14.5,62.65,557.35,703.61,175.15,279.25,1.1,218.0,77420.0
20190118:1700,16.26,56.35,641.8,573.16,256.1,287.4,1.52,216.0,77410.0
20190118:1800,17.59,49.05,724.75,668.33,224.25,308.3,1.72,215.0,77340.0
20190118:1900,19.04,41.15,622.15,486.44,249.6,311.2,1.38,218.0,77200.0
20190118:2000,19.38,39.8,618.4,618.4,171.45,320.3,1.86,220.0,77090.0
20190118:2100,19.39,39.8,412.45,396.9,165.4,323.4,2.34,224.0,77040.0
20190118:2200,18.7,42.6,210.95,147.94,141.15,311.55,2.28,227.0,77030.0
20190118:2300,17.82,45.55,108.65,191.39,54.85,333.05,2.0,229.0,77060.0
20190119:0000,16.72,52.5,3.0,0.0,3.0,313.7,1.38,226.0,77080.0
20190119:0100,15.13,62.75,0.0,-0.0,0.0,304.15,1.03,209.0,77130.0
20190119:0200,14.81,60.4,0.0,-0.0,0.0,289.3,0.76,192.0,77180.0
20190119:0300,14.37,60.4,0.0,-0.0,0.0,293.95,0.62,204.0,77250.0
20190119:0400,13.81,64.75,0.0,-0.0,0.0,284.5,0.62,209.0,77300.0
20190119:0500,13.05,67.05,0.0,-0.0,0.0,287.4,0.69,214.0,77330.0
20190119:0600,12.1,71.95,0.0,-0.0,0.0,285.45,0.55,213.0,77320.0
20190119:0700,11.58,69.25,0.0,-0.0,0.0,272.65,0.62,220.0,77250.0
20190119:0800,10.64,74.4,0.0,-0.0,0.0,268.8,0.62,208.0,77260.0
20190119:0900,9.97,77.1,0.0,-0.0,0.0,267.85,0.55,198.0,77210.0
20190119:1000,9.53,77.0,0.0,-0.0,0.0,259.1,0.48,195.0,77230.0
20190119:1100,9.14,79.85,0.0,-0.0,0.0,254.1,0.48,189.0,77210.0
20190119:1200,8.98,79.85,0.0,-0.0,0.0,258.75,0.41,175.0,77260.0
20190119:1300,8.77,76.95,0.0,-0.0,0.0,255.65,0.34,165.0,77280.0
20190119:1400,9.12,79.85,217.65,780.27,91.9,254.3,0.34,143.0,77320.0
20190119:1500,12.92,67.05,447.8,906.89,112.9,257.6,0.34,351.0,77360.0
20190119:1600,16.19,50.5,648.6,965.93,122.75,266.5,1.86,354.0,77390.0
20190119:1700,17.73,42.3,755.4,848.4,183.1,274.4,2.48,1.0,77390.0
20190119:1800,18.79,39.55,790.85,743.76,232.35,285.45,3.17,1.0,77320.0
20190119:1900,19.63,35.6,652.95,456.62,302.15,290.85,2.34,6.0,77240.0
20190119:2000,19.97,33.15,493.05,298.05,276.85,313.9,1.66,3.0,77140.0
20190119:2100,19.98,33.15,306.45,227.19,164.4,329.2,1.38,356.0,77070.0
20190119:2200,19.48,34.3,135.6,40.98,116.15,339.25,1.52,334.0,77050.0
20190119:2300,18.87,35.45,62.7,31.71,53.7,342.75,1.66,335.0,77090.0
20190120:0000,17.62,43.9,3.05,0.0,3.05,331.3,1.79,9.0,77130.0
20190120:0100,14.77,52.15,0.0,-0.0,0.0,317.3,2.14,25.0,77220.0
20190120:0200,12.87,60.05,0.0,-0.0,0.0,299.4,1.93,17.0,77320.0
20190120:0300,11.44,71.85,0.0,-0.0,0.0,301.7,1.79,6.0,77420.0
20190120:0400,10.64,80.05,0.0,-0.0,0.0,309.25,1.86,355.0,77490.0
20190120:0500,9.93,82.95,0.0,-0.0,0.0,304.6,1.93,357.0,77520.0
20190120:0600,9.24,92.45,0.0,-0.0,0.0,299.95,2.07,2.0,77530.0
20190120:0700,8.64,92.4,0.0,-0.0,0.0,293.75,1.79,2.0,77470.0
20190120:0800,8.32,92.4,0.0,-0.0,0.0,299.75,1.93,2.0,77480.0
20190120:0900,8.47,92.4,0.0,-0.0,0.0,321.25,1.93,4.0,77470.0
20190120:1000,7.98,95.8,0.0,-0.0,0.0,310.6,1.86,2.0,77500.0
20190120:1100,7.47,95.8,0.0,-0.0,0.0,307.5,1.86,359.0,77490.0
20190120:1200,6.95,95.8,0.0,-0.0,0.0,303.85,1.93,360.0,77520.0
20190120:1300,6.65,95.8,0.0,-0.0,0.0,309.65,1.86,2.0,77550.0
20190120:1400,6.67,92.3,202.05,675.86,92.85,295.1,1.86,5.0,77590.0
20190120:1500,8.11,79.7,437.25,856.76,120.15,295.7,2.21,3.0,77630.0
20190120:1600,10.62,64.1,685.7,1084.27,94.05,273.45,2.28,3.0,77630.0
20190120:1700,13.25,51.75,829.8,1091.21,91.85,245.2,2.21,5.0,77610.0
20190120:1800,15.31,41.75,884.8,1046.39,96.85,248.85,1.93,8.0,77540.0
20190120:1900,17.12,36.3,873.9,1007.09,97.75,255.85,1.52,4.0,77440.0
20190120:2000,18.19,32.65,785.75,965.57,82.75,257.95,1.45,2.0,77340.0
20190120:2100,18.8,30.35,614.95,841.0,86.75,259.3,1.45,356.0,77270.0
20190120:2200,18.87,28.25,392.65,653.94,80.4,260.1,1.31,352.0,77260.0
20190120:2300,18.37,28.1,154.65,383.96,44.6,262.2,1.17,340.0,77270.0
20190121:0000,17.04,33.6,3.55,0.0,3.55,257.95,0.97,332.0,77280.0
20190121:0100,14.69,46.6,0.0,-0.0,0.0,250.9,0.83,316.0,77350.0
20190121:0200,13.1,46.2,0.0,-0.0,0.0,247.5,1.03,322.0,77410.0
20190121:0300,12.25,49.6,0.0,-0.0,0.0,243.25,1.1,332.0,77470.0
20190121:0400,11.15,53.25,0.0,-0.0,0.0,237.85,0.97,345.0,77520.0
20190121:0500,10.11,57.15,0.0,-0.0,0.0,233.6,0.9,353.0,77540.0
20190121:0600,9.21,61.45,0.0,-0.0,0.0,229.7,0.76,3.0,77530.0
20190121:0700,8.72,61.3,0.0,-0.0,0.0,223.5,0.83,12.0,77460.0
20190121:0800,7.86,63.6,0.0,-0.0,0.0,220.2,0.76,15.0,77470.0
20190121:0900,6.96,68.4,0.0,-0.0,0.0,217.9,0.69,29.0,77430.0
20190121:1000,6.22,70.85,0.0,-0.0,0.0,215.0,0.69,37.0,77430.0
20190121:1100,5.45,73.55,0.0,-0.0,0.0,211.7,0.76,48.0,77410.0
20190121:1200,4.78,73.45,0.0,-0.0,0.0,208.4,0.76,60.0,77440.0
20190121:1300,4.33,68.0,0.0,-0.0,0.0,205.7,0.76,59.0,77490.0
20190121:1400,4.95,68.0,272.8,1269.45,67.07,203.95,0.83,56.0,77520.0
20190121:1500,8.61,68.7,516.5,1185.91,76.5,208.2,0.62,27.0,77510.0
20190121:1600,14.06,41.5,716.85,1151.43,87.0,214.6,0.97,359.0,77500.0
20190121:1700,16.55,36.15,851.9,1119.24,93.0,224.85,0.97,349.0,77490.0
20190121:1800,18.37,31.55,913.5,1083.04,95.6,234.75,0.69,339.0,77410.0
20190121:1900,19.51,29.5,892.95,1032.37,94.75,240.15,0.34,289.0,77310.0
20190121:2000,20.35,28.5,800.05,975.38,87.25,245.95,0.48,247.0,77210.0
20190121:2100,20.73,26.55,630.15,865.73,83.95,250.6,0.69,225.0,77140.0
20190121:2200,20.55,25.55,399.6,665.02,80.15,252.15,0.83,210.0,77100.0
20190121:2300,19.66,27.3,157.3,383.22,46.4,255.05,1.1,204.0,77110.0
20190122:0000,17.63,36.4,3.8,0.0,3.8,252.55,1.17,206.0,77140.0
20190122:0100,15.03,46.75,0.0,-0.0,0.0,247.45,1.38,204.0,77190.0
20190122:0200,12.86,51.75,0.0,-0.0,0.0,244.8,1.45,198.0,77260.0
20190122:0300,12.71,51.65,0.0,-0.0,0.0,242.5,1.31,188.0,77310.0
20190122:0400,12.53,49.7,0.0,-0.0,0.0,240.95,1.17,182.0,77360.0
20190122:0500,11.2,55.3,0.0,-0.0,0.0,239.0,1.17,176.0,77370.0
20190122:0600,9.99,59.35,0.0,-0.0,0.0,238.2,1.24,173.0,77370.0
20190122:0700,7.69,65.95,0.0,-0.0,0.0,235.3,1.45,177.0,77310.0
20190122:0800,6.92,65.85,0.0,-0.0,0.0,234.35,1.52,177.0,77300.0
20190122:0900,6.52,65.75,0.0,-0.0,0.0,232.2,1.52,174.0,77250.0
20190122:1000,6.23,65.65,0.0,-0.0,0.0,229.3,1.45,174.0,77260.0
20190122:1100,6.24,60.85,0.0,-0.0,0.0,226.8,1.38,175.0,77240.0
20190122:1200,6.07,63.15,0.0,-0.0,0.0,224.1,1.38,174.0,77270.0
20190122:1300,6.06,60.75,0.0,-0.0,0.0,222.15,1.31,174.0,77300.0
20190122:1400,6.6,58.55,265.5,1269.23,59.09,221.2,1.17,173.0,77350.0
20190122:1500,11.02,55.3,504.15,1150.23,76.25,226.05,1.03,181.0,77360.0
20190122:1600,15.92,25.35,700.45,1119.26,86.6,234.35,1.59,203.0,77360.0
20190122:1700,17.7,22.0,832.95,1088.91,92.6,243.65,1.72,205.0,77350.0
20190122:1800,19.05,19.85,896.15,1057.34,95.3,251.4,1.86,203.0,77280.0
20190122:1900,20.43,15.3,876.35,1007.84,94.55,253.3,2.28,201.0,77170.0
20190122:2000,21.04,14.8,779.75,939.87,90.3,257.4,3.17,204.0,77070.0
20190122:2100,21.04,15.4,614.8,839.85,82.5,260.65,3.59,204.0,77020.0
20190122:2200,20.44,17.25,397.4,678.42,69.55,263.0,3.24,202.0,77020.0
20190122:2300,19.28,19.85,156.75,380.43,45.6,263.4,2.97,200.0,77040.0
20190123:0000,17.3,27.7,3.9,0.0,3.9,261.85,2.34,196.0,77070.0
20190123:0100,14.76,31.8,0.0,-0.0,0.0,258.05,2.14,190.0,77150.0
20190123:0200,12.37,41.1,0.0,-0.0,0.0,255.45,1.86,186.0,77200.0
20190123:0300,10.37,49.2,0.0,-0.0,0.0,252.55,1.79,187.0,77240.0
20190123:0400,9.24,54.8,0.0,-0.0,0.0,250.8,1.72,192.0,77290.0
20190123:0500,8.63,56.8,0.0,-0.0,0.0,249.85,1.59,197.0,77300.0
20190123:0600,8.3,59.0,0.0,-0.0,0.0,248.85,1.52,193.0,77310.0
20190123:0700,8.28,59.0,0.0,-0.0,0.0,248.1,1.66,192.0,77230.0
20190123:0800,8.2,63.6,0.0,-0.0,0.0,247.5,1.52,197.0,77250.0
20190123:0900,8.61,63.7,0.0,-0.0,0.0,246.15,1.31,193.0,77220.0
20190123:1000,8.08,66.05,0.0,-0.0,0.0,248.5,1.31,190.0,77220.0
20190123:1100,7.82,68.6,0.0,-0.0,0.0,245.6,1.31,190.0,77210.0
20190123:1200,7.81,71.25,0.0,-0.0,0.0,245.2,1.24,190.0,77220.0
20190123:1300,7.53,73.9,0.0,-0.0,0.0,247.3,1.24,191.0,77270.0
20190123:1400,7.73,76.7,252.95,1186.64,59.2,243.85,1.17,185.0,77300.0
20190123:1500,11.31,69.25,486.05,1093.06,78.25,249.05,1.24,195.0,77310.0
20190123:1600,16.15,46.9,680.25,1075.11,89.0,257.6,1.79,209.0,77320.0
20190123:1700,18.12,39.4,812.9,1052.19,95.5,266.3,2.14,210.0,77300.0
20190123:1800,19.69,34.3,873.55,1021.64,97.4,273.65,2.48,212.0,77230.0
20190123:1900,21.13,29.9,822.35,876.06,140.5,280.4,2.28,226.0,77060.0
20190123:2000,21.73,27.85,655.05,623.54,195.9,293.4,2.83,233.0,77000.0
20190123:2100,21.46,25.8,522.75,615.58,130.8,301.1,3.31,229.0,76970.0
20190123:2200,21.03,27.7,303.35,376.31,120.4,298.4,2.76,220.0,76960.0
20190123:2300,19.6,34.3,146.15,324.62,50.4,307.5,2.28,207.0,77000.0
20190124:0000,18.08,40.9,4.0,0.0,4.0,281.0,1.72,203.0,77050.0
20190124:0100,15.78,54.25,0.0,-0.0,0.0,276.45,1.24,218.0,77120.0
20190124:0200,15.34,54.25,0.0,-0.0,0.0,272.1,0.62,239.0,77200.0
20190124:0300,14.83,54.25,0.0,-0.0,0.0,278.85,0.14,300.0,77230.0
20190124:0400,14.35,56.15,0.0,-0.0,0.0,273.65,0.07,189.0,77270.0
20190124:0500,13.32,60.2,0.0,-0.0,0.0,264.95,0.21,181.0,77280.0
20190124:0600,12.35,64.55,0.0,-0.0,0.0,262.4,0.69,159.0,77250.0
20190124:0700,11.52,69.25,0.0,-0.0,0.0,262.4,0.76,174.0,77190.0
20190124:0800,10.87,71.75,0.0,-0.0,0.0,258.75,0.83,169.0,77160.0
20190124:0900,10.35,71.7,0.0,-0.0,0.0,257.95,0.9,173.0,77140.0
20190124:1000,9.93,74.3,0.0,-0.0,0.0,257.2,1.03,182.0,77160.0
20190124:1100,9.48,77.0,0.0,-0.0,0.0,256.6,1.17,181.0,77150.0
20190124:1200,8.61,79.75,0.0,-0.0,0.0,254.85,1.31,179.0,77150.0
20190124:1300,7.27,82.65,0.0,-0.0,0.0,252.95,1.45,181.0,77180.0
20190124:1400,7.32,82.65,251.35,1167.67,59.85,251.4,1.45,184.0,77230.0
20190124:1500,12.14,71.95,484.1,1081.57,79.35,254.85,1.59,194.0,77260.0
20190124:1600,16.11,50.5,678.6,1065.78,90.8,261.85,2.21,201.0,77280.0
20190124:1700,18.02,40.9,813.65,1048.25,96.85,269.75,2.55,203.0,77270.0
20190124:1800,19.57,35.6,875.9,1019.67,98.85,275.95,2.69,206.0,77200.0
20190124:1900,20.93,31.05,809.75,850.56,145.5,281.95,3.17,214.0,77080.0
20190124:2000,21.31,31.05,697.45,785.91,116.5,294.55,3.66,220.0,77030.0
20190124:2100,20.89,31.05,505.05,606.73,116.95,299.2,3.86,225.0,77000.0
20190124:2200,20.25,33.15,348.35,538.56,84.95,295.9,3.52,224.0,77010.0
20190124:2300,19.6,34.3,146.3,326.94,48.95,294.35,2.9,220.0,77040.0
20190125:0000,18.33,40.9,4.4,0.0,4.4,296.3,1.86,203.0,77060.0
20190125:0100,16.27,52.4,0.0,-0.0,0.0,279.35,1.45,192.0,77140.0
20190125:0200,14.28,58.1,0.0,-0.0,0.0,269.0,1.24,201.0,77190.0
20190125:0300,13.63,60.2,0.0,-0.0,0.0,263.4,1.17,201.0,77260.0
20190125:0400,13.49,58.0,0.0,-0.0,0.0,261.45,1.03,198.0,77290.0
20190125:0500,12.5,62.2,0.0,-0.0,0.0,259.9,0.9,200.0,77280.0
20190125:0600,11.51,66.75,0.0,-0.0,0.0,256.8,0.9,191.0,77260.0
20190125:0700,12.19,64.45,0.0,-0.0,0.0,256.05,0.9,191.0,77170.0
20190125:0800,11.5,66.75,0.0,-0.0,0.0,255.65,0.97,200.0,77220.0
20190125:0900,10.66,71.7,0.0,-0.0,0.0,255.65,0.83,198.0,77230.0
20190125:1000,9.8,71.6,0.0,-0.0,0.0,256.05,0.83,189.0,77240.0
20190125:1100,9.2,76.95,0.0,-0.0,0.0,262.05,0.83,183.0,77240.0
20190125:1200,8.68,79.75,0.0,-0.0,0.0,254.65,0.76,182.0,77270.0
20190125:1300,8.39,79.75,0.0,-0.0,0.0,258.95,0.55,176.0,77320.0
20190125:1400,8.72,79.75,249.95,1147.71,60.8,254.85,0.34,150.0,77380.0
20190125:1500,13.81,60.3,482.8,1073.38,79.8,257.4,0.07,280.0,77380.0
20190125:1600,16.69,47.0,676.65,1058.26,91.25,264.95,0.62,258.0,77390.0
20190125:1700,18.81,39.55,795.05,1012.89,100.35,273.25,1.1,222.0,77370.0
20190125:1800,20.47,32.1,870.75,986.96,116.25,281.75,1.72,212.0,77270.0
20190125:1900,22.19,25.95,863.4,978.82,96.35,282.55,3.45,214.0,77120.0
20190125:2000,22.79,24.15,706.35,793.37,117.6,284.3,4.07,224.0,77040.0
20190125:2100,22.68,25.1,500.8,538.97,154.45,299.55,4.48,226.0,76970.0
20190125:2200,21.65,28.9,391.7,640.32,76.65,302.65,3.86,217.0,76980.0
20190125:2300,20.67,32.1,160.3,376.97,47.0,285.45,3.24,213.0,77010.0
20190126:0000,18.8,38.1,4.7,0.0,4.7,280.8,2.34,201.0,77060.0
20190126:0100,16.3,46.9,0.0,-0.0,0.0,272.6,2.07,196.0,77130.0
20190126:0200,13.93,53.95,0.0,-0.0,0.0,266.85,1.72,194.0,77170.0
20190126:0300,12.45,59.95,0.0,-0.0,0.0,262.8,1.52,193.0,77220.0
20190126:0400,11.98,59.85,0.0,-0.0,0.0,259.15,1.38,195.0,77250.0
20190126:0500,11.38,59.7,0.0,-0.0,0.0,256.8,1.38,198.0,77260.0
20190126:0600,10.89,61.85,0.0,-0.0,0.0,259.1,1.38,204.0,77230.0
20190126:0700,10.54,64.1,0.0,-0.0,0.0,260.65,1.52,213.0,77190.0
20190126:0800,9.88,66.45,0.0,-0.0,0.0,259.9,1.52,213.0,77170.0
20190126:0900,9.59,66.35,0.0,-0.0,0.0,257.2,1.52,210.0,77160.0
20190126:1000,9.1,68.8,0.0,-0.0,0.0,249.05,1.52,206.0,77170.0
20190126:1100,8.48,71.35,0.0,-0.0,0.0,247.5,1.59,203.0,77140.0
20190126:1200,7.79,71.25,0.0,-0.0,0.0,245.4,1.66,199.0,77170.0
20190126:1300,7.17,76.65,0.0,-0.0,0.0,243.05,1.66,199.0,77170.0
20190126:1400,7.68,73.9,263.85,1245.69,57.45,239.95,1.59,198.0,77220.0
20190126:1500,12.01,64.45,499.05,1137.09,70.65,244.4,1.66,197.0,77220.0
20190126:1600,16.0,43.5,692.7,1097.87,83.5,254.5,2.21,203.0,77230.0
20190126:1700,17.81,39.25,822.0,1054.54,96.5,263.0,2.41,208.0,77200.0
20190126:1800,19.29,35.45,883.2,1022.51,99.0,271.9,2.76,216.0,77130.0
20190126:1900,20.7,32.1,866.9,977.96,97.85,278.1,3.52,225.0,77010.0
20190126:2000,21.19,31.05,770.2,891.68,105.9,281.4,4.07,223.0,76890.0
20190126:2100,21.13,31.05,609.8,812.03,85.55,283.7,4.41,219.0,76810.0
20190126:2200,20.61,30.9,394.15,635.9,79.4,281.4,4.48,214.0,76800.0
20190126:2300,19.5,31.8,165.65,390.79,47.1,280.05,4.0,210.0,76800.0
20190127:0000,17.81,37.8,4.95,0.0,4.95,272.85,2.97,200.0,76830.0
20190127:0100,15.69,45.05,0.0,-0.0,0.0,265.05,2.48,192.0,76870.0
20190127:0200,13.58,50.0,0.0,-0.0,0.0,259.1,2.07,195.0,76930.0
20190127:0300,11.27,61.85,0.0,-0.0,0.0,256.05,2.07,191.0,76990.0
20190127:0400,9.5,68.9,0.0,-0.0,0.0,254.1,1.93,190.0,77040.0
20190127:0500,8.84,71.4,0.0,-0.0,0.0,252.95,1.79,194.0,77080.0
20190127:0600,8.69,71.35,0.0,-0.0,0.0,251.6,1.66,198.0,77070.0
20190127:0700,9.99,66.45,0.0,-0.0,0.0,251.2,1.38,204.0,76990.0
20190127:0800,10.65,64.1,0.0,-0.0,0.0,249.25,1.24,212.0,76990.0
20190127:0900,10.43,64.1,0.0,-0.0,0.0,247.7,1.1,226.0,76990.0
20190127:1000,10.08,66.45,0.0,-0.0,0.0,246.15,1.03,235.0,76980.0
20190127:1100,9.76,68.9,0.0,-0.0,0.0,246.75,0.83,252.0,76990.0
20190127:1200,9.32,68.9,0.0,-0.0,0.0,243.65,0.76,285.0,77030.0
20190127:1300,8.77,74.15,0.0,-0.0,0.0,247.7,1.03,321.0,77100.0
20190127:1400,8.57,76.85,253.2,1134.99,64.05,247.5,1.24,344.0,77140.0
20190127:1500,11.12,71.75,415.65,828.16,102.5,261.45,2.07,355.0,77200.0
20190127:1600,13.05,62.3,474.95,525.97,182.15,277.9,2.55,359.0,77260.0
20190127:1700,13.95,56.0,728.5,805.68,172.45,303.85,2.76,358.0,77290.0
20190127:1800,15.47,48.55,793.15,827.99,156.05,293.2,2.83,356.0,77250.0
20190127:1900,16.89,33.6,815.55,864.33,133.45,273.25,2.76,351.0,77140.0
20190127:2000,17.73,27.85,752.3,868.98,102.35,274.6,2.9,354.0,77090.0
20190127:2100,18.11,24.9,627.1,833.63,86.4,261.05,2.9,354.0,77000.0
20190127:2200,18.09,23.0,385.3,597.18,87.95,259.1,2.55,348.0,76970.0
20190127:2300,17.57,22.0,169.8,394.89,48.9,261.65,2.28,342.0,76950.0
20190128:0000,16.33,24.5,4.8,0.0,4.8,251.95,1.59,347.0,76980.0
20190128:0100,13.86,35.6,0.0,-0.0,0.0,248.2,1.03,345.0,77020.0
20190128:0200,12.85,32.65,0.0,-0.0,0.0,248.3,0.9,335.0,77070.0
20190128:0300,12.06,35.05,0.0,-0.0,0.0,245.2,1.03,341.0,77130.0
20190128:0400,10.93,40.65,0.0,-0.0,0.0,243.25,1.1,343.0,77160.0
20190128:0500,10.23,45.4,0.0,-0.0,0.0,241.9,0.69,313.0,77160.0
20190128:0600,9.46,47.05,0.0,-0.0,0.0,236.3,0.76,233.0,77110.0
20190128:0700,8.46,50.6,0.0,-0.0,0.0,237.45,1.45,185.0,77040.0
20190128:0800,5.95,63.15,0.0,-0.0,0.0,235.15,1.86,181.0,77010.0
20190128:0900,4.72,70.7,0.0,-0.0,0.0,234.35,1.93,183.0,77010.0
20190128:1000,4.16,76.25,0.0,-0.0,0.0,231.85,1.93,185.0,77000.0
20190128:1100,3.87,76.25,0.0,-0.0,0.0,229.7,1.86,186.0,77010.0
20190128:1200,3.66,79.15,0.0,-0.0,0.0,226.6,1.79,186.0,77030.0
20190128:1300,3.41,82.25,0.0,-0.0,0.0,224.1,1.72,188.0,77070.0
20190128:1400,4.67,79.3,268.6,1237.37,61.1,221.95,1.45,188.0,77090.0
20190128:1500,9.63,68.9,512.65,1143.1,78.75,225.05,1.52,195.0,77110.0
20190128:1600,13.92,44.75,713.15,1116.55,89.5,233.6,1.72,211.0,77110.0
20190128:1700,16.17,37.4,849.2,1086.57,96.85,243.05,1.79,217.0,77100.0
20190128:1800,18.07,31.4,913.7,1055.14,99.1,252.75,1.93,228.0,77040.0
20190128:1900,19.49,28.4,894.5,1005.57,98.1,258.35,2.41,227.0,76930.0
20190128:2000,20.45,26.55,798.65,938.58,93.85,264.95,2.83,229.0,76850.0
20190128:2100,21.0,24.7,634.5,842.04,85.8,268.4,3.03,227.0,76780.0
20190128:2200,20.68,26.55,416.5,685.98,72.9,269.0,3.38,222.0,76750.0
20190128:2300,19.28,31.65,173.3,404.75,48.25,267.25,2.83,214.0,76790.0
20190129:0000,17.26,40.6,5.65,0.0,5.65,264.15,2.41,207.0,76830.0
20190129:0100,14.68,46.6,0.0,-0.0,0.0,259.05,2.21,199.0,76940.0
20190129:0200,12.51,55.65,0.0,-0.0,0.0,254.3,1.93,193.0,77020.0
20190129:0300,10.29,66.55,0.0,-0.0,0.0,249.25,1.59,192.0,77090.0
20190129:0400,10.27,69.0,0.0,-0.0,0.0,245.75,1.17,193.0,77140.0
20190129:0500,9.73,68.9,0.0,-0.0,0.0,242.85,0.9,194.0,77180.0
20190129:0600,8.75,74.05,0.0,-0.0,0.0,240.15,0.76,187.0,77190.0
20190129:0700,8.45,74.05,0.0,-0.0,0.0,241.15,0.55,183.0,77140.0
20190129:0800,7.72,76.7,0.0,-0.0,0.0,240.35,0.41,159.0,77110.0
20190129:0900,7.2,79.55,0.0,-0.0,0.0,238.05,0.34,117.0,77100.0
20190129:1000,6.83,79.55,0.0,-0.0,0.0,236.65,0.41,98.0,77120.0
20190129:1100,6.65,82.55,0.0,-0.0,0.0,235.3,0.41,89.0,77120.0
20190129:1200,6.76,79.55,0.0,-0.0,0.0,234.15,0.48,63.0,77150.0
20190129:1300,7.13,76.65,0.0,-0.0,0.0,233.4,0.69,36.0,77200.0
20190129:1400,7.71,76.7,265.25,1209.63,61.05,233.0,0.69,32.0,77230.0
20190129:1500,10.47,74.4,506.7,1123.69,78.45,238.2,0.76,18.0,77230.0
20190129:1600,15.23,35.85,705.45,1097.98,90.05,246.15,1.24,19.0,77220.0
20190129:1700,16.87,31.15,841.4,1075.55,94.2,254.1,0.97,29.0,77200.0
20190129:1800,18.35,30.2,901.35,1032.98,101.15,263.6,0.41,131.0,77130.0
20190129:1900,19.56,28.4,888.1,996.3,96.2,268.4,1.59,179.0,76990.0
20190129:2000,20.68,27.6,790.7,923.97,94.1,271.9,2.69,190.0,76880.0
20190129:2100,21.01,27.7,623.95,813.84,91.15,275.75,3.31,196.0,76800.0
20190129:2200,20.62,29.75,411.65,669.54,74.3,278.65,3.59,197.0,76790.0
20190129:2300,19.43,31.8,171.85,393.1,49.3,274.8,3.59,196.0,76810.0
20190130:0000,17.41,36.4,5.85,0.0,5.85,269.75,2.76,194.0,76880.0
20190130:0100,14.77,43.25,0.0,-0.0,0.0,261.35,2.41,196.0,76930.0
20190130:0200,12.95,49.85,0.0,-0.0,0.0,256.6,2.34,201.0,77000.0
20190130:0300,11.01,57.4,0.0,-0.0,0.0,251.0,2.14,201.0,77070.0
20190130:0400,9.04,66.25,0.0,-0.0,0.0,247.15,1.93,196.0,77100.0
20190130:0500,8.3,66.15,0.0,-0.0,0.0,245.6,1.79,191.0,77120.0
20190130:0600,7.65,71.15,0.0,-0.0,0.0,244.2,1.79,187.0,77110.0
20190130:0700,6.98,73.8,0.0,-0.0,0.0,242.1,1.86,188.0,77070.0
20190130:0800,6.08,79.4,0.0,-0.0,0.0,241.3,1.93,189.0,77090.0
20190130:0900,5.45,79.35,0.0,-0.0,0.0,239.4,1.93,187.0,77060.0
20190130:1000,4.87,82.35,0.0,-0.0,0.0,237.05,1.93,186.0,77050.0
20190130:1100,4.54,82.35,0.0,-0.0,0.0,235.9,1.86,187.0,77020.0
20190130:1200,4.27,79.3,0.0,-0.0,0.0,234.55,1.79,187.0,77060.0
20190130:1300,4.06,82.3,0.0,-0.0,0.0,231.05,1.72,189.0,77080.0
20190130:1400,5.06,85.55,266.75,1207.58,61.45,229.7,1.52,187.0,77140.0
20190130:1500,10.38,64.1,506.8,1111.15,81.55,234.35,1.86,194.0,77140.0
20190130:1600,14.11,44.75,707.85,1093.8,92.6,242.5,2.41,196.0,77170.0
20190130:1700,16.28,37.4,846.2,1071.61,99.2,250.2,2.83,196.0,77140.0
20190130:1800,17.91,29.1,913.15,1044.94,100.9,257.4,3.03,200.0,77100.0
20190130:1900,19.17,27.2,896.7,998.82,99.9,261.65,2.97,209.0,77000.0
20190130:2000,19.86,26.3,801.9,933.22,95.5,265.9,3.79,214.0,76940.0
20190130:2100,19.89,26.4,638.45,837.82,87.4,267.45,4.07,216.0,76890.0
20190130:2200,19.4,26.3,421.75,685.94,74.1,266.65,3.66,214.0,76900.0
20190130:2300,18.37,28.1,178.75,410.92,49.5,263.6,3.31,210.0,76900.0
20190131:0000,16.74,33.5,6.2,0.0,6.2,257.75,2.41,200.0,76970.0
20190131:0100,14.45,38.55,0.0,-0.0,0.0,250.55,2.07,193.0,77010.0
20190131:0200,12.21,47.75,0.0,-0.0,0.0,244.8,1.93,194.0,77100.0
20190131:0300,9.88,59.35,0.0,-0.0,0.0,238.8,1.72,196.0,77160.0
20190131:0400,9.21,59.15,0.0,-0.0,0.0,235.7,1.45,195.0,77220.0
20190131:0500,8.93,56.9,0.0,-0.0,0.0,233.2,1.31,198.0,77240.0
20190131:0600,8.39,56.8,0.0,-0.0,0.0,232.2,1.31,199.0,77230.0
20190131:0700,7.98,58.9,0.0,-0.0,0.0,232.8,1.52,195.0,77150.0
20190131:0800,6.72,60.85,0.0,-0.0,0.0,230.85,1.66,193.0,77100.0
20190131:0900,5.98,60.75,0.0,-0.0,0.0,228.35,1.79,196.0,77090.0
20190131:1000,5.53,58.3,0.0,-0.0,0.0,225.05,1.72,196.0,77080.0
20190131:1100,5.27,56.05,0.0,-0.0,0.0,223.3,1.72,194.0,77100.0
20190131:1200,5.09,53.8,0.0,-0.0,0.0,221.4,1.66,192.0,77120.0
20190131:1300,4.79,51.7,0.0,-0.0,0.0,220.6,1.66,193.0,77170.0
20190131:1400,5.53,51.8,273.65,1240.92,61.1,220.6,1.52,190.0,77230.0
20190131:1500,9.98,51.0,516.7,1136.09,80.0,226.2,1.52,192.0,77250.0
20190131:1600,20.98,7.72,718.65,1111.67,91.05,258.14,2.57,202.0,77280.0
20190131:1700,20.24,12.87,857.5,1086.34,97.6,259.2,2.5,208.0,77290.0
20190131:1800,19.49,18.01,918.6,1048.6,100.65,260.27,2.43,220.0,77240.0
20190131:1900,18.75,23.16,901.25,1000.04,100.55,261.33,2.36,240.0,77150.0
20190131:2000,18.01,28.3,794.65,889.61,118.55,262.4,2.29,234.0,77070.0
20190131:2100,17.27,33.45,639.05,820.24,97.05,263.46,2.22,225.0,77010.0
20190131:2200,16.52,38.59,425.35,687.93,74.65,264.53,2.15,217.0,76990.0
20190131:2300,15.78,43.74,181.35,414.09,49.95,265.59,2.08,209.0,76990.0
20090201:0000,15.04,48.89,9.75,31.32,6.65,266.66,2.01,211.0,77120.0
20090201:0100,14.3,54.03,0.0,-0.0,0.0,267.72,1.94,203.0,77150.0
20090201:0200,13.55,59.18,0.0,-0.0,0.0,268.79,1.87,198.0,77200.0
20090201:0300,12.81,64.32,0.0,-0.0,0.0,269.85,1.8,197.0,77260.0
20090201:0400,12.07,69.47,0.0,-0.0,0.0,270.92,1.73,198.0,77270.0
20090201:0500,11.33,74.61,0.0,-0.0,0.0,271.98,1.66,199.0,77290.0
20090201:0600,10.58,79.76,0.0,-0.0,0.0,273.05,1.59,199.0,77280.0
20090201:0700,9.84,84.9,0.0,-0.0,0.0,274.11,1.52,196.0,77260.0
20090201:0800,8.79,82.75,0.0,-0.0,0.0,247.9,1.24,194.0,77240.0
20090201:0900,8.69,79.75,0.0,-0.0,0.0,246.55,1.17,192.0,77190.0
20090201:1000,8.31,82.7,0.0,-0.0,0.0,245.2,1.17,189.0,77190.0
20090201:1100,7.81,82.7,0.0,-0.0,0.0,244.05,1.24,187.0,77170.0
20090201:1200,7.78,79.7,0.0,-0.0,0.0,243.45,1.17,188.0,77220.0
20090201:1300,7.44,79.7,0.0,-0.0,0.0,241.9,1.17,189.0,77230.0
20090201:1400,7.95,79.7,262.85,1152.72,63.85,241.5,1.1,184.0,77260.0
20090201:1500,11.65,69.25,501.45,1079.54,84.6,247.15,1.45,198.0,77260.0
20090201:1600,15.16,50.35,702.65,1073.87,94.1,255.85,1.79,208.0,77270.0
20090201:1700,17.08,43.9,831.5,1021.82,114.2,264.15,1.86,214.0,77250.0
20090201:1800,18.75,39.55,904.6,1023.44,103.45,272.3,2.28,229.0,77180.0
20090201:1900,20.3,33.15,799.45,830.79,131.8,277.7,2.28,236.0,77060.0
20090201:2000,21.02,29.75,609.1,627.02,130.65,291.85,2.83,235.0,76960.0
20090201:2100,20.97,29.75,427.3,451.99,127.25,307.7,3.24,224.0,76900.0
20090201:2200,20.24,33.15,301.3,398.92,96.75,308.65,3.59,216.0,76890.0
20090201:2300,19.33,36.8,147.65,282.89,57.1,323.2,3.03,213.0,76920.0
20090202:0000,17.93,40.9,11.45,47.32,6.65,301.9,2.62,205.0,76960.0
20090202:0100,15.86,48.65,0.0,-0.0,0.0,279.95,2.07,199.0,77020.0
20090202:0200,13.78,58.0,0.0,-0.0,0.0,268.8,1.79,197.0,77070.0
20090202:0300,11.75,69.25,0.0,-0.0,0.0,269.0,1.52,202.0,77130.0
20090202:0400,10.98,71.75,0.0,-0.0,0.0,258.75,1.24,202.0,77160.0
20090202:0500,11.22,71.75,0.0,-0.0,0.0,256.6,1.03,207.0,77180.0
20090202:0600,10.63,71.7,0.0,-0.0,0.0,252.95,0.83,209.0,77180.0
20090202:0700,10.17,74.3,0.0,-0.0,0.0,252.55,0.83,199.0,77140.0
20090202:0800,9.65,77.0,0.0,-0.0,0.0,250.2,0.76,197.0,77130.0
20090202:0900,9.13,79.85,0.0,-0.0,0.0,248.65,0.62,193.0,77100.0
20090202:1000,8.71,79.75,0.0,-0.0,0.0,247.15,0.55,187.0,77090.0
20090202:1100,8.33,82.7,0.0,-0.0,0.0,245.4,0.48,177.0,77110.0
20090202:1200,7.99,82.7,0.0,-0.0,0.0,244.2,0.48,177.0,77140.0
20090202:1300,7.6,82.7,0.0,-0.0,0.0,243.05,0.62,176.0,77160.0
20090202:1400,8.05,82.7,264.85,1151.88,64.35,242.65,0.62,164.0,77190.0
20090202:1500,11.53,77.3,504.25,1081.56,84.65,248.1,0.48,200.0,77200.0
20090202:1600,15.57,48.65,704.7,1069.19,96.45,257.2,0.34,245.0,77210.0
20090202:1700,17.77,42.45,842.4,1049.23,103.2,265.9,0.34,272.0,77220.0
20090202:1800,19.5,36.8,905.5,1014.76,108.3,274.8,0.76,300.0,77150.0
20090202:1900,20.62,30.9,883.9,964.33,106.05,281.4,1.66,333.0,77060.0
20090202:2000,21.15,28.8,655.05,643.74,161.85,285.05,1.79,315.0,76990.0
20090202:2100,20.9,28.65,553.35,607.27,148.35,292.05,2.07,297.0,76950.0
20090202:2200,21.03,28.65,321.95,381.79,125.05,302.5,1.66,294.0,76910.0
20090202:2300,20.36,28.5,123.15,221.93,51.5,315.05,1.31,286.0,76960.0
20090203:0000,18.91,34.05,10.65,39.94,6.5,300.35,1.52,251.0,77010.0
20090203:0100,16.68,40.6,0.0,-0.0,0.0,291.95,0.9,237.0,77070.0
20090203:0200,15.45,48.55,0.0,-0.0,0.0,281.0,0.28,346.0,77140.0
20090203:0300,12.39,64.45,0.0,-0.0,0.0,275.75,1.52,346.0,77210.0
20090203:0400,10.35,77.1,0.0,-0.0,0.0,277.7,1.93,355.0,77270.0
20090203:0500,9.13,85.95,0.0,-0.0,0.0,275.95,1.79,356.0,77310.0
20090203:0600,8.61,92.4,0.0,-0.0,0.0,289.7,1.66,353.0,77340.0
20090203:0700,7.98,89.05,0.0,-0.0,0.0,286.05,1.52,354.0,77340.0
20090203:0800,7.97,92.4,0.0,-0.0,0.0,304.05,1.45,354.0,77320.0
20090203:0900,7.79,92.4,0.0,-0.0,0.0,306.15,1.45,354.0,77300.0
20090203:1000,7.79,95.8,0.0,-0.0,0.0,310.8,1.45,359.0,77290.0
20090203:1100,7.89,95.8,0.0,-0.0,0.0,318.15,1.38,355.0,77300.0
20090203:1200,7.54,92.4,0.0,-0.0,0.0,307.5,1.38,353.0,77320.0
20090203:1300,7.73,92.4,0.0,-0.0,0.0,321.25,1.45,357.0,77350.0
20090203:1400,8.23,92.4,104.8,254.32,60.15,331.1,1.59,0.0,77410.0
20090203:1500,9.12,85.95,251.9,181.22,181.25,327.65,1.59,4.0,77470.0
20090203:1600,10.58,74.4,389.05,362.87,181.8,329.55,1.24,4.0,77520.0
20090203:1700,12.28,69.35,463.5,304.13,248.45,322.2,0.69,352.0,77520.0
20090203:1800,14.45,56.0,445.65,205.97,283.25,328.6,0.14,294.0,77440.0
20090203:1900,16.32,45.3,523.7,317.42,266.7,337.1,0.76,248.0,77310.0
20090203:2000,17.08,42.3,462.0,293.8,236.0,321.05,1.1,253.0,77220.0
20090203:2100,17.18,42.3,462.7,487.91,135.8,333.25,1.1,251.0,77160.0
20090203:2200,16.76,45.45,228.45,255.17,96.1,316.6,1.1,261.0,77140.0
20090203:2300,15.23,56.25,92.1,136.06,47.8,308.85,1.31,270.0,77200.0
20090204:0000,13.73,67.15,5.95,7.05,5.2,316.6,1.59,291.0,77270.0
20090204:0100,12.37,74.6,0.0,-0.0,0.0,311.5,1.24,328.0,77330.0
20090204:0200,11.3,80.1,0.0,-0.0,0.0,294.35,1.59,351.0,77390.0
20090204:0300,10.55,83.0,0.0,-0.0,0.0,302.65,1.79,350.0,77450.0
20090204:0400,9.86,85.95,0.0,-0.0,0.0,304.6,1.72,350.0,77500.0
20090204:0500,8.67,92.4,0.0,-0.0,0.0,282.15,1.59,352.0,77510.0
20090204:0600,7.24,92.35,0.0,-0.0,0.0,261.85,1.52,351.0,77520.0
20090204:0700,6.26,95.8,0.0,-0.0,0.0,265.7,1.59,353.0,77520.0
20090204:0800,5.69,95.75,0.0,-0.0,0.0,264.95,1.52,352.0,77500.0
20090204:0900,4.79,99.4,0.0,-0.0,0.0,249.45,1.66,354.0,77470.0
20090204:1000,4.4,95.75,0.0,-0.0,0.0,258.35,1.72,355.0,77470.0
20090204:1100,3.92,99.4,0.0,-0.0,0.0,256.4,1.79,358.0,77510.0
20090204:1200,3.73,99.4,0.0,-0.0,0.0,263.2,1.86,0.0,77540.0
20090204:1300,3.77,100.0,0.0,-0.0,0.0,269.6,1.79,3.0,77590.0
20090204:1400,5.33,99.4,198.35,548.98,101.1,293.0,2.0,8.0,77650.0
20090204:1500,7.55,92.4,392.95,579.74,165.8,296.65,2.0,10.0,77680.0
20090204:1600,9.59,77.0,610.55,796.12,154.0,291.85,2.0,10.0,77730.0
20090204:1700,12.31,57.65,806.5,927.6,148.15,282.15,2.0,4.0,77720.0
20090204:1800,14.78,43.25,887.05,897.23,177.05,279.85,2.0,358.0,77670.0
20090204:1900,16.09,36.15,897.5,932.34,139.8,274.2,2.76,0.0,77580.0
20090204:2000,17.12,31.25,834.8,963.42,90.7,268.2,3.1,356.0,77510.0
20090204:2100,17.7,28.0,654.4,847.23,84.15,260.1,3.24,350.0,77460.0
20090204:2200,17.56,28.0,306.15,433.16,80.2,260.85,3.24,346.0,77410.0
20090204:2300,16.61,28.8,172.65,347.22,58.65,277.3,3.03,343.0,77440.0
20090205:0000,15.46,33.2,11.7,39.54,7.4,273.05,2.69,343.0,77500.0
20090205:0100,13.28,39.65,0.0,-0.0,0.0,282.05,2.14,356.0,77550.0
20090205:0200,11.52,47.6,0.0,-0.0,0.0,280.05,2.07,6.0,77630.0
20090205:0300,9.52,59.25,0.0,-0.0,0.0,254.1,2.21,4.0,77700.0
20090205:0400,7.83,68.6,0.0,-0.0,0.0,246.35,2.34,3.0,77770.0
20090205:0500,7.18,73.9,0.0,-0.0,0.0,275.2,2.34,7.0,77800.0
20090205:0600,6.54,79.55,0.0,-0.0,0.0,273.45,2.28,5.0,77820.0
20090205:0700,6.34,82.55,0.0,-0.0,0.0,285.85,2.21,5.0,77810.0
20090205:0800,5.76,85.65,0.0,-0.0,0.0,272.65,2.07,2.0,77770.0
20090205:0900,5.31,88.85,0.0,-0.0,0.0,270.35,2.0,0.0,77750.0
20090205:1000,5.02,88.85,0.0,-0.0,0.0,274.8,1.86,1.0,77710.0
20090205:1100,4.46,92.25,0.0,-0.0,0.0,265.5,1.66,3.0,77680.0
20090205:1200,3.25,95.7,0.0,-0.0,0.0,239.2,1.72,5.0,77690.0
20090205:1300,2.76,95.7,0.0,-0.0,0.0,250.4,1.66,5.0,77720.0
20090205:1400,3.87,95.7,222.65,806.2,78.5,257.4,1.66,7.0,77740.0
20090205:1500,6.67,73.8,496.75,1000.15,102.85,245.6,1.72,12.0,77750.0
20090205:1600,9.66,59.25,723.7,1064.17,110.9,242.3,1.72,9.0,77770.0
20090205:1700,12.21,45.95,854.6,1028.89,121.6,240.35,1.72,4.0,77750.0
20090205:1800,14.3,37.0,940.35,1051.5,105.2,245.95,1.72,3.0,77700.0
20090205:1900,15.76,32.1,908.85,985.84,104.65,248.3,1.86,8.0,77610.0
20090205:2000,16.91,29.95,827.1,937.62,100.0,254.1,1.79,6.0,77500.0
20090205:2100,17.65,28.0,656.35,830.21,95.0,259.3,1.59,1.0,77440.0
20090205:2200,17.83,26.9,441.15,691.52,78.4,260.3,1.45,357.0,77390.0
20090205:2300,17.49,27.85,191.1,404.19,57.3,259.7,1.52,353.0,77380.0
20090206:0000,16.33,31.0,15.2,63.88,8.1,258.95,1.72,355.0,77410.0
20090206:0100,13.92,36.85,0.0,-0.0,0.0,251.9,1.72,348.0,77470.0
20090206:0200,11.61,44.1,0.0,-0.0,0.0,247.9,1.79,346.0,77550.0
20090206:0300,9.21,56.9,0.0,-0.0,0.0,244.05,1.79,348.0,77600.0
20090206:0400,7.21,65.95,0.0,-0.0,0.0,243.45,1.86,350.0,77670.0
20090206:0500,5.66,76.5,0.0,-0.0,0.0,242.3,1.86,352.0,77690.0
20090206:0600,4.39,85.55,0.0,-0.0,0.0,239.0,1.79,353.0,77710.0
20090206:0700,3.51,88.75,0.0,-0.0,0.0,233.4,1.72,354.0,77660.0
20090206:0800,2.81,95.7,0.0,-0.0,0.0,231.25,1.66,352.0,77660.0
20090206:0900,2.35,95.65,0.0,-0.0,0.0,223.5,1.59,349.0,77610.0
20090206:1000,2.58,95.7,0.0,-0.0,0.0,227.2,1.31,352.0,77590.0
20090206:1100,3.1,95.7,0.0,-0.0,0.0,219.65,1.17,360.0,77570.0
20090206:1200,3.51,92.15,0.0,-0.0,0.0,216.55,1.1,11.0,77560.0
20090206:1300,3.48,88.75,0.0,-0.0,0.0,216.35,1.03,16.0,77570.0
20090206:1400,4.34,85.5,282.3,1207.56,64.3,220.6,0.83,20.0,77580.0
20090206:1500,8.15,68.6,518.7,1078.95,91.5,222.35,0.9,13.0,77550.0
20090206:1600,11.82,47.6,731.25,1101.09,94.5,232.05,0.97,13.0,77550.0
20090206:1700,14.69,34.35,880.65,1087.25,103.1,238.05,0.97,13.0,77520.0
20090206:1800,17.06,26.8,947.75,1056.7,105.35,245.75,1.1,6.0,77460.0
20090206:1900,18.98,22.25,933.15,1011.85,104.6,253.1,1.52,5.0,77340.0
20090206:2000,20.24,20.1,838.3,947.97,100.2,257.6,2.0,360.0,77260.0
20090206:2100,20.82,17.95,672.15,854.42,91.8,260.3,2.48,358.0,77180.0
20090206:2200,20.7,17.25,450.15,705.13,78.2,260.65,2.76,358.0,77150.0
20090206:2300,19.83,18.45,199.85,437.33,53.9,259.3,2.97,357.0,77170.0
20090207:0000,17.83,23.0,16.3,69.6,8.4,255.85,2.07,355.0,77230.0
20090207:0100,15.83,27.45,0.0,-0.0,0.0,249.55,2.0,349.0,77290.0
20090207:0200,13.0,36.7,0.0,-0.0,0.0,245.2,1.86,344.0,77370.0
20090207:0300,10.25,51.0,0.0,-0.0,0.0,240.75,1.59,338.0,77440.0
20090207:0400,9.04,56.9,0.0,-0.0,0.0,237.25,1.31,334.0,77480.0
20090207:0500,8.79,59.0,0.0,-0.0,0.0,234.35,1.1,346.0,77510.0
20090207:0600,8.19,63.6,0.0,-0.0,0.0,232.4,0.97,357.0,77520.0
20090207:0700,7.48,66.05,0.0,-0.0,0.0,230.85,0.97,359.0,77530.0
20090207:0800,6.83,71.05,0.0,-0.0,0.0,231.65,0.69,10.0,77480.0
20090207:0900,6.26,73.7,0.0,-0.0,0.0,227.4,0.48,28.0,77460.0
20090207:1000,5.76,76.5,0.0,-0.0,0.0,223.3,0.41,67.0,77430.0
20090207:1100,5.35,76.4,0.0,-0.0,0.0,221.75,0.34,106.0,77450.0
20090207:1200,4.95,73.55,0.0,-0.0,0.0,219.65,0.48,126.0,77460.0
20090207:1300,4.58,76.3,0.0,-0.0,0.0,218.1,0.55,127.0,77470.0
20090207:1400,5.19,73.55,290.05,1233.74,65.1,216.15,0.55,123.0,77510.0
20090207:1500,10.23,64.0,538.05,1138.9,84.65,220.6,0.21,150.0,77470.0
20090207:1600,14.89,35.75,747.2,1120.99,96.15,229.5,0.48,313.0,77490.0
20090207:1700,17.6,26.9,889.75,1095.66,103.15,238.8,0.76,344.0,77470.0
20090207:1800,19.64,24.35,958.9,1065.63,106.2,246.95,1.03,352.0,77420.0
20090207:1900,21.36,20.35,943.1,1019.04,105.5,251.4,0.97,355.0,77310.0
20090207:2000,22.4,18.3,847.1,954.4,101.0,257.0,1.1,352.0,77230.0
20090207:2100,22.89,17.05,679.8,860.98,92.35,260.65,1.03,342.0,77150.0
20090207:2200,22.79,16.4,455.1,707.57,79.8,263.0,0.9,334.0,77100.0
20090207:2300,22.04,17.5,202.65,439.21,54.9,264.15,0.76,319.0,77120.0
20090208:0000,20.19,20.9,16.6,61.28,9.5,261.25,0.69,270.0,77140.0
20090208:0100,17.71,36.55,0.0,-0.0,0.0,258.85,0.69,267.0,77220.0
20090208:0200,16.29,32.2,0.0,-0.0,0.0,255.25,0.62,292.0,77260.0
20090208:0300,14.7,37.15,0.0,-0.0,0.0,251.6,0.9,303.0,77320.0
20090208:0400,13.4,42.8,0.0,-0.0,0.0,248.3,0.97,314.0,77370.0
20090208:0500,12.2,47.75,0.0,-0.0,0.0,246.95,0.76,333.0,77400.0
20090208:0600,10.99,53.25,0.0,-0.0,0.0,244.4,0.41,11.0,77390.0
20090208:0700,10.14,55.05,0.0,-0.0,0.0,239.95,0.34,128.0,77360.0
20090208:0800,9.81,57.05,0.0,-0.0,0.0,239.4,0.76,161.0,77340.0
20090208:0900,9.27,56.9,0.0,-0.0,0.0,238.4,0.97,167.0,77290.0
20090208:1000,8.24,58.9,0.0,-0.0,0.0,239.95,1.1,166.0,77320.0
20090208:1100,7.66,58.9,0.0,-0.0,0.0,233.0,1.1,163.0,77340.0
20090208:1200,7.21,58.8,0.0,-0.0,0.0,239.95,1.03,163.0,77350.0
20090208:1300,6.8,61.0,0.0,-0.0,0.0,228.35,0.9,161.0,77390.0
20090208:1400,7.07,61.1,289.75,1222.0,64.65,226.6,0.69,159.0,77430.0
20090208:1500,11.12,64.25,536.95,1131.94,83.8,231.85,0.62,184.0,77410.0
20090208:1600,16.0,29.8,742.0,1107.0,96.25,240.75,0.76,226.0,77440.0
20090208:1700,18.52,24.05,883.65,1082.21,103.65,249.85,0.76,231.0,77440.0
20090208:1800,20.44,20.9,950.35,1048.56,108.15,258.55,0.76,233.0,77370.0
20090208:1900,22.08,18.3,935.0,1004.09,106.55,265.1,1.1,216.0,77260.0
20090208:2000,22.94,17.75,838.4,936.19,103.6,269.75,1.59,217.0,77150.0
20090208:2100,23.26,17.15,671.45,843.78,93.15,273.45,2.14,216.0,77060.0
20090208:2200,22.92,18.45,448.9,693.51,79.05,275.95,2.62,214.0,77030.0
20090208:2300,21.74,21.3,199.85,428.4,54.6,275.95,2.69,212.0,77040.0
20090209:0000,19.77,26.3,17.0,66.85,9.1,274.2,2.48,207.0,77090.0
20090209:0100,16.92,31.15,0.0,-0.0,0.0,268.9,2.28,205.0,77140.0
20090209:0200,14.8,38.55,0.0,-0.0,0.0,264.55,1.72,206.0,77190.0
20090209:0300,12.53,47.85,0.0,-0.0,0.0,261.25,1.52,203.0,77260.0
20090209:0400,11.53,51.35,0.0,-0.0,0.0,259.1,1.31,200.0,77290.0
20090209:0500,10.82,55.15,0.0,-0.0,0.0,256.4,1.17,197.0,77310.0
20090209:0600,10.12,57.15,0.0,-0.0,0.0,252.15,1.17,190.0,77300.0
20090209:0700,9.19,59.15,0.0,-0.0,0.0,248.65,1.45,186.0,77270.0
20090209:0800,8.07,63.6,0.0,-0.0,0.0,245.6,1.66,186.0,77230.0
20090209:0900,7.51,61.2,0.0,-0.0,0.0,243.45,1.66,186.0,77190.0
20090209:1000,7.13,63.5,0.0,-0.0,0.0,241.9,1.59,188.0,77190.0
20090209:1100,6.67,68.4,0.0,-0.0,0.0,242.85,1.59,189.0,77180.0
20090209:1200,6.11,70.95,0.0,-0.0,0.0,239.4,1.59,188.0,77200.0
20090209:1300,5.87,73.65,0.0,-0.0,0.0,244.05,1.52,188.0,77230.0
20090209:1400,7.22,68.5,271.65,993.54,86.7,240.35,1.24,186.0,77270.0
20090209:1500,12.13,59.85,512.55,982.43,117.0,246.95,1.31,197.0,77270.0
20090209:1600,16.09,40.5,730.55,1050.11,115.25,251.95,1.45,212.0,77290.0
20090209:1700,18.41,32.75,864.65,1020.59,126.15,259.1,1.38,217.0,77280.0
20090209:1800,20.23,27.45,935.85,995.05,133.6,269.4,1.38,220.0,77230.0
20090209:1900,21.65,24.85,917.6,949.15,131.5,275.0,1.79,216.0,77130.0
20090209:2000,22.47,24.95,812.5,855.11,138.65,282.95,2.28,217.0,77040.0
20090209:2100,22.7,25.1,649.55,769.15,120.05,287.4,2.76,216.0,77010.0
20090209:2200,22.25,26.95,401.0,511.21,126.9,290.3,2.83,214.0,76950.0
20090209:2300,21.13,32.2,175.4,316.52,67.25,293.75,2.69,208.0,76960.0
20090210:0000,19.34,39.65,16.95,56.03,10.2,290.85,2.48,201.0,77030.0
20090210:0100,16.8,47.15,0.0,-0.0,0.0,280.15,2.14,197.0,77080.0
20090210:0200,14.79,56.15,0.0,-0.0,0.0,271.9,1.93,194.0,77140.0
20090210:0300,12.95,64.55,0.0,-0.0,0.0,272.5,1.79,191.0,77180.0
20090210:0400,11.19,74.45,0.0,-0.0,0.0,264.35,1.52,190.0,77210.0
20090210:0500,10.46,74.4,0.0,-0.0,0.0,262.2,1.38,189.0,77220.0
20090210:0600,10.1,77.1,0.0,-0.0,0.0,257.75,1.17,194.0,77220.0
20090210:0700,10.13,74.3,0.0,-0.0,0.0,256.4,1.17,196.0,77220.0
20090210:0800,9.54,77.0,0.0,-0.0,0.0,253.9,1.17,195.0,77180.0
20090210:0900,9.03,76.95,0.0,-0.0,0.0,250.2,1.17,192.0,77160.0
20090210:1000,8.01,82.7,0.0,-0.0,0.0,246.55,1.24,189.0,77130.0
20090210:1100,7.11,82.65,0.0,-0.0,0.0,243.05,1.38,189.0,77120.0
20090210:1200,6.29,85.7,0.0,-0.0,0.0,240.35,1.52,191.0,77140.0
20090210:1300,5.83,85.65,0.0,-0.0,0.0,237.45,1.59,191.0,77190.0
20090210:1400,6.94,82.65,289.05,1180.05,67.0,235.9,1.45,187.0,77210.0
20090210:1500,12.54,64.55,536.1,1109.69,86.7,239.95,1.93,194.0,77210.0
20090210:1600,16.31,43.65,741.0,1091.75,98.4,248.85,2.21,201.0,77220.0
20090210:1700,18.58,34.05,882.05,1070.19,104.55,257.95,2.41,204.0,77210.0
20090210:1800,20.39,28.5,949.5,1041.63,106.5,266.65,2.55,207.0,77180.0
20090210:1900,21.96,25.8,930.75,990.6,107.2,272.5,2.69,210.0,77060.0
20090210:2000,22.7,24.15,834.65,925.47,102.45,279.05,3.52,212.0,76970.0
20090210:2100,22.76,25.1,668.5,830.49,94.25,282.35,3.86,212.0,76940.0
20090210:2200,22.24,26.95,448.6,682.88,80.5,283.3,4.0,212.0,76900.0
20090210:2300,21.19,28.8,201.2,421.02,56.25,282.75,3.24,211.0,76900.0
20090211:0000,19.56,33.05,18.4,71.29,9.65,277.9,2.55,209.0,76950.0
20090211:0100,17.3,39.25,0.0,-0.0,0.0,270.25,1.93,202.0,77010.0
20090211:0200,15.09,48.55,0.0,-0.0,0.0,262.6,1.59,198.0,77050.0
20090211:0300,12.9,57.75,0.0,-0.0,0.0,255.65,1.38,199.0,77090.0
20090211:0400,12.14,57.65,0.0,-0.0,0.0,248.5,1.1,195.0,77140.0
20090211:0500,11.39,61.85,0.0,-0.0,0.0,241.5,0.83,189.0,77160.0
20090211:0600,10.26,64.0,0.0,-0.0,0.0,235.15,0.69,177.0,77190.0
20090211:0700,9.61,66.35,0.0,-0.0,0.0,236.85,0.48,161.0,77170.0
20090211:0800,8.73,71.35,0.0,-0.0,0.0,234.55,0.48,167.0,77200.0
20090211:0900,8.07,71.25,0.0,-0.0,0.0,233.6,0.41,149.0,77170.0
20090211:1000,7.78,68.6,0.0,-0.0,0.0,232.8,0.41,117.0,77170.0
20090211:1100,8.03,66.05,0.0,-0.0,0.0,231.85,0.48,72.0,77180.0
20090211:1200,8.36,66.05,0.0,-0.0,0.0,231.05,0.69,46.0,77200.0
20090211:1300,8.41,63.6,0.0,-0.0,0.0,230.65,0.76,33.0,77260.0
20090211:1400,9.09,61.45,294.8,1198.9,66.7,231.45,0.9,28.0,77310.0
20090211:1500,12.49,62.2,541.25,1116.97,86.2,238.2,1.1,16.0,77320.0
20090211:1600,17.35,33.75,744.1,1092.25,98.25,247.3,1.79,12.0,77330.0
20090211:1700,19.55,28.4,881.6,1064.17,105.35,259.1,1.93,16.0,77340.0
20090211:1800,21.31,26.7,944.6,1028.74,108.85,270.35,2.21,19.0,77280.0
20090211:1900,22.69,24.15,924.6,975.71,110.35,278.5,2.0,31.0,77190.0
20090211:2000,23.66,22.65,803.0,822.6,149.6,288.35,1.24,46.0,77090.0
20090211:2100,24.18,21.9,624.95,719.66,125.15,290.5,1.03,93.0,77030.0
20090211:2200,24.16,21.1,417.4,566.83,110.25,298.6,1.52,126.0,76960.0
20090211:2300,22.86,24.15,175.1,312.23,66.8,298.8,2.0,130.0,77020.0
20090212:0000,21.17,29.9,18.8,70.41,10.0,293.4,1.38,162.0,77050.0
20090212:0100,19.09,36.8,0.0,-0.0,0.0,281.1,1.1,175.0,77110.0
20090212:0200,17.12,43.9,0.0,-0.0,0.0,276.55,0.9,172.0,77160.0
20090212:0300,16.81,45.45,0.0,-0.0,0.0,273.05,0.48,185.0,77200.0
20090212:0400,15.72,48.65,0.0,-0.0,0.0,267.05,0.14,217.0,77250.0
20090212:0500,14.67,52.15,0.0,-0.0,0.0,269.6,0.28,6.0,77280.0
20090212:0600,13.68,58.0,0.0,-0.0,0.0,264.55,0.69,7.0,77280.0
20090212:0700,12.72,59.95,0.0,-0.0,0.0,261.65,0.69,357.0,77300.0
20090212:0800,11.78,66.75,0.0,-0.0,0.0,256.4,0.83,348.0,77320.0
20090212:0900,10.89,74.4,0.0,-0.0,0.0,252.15,0.83,342.0,77290.0
20090212:1000,10.18,79.95,0.0,-0.0,0.0,248.65,0.69,339.0,77310.0
20090212:1100,9.61,82.9,0.0,-0.0,0.0,252.55,0.55,344.0,77310.0
20090212:1200,8.94,85.95,0.0,-0.0,0.0,249.45,0.48,1.0,77330.0
20090212:1300,8.31,92.4,0.0,-0.0,0.0,251.4,0.48,14.0,77360.0
20090212:1400,8.32,92.4,287.45,1135.31,69.0,262.6,0.21,56.0,77390.0
20090212:1500,12.47,69.45,524.95,1037.76,99.6,256.05,0.14,194.0,77410.0
20090212:1600,15.8,50.5,740.1,1079.28,98.95,258.15,0.28,254.0,77420.0
20090212:1700,18.4,42.6,880.85,1055.56,107.75,265.7,0.28,253.0,77420.0
20090212:1800,20.47,35.75,950.9,1031.87,109.4,274.6,0.41,315.0,77380.0
20090212:1900,21.94,33.6,934.95,986.64,108.45,278.85,1.17,353.0,77280.0
20090212:2000,23.11,28.25,839.3,922.26,103.85,284.3,1.52,350.0,77190.0
20090212:2100,23.8,26.35,674.8,835.69,91.9,288.35,1.72,349.0,77110.0
20090212:2200,23.57,25.35,375.6,474.12,117.35,289.1,1.45,345.0,77080.0
20090212:2300,22.67,26.05,192.75,343.58,72.7,294.55,1.38,337.0,77080.0
20090213:0000,21.43,29.9,19.1,71.55,10.0,287.4,1.24,334.0,77070.0
20090213:0100,19.59,34.3,0.0,-0.0,0.0,288.85,0.69,306.0,77120.0
20090213:0200,17.89,39.4,0.0,-0.0,0.0,276.15,0.69,320.0,77170.0
20090213:0300,16.8,43.8,0.0,-0.0,0.0,279.85,0.76,341.0,77230.0
20090213:0400,15.88,46.9,0.0,-0.0,0.0,270.55,0.62,328.0,77270.0
20090213:0500,15.03,50.35,0.0,-0.0,0.0,267.85,0.48,281.0,77280.0
20090213:0600,14.25,53.95,0.0,-0.0,0.0,265.9,0.62,246.0,77300.0
20090213:0700,13.63,51.9,0.0,-0.0,0.0,261.85,0.55,204.0,77280.0
20090213:0800,13.12,55.75,0.0,-0.0,0.0,260.1,0.76,190.0,77260.0
20090213:0900,12.58,57.75,0.0,-0.0,0.0,258.55,0.9,186.0,77230.0
20090213:1000,12.1,59.85,0.0,-0.0,0.0,255.25,1.03,187.0,77220.0
20090213:1100,11.31,66.65,0.0,-0.0,0.0,254.65,1.03,190.0,77220.0
20090213:1200,10.52,69.1,0.0,-0.0,0.0,251.6,1.03,191.0,77230.0
20090213:1300,9.79,74.2,0.0,-0.0,0.0,249.05,0.97,189.0,77250.0
20090213:1400,10.04,74.3,291.05,1141.35,68.9,247.9,0.83,178.0,77270.0
20090213:1500,13.89,67.15,536.9,1085.94,89.05,252.55,0.9,197.0,77260.0
20090213:1600,17.77,44.05,741.75,1073.63,100.95,261.45,0.69,257.0,77290.0
20090213:1700,20.11,31.95,884.2,1056.61,107.15,271.3,1.17,332.0,77290.0
20090213:1800,21.72,26.8,960.3,1039.77,109.1,277.3,1.38,339.0,77230.0
20090213:1900,23.08,20.05,945.3,995.28,108.4,274.8,1.03,332.0,77130.0
20090213:2000,24.01,18.65,849.75,931.9,103.7,279.25,0.97,314.0,77000.0
20090213:2100,24.56,18.05,681.7,836.54,95.7,282.95,1.1,297.0,76940.0
20090213:2200,24.51,18.8,441.6,650.07,85.7,285.85,1.17,275.0,76870.0
20090213:2300,23.97,19.4,174.55,269.94,79.55,294.35,1.38,267.0,76860.0
20090214:0000,22.33,24.95,19.8,69.57,10.8,308.85,0.9,251.0,76890.0
20090214:0100,19.81,31.8,0.0,-0.0,0.0,282.85,0.9,227.0,76940.0
20090214:0200,17.23,43.9,0.0,-0.0,0.0,277.9,1.17,214.0,77020.0
20090214:0300,16.37,48.8,0.0,-0.0,0.0,276.55,1.1,194.0,77090.0
20090214:0400,16.24,48.8,0.0,-0.0,0.0,272.1,1.1,187.0,77120.0
20090214:0500,14.93,56.15,0.0,-0.0,0.0,269.4,0.9,187.0,77150.0
20090214:0600,13.61,62.45,0.0,-0.0,0.0,266.85,0.83,179.0,77150.0
20090214:0700,13.25,62.3,0.0,-0.0,0.0,261.85,0.69,181.0,77120.0
20090214:0800,12.45,66.85,0.0,-0.0,0.0,260.3,0.97,188.0,77100.0
20090214:0900,11.86,71.85,0.0,-0.0,0.0,258.35,1.17,189.0,77060.0
20090214:1000,11.18,74.45,0.0,-0.0,0.0,256.6,1.24,189.0,77040.0
20090214:1100,10.93,77.15,0.0,-0.0,0.0,255.05,1.17,188.0,77020.0
20090214:1200,10.42,79.95,0.0,-0.0,0.0,252.95,1.03,187.0,77050.0
20090214:1300,9.84,82.9,0.0,-0.0,0.0,251.2,0.97,188.0,77080.0
20090214:1400,10.16,82.95,291.2,1122.49,70.15,251.2,0.76,182.0,77120.0
20090214:1500,14.24,67.25,535.5,1072.06,90.6,257.0,0.9,198.0,77120.0
20090214:1600,17.79,49.15,740.5,1063.36,102.8,267.05,0.83,240.0,77140.0
20090214:1700,20.02,39.8,882.95,1047.53,109.4,276.55,0.69,256.0,77130.0
20090214:1800,21.77,33.6,953.45,1025.44,110.75,283.7,0.97,248.0,77060.0
20090214:1900,23.26,28.25,937.65,981.59,109.15,287.4,0.9,297.0,76960.0
20090214:2000,24.29,25.5,840.65,914.66,105.55,292.4,1.03,295.0,76880.0
20090214:2100,24.88,23.75,673.4,817.37,98.4,297.05,1.1,294.0,76800.0
20090214:2200,24.91,22.9,404.15,506.5,125.45,298.6,1.03,294.0,76770.0
20090214:2300,24.05,24.4,178.65,331.52,61.15,316.2,0.62,273.0,76780.0
20090215:0000,22.56,29.05,18.75,66.53,10.0,306.35,0.76,224.0,76800.0
20090215:0100,20.24,35.75,0.0,-0.0,0.0,287.7,0.9,219.0,76870.0
20090215:0200,17.6,47.4,0.0,-0.0,0.0,281.75,1.17,200.0,76930.0
20090215:0300,15.72,56.35,0.0,-0.0,0.0,277.3,1.45,193.0,77000.0
20090215:0400,15.12,58.35,0.0,-0.0,0.0,274.4,1.31,190.0,77060.0
20090215:0500,15.33,58.35,0.0,-0.0,0.0,272.1,1.03,187.0,77090.0
20090215:0600,14.09,62.55,0.0,-0.0,0.0,269.6,0.76,178.0,77090.0
20090215:0700,13.3,67.05,0.0,-0.0,0.0,264.75,0.48,153.0,77070.0
20090215:0800,12.21,71.95,0.0,-0.0,0.0,262.6,0.48,149.0,77070.0
20090215:0900,11.35,77.2,0.0,-0.0,0.0,260.85,0.41,144.0,77060.0
20090215:1000,10.81,80.05,0.0,-0.0,0.0,258.95,0.41,138.0,77050.0
20090215:1100,10.52,80.05,0.0,-0.0,0.0,256.6,0.41,132.0,77080.0
20090215:1200,10.34,82.95,0.0,-0.0,0.0,254.85,0.48,128.0,77110.0
20090215:1300,10.21,82.95,0.0,-0.0,0.0,253.3,0.41,120.0,77160.0
20090215:1400,10.84,80.05,294.6,1131.56,69.1,253.1,0.41,117.0,77210.0
20090215:1500,15.32,65.05,539.5,1078.55,89.05,258.35,0.07,99.0,77200.0
20090215:1600,19.09,39.65,744.25,1067.56,100.95,268.4,0.62,342.0,77220.0
20090215:1700,21.39,32.2,886.7,1051.09,107.3,276.95,0.69,356.0,77190.0
20090215:1800,23.14,27.2,958.1,1028.18,109.9,284.5,0.62,350.0,77140.0
20090215:1900,24.8,20.4,942.3,981.5,110.75,285.45,0.9,3.0,77040.0
20090215:2000,25.81,17.7,847.65,919.07,106.15,290.65,0.76,354.0,76940.0
20090215:2100,26.37,17.15,659.05,783.44,105.6,293.0,0.41,331.0,76850.0
20090215:2200,26.13,17.15,400.35,532.21,106.05,295.9,0.48,299.0,76810.0
20090215:2300,25.34,18.3,147.2,275.44,48.9,298.05,0.34,313.0,76830.0
20090216:0000,23.4,24.3,19.15,62.11,10.85,301.9,0.55,264.0,76890.0
20090216:0100,20.6,32.1,0.0,-0.0,0.0,292.9,0.97,288.0,76980.0
20090216:0200,18.09,44.2,0.0,-0.0,0.0,284.65,0.9,297.0,77090.0
20090216:0300,15.61,52.4,0.0,-0.0,0.0,283.9,1.52,341.0,77160.0
20090216:0400,13.69,64.75,0.0,-0.0,0.0,286.4,1.72,349.0,77230.0
20090216:0500,12.28,74.6,0.0,-0.0,0.0,293.75,1.72,347.0,77290.0
20090216:0600,11.37,86.1,0.0,-0.0,0.0,291.05,1.59,351.0,77320.0
20090216:0700,11.39,86.1,0.0,-0.0,0.0,306.15,1.45,351.0,77310.0
20090216:0800,11.15,89.3,0.0,-0.0,0.0,304.05,1.31,347.0,77300.0
20090216:0900,10.91,92.5,0.0,-0.0,0.0,306.55,1.24,346.0,77270.0
20090216:1000,10.88,95.9,0.0,-0.0,0.0,314.85,1.1,352.0,77270.0
20090216:1100,10.51,95.9,0.0,-0.0,0.0,310.05,1.03,356.0,77300.0
20090216:1200,11.28,95.9,0.0,-0.0,0.0,341.4,0.97,358.0,77300.0
20090216:1300,11.46,95.9,0.0,-0.0,0.0,355.9,1.03,9.0,77350.0
20090216:1400,12.1,92.6,135.9,71.39,121.5,350.85,0.9,10.0,77370.0
20090216:1500,12.96,89.4,383.65,540.99,156.25,355.1,0.9,13.0,77430.0
20090216:1600,14.84,75.0,669.05,846.96,156.2,314.3,0.69,12.0,77450.0
20090216:1700,17.99,56.85,831.0,883.08,173.45,312.75,0.55,13.0,77430.0
20090216:1800,20.64,43.1,933.8,974.61,126.7,302.1,0.62,20.0,77370.0
20090216:1900,22.67,36.4,900.4,904.52,131.2,298.05,0.55,10.0,77270.0
20090216:2000,24.04,32.9,819.0,846.72,133.25,307.7,0.41,2.0,77200.0
20090216:2100,24.8,28.65,583.8,584.6,169.1,307.1,0.28,359.0,77110.0
20090216:2200,24.46,29.55,376.7,431.54,136.9,311.55,0.41,167.0,77060.0
20090216:2300,23.09,30.4,115.5,88.92,83.55,313.9,1.1,157.0,77120.0
20090217:0000,21.27,34.7,16.8,31.68,12.5,327.45,1.72,196.0,77160.0
20090217:0100,19.63,42.85,0.0,-0.0,0.0,309.75,1.38,212.0,77200.0
20090217:0200,17.69,52.9,0.0,-0.0,0.0,303.65,0.97,200.0,77260.0
20090217:0300,16.66,56.6,0.0,-0.0,0.0,285.25,0.9,209.0,77340.0
20090217:0400,16.26,60.75,0.0,-0.0,0.0,287.75,0.83,245.0,77390.0
20090217:0500,15.25,65.05,0.0,-0.0,0.0,284.5,0.76,291.0,77420.0
20090217:0600,14.38,72.3,0.0,-0.0,0.0,286.2,0.76,328.0,77400.0
20090217:0700,14.0,69.75,0.0,-0.0,0.0,282.55,0.69,335.0,77390.0
20090217:0800,13.49,72.2,0.0,-0.0,0.0,277.5,0.34,343.0,77380.0
20090217:0900,13.01,74.75,0.0,-0.0,0.0,276.15,0.0,186.0,77330.0
20090217:1000,12.53,77.45,0.0,-0.0,0.0,267.05,0.41,181.0,77330.0
20090217:1100,12.08,80.2,0.0,-0.0,0.0,267.65,0.55,178.0,77310.0
20090217:1200,11.66,80.15,0.0,-0.0,0.0,267.45,0.41,166.0,77330.0
20090217:1300,11.2,83.05,0.0,-0.0,0.0,261.65,0.28,153.0,77360.0
20090217:1400,11.42,83.05,279.25,1046.6,65.55,264.35,0.34,137.0,77400.0
20090217:1500,14.9,67.35,523.4,997.29,101.45,269.75,0.55,188.0,77390.0
20090217:1600,17.97,51.0,748.8,1067.81,99.05,276.35,0.62,222.0,77390.0
20090217:1700,20.45,43.0,900.1,1065.57,103.35,282.75,0.62,218.0,77350.0
20090217:1800,22.37,36.3,966.45,1042.08,100.15,291.65,0.76,212.0,77280.0
20090217:1900,23.57,31.7,948.2,985.21,107.25,293.4,0.69,214.0,77170.0
20090217:2000,24.59,26.6,832.05,874.63,121.0,297.45,1.1,208.0,77100.0
20090217:2100,24.78,25.6,604.55,701.97,104.55,305.0,1.31,203.0,77020.0
20090217:2200,24.35,26.45,408.15,498.69,129.7,301.7,1.52,199.0,76990.0
20090217:2300,23.46,26.2,163.65,228.5,81.0,304.2,1.72,204.0,77010.0
20090218:0000,21.92,30.0,20.1,44.28,14.0,313.1,1.79,212.0,77030.0
20090218:0100,20.25,35.75,0.0,-0.0,0.0,298.7,1.52,214.0,77080.0
20090218:0200,18.08,44.2,0.0,-0.0,0.0,291.05,1.31,210.0,77140.0
20090218:0300,16.72,48.9,0.0,-0.0,0.0,288.15,1.17,212.0,77210.0
20090218:0400,16.91,48.9,0.0,-0.0,0.0,282.15,0.83,212.0,77230.0
20090218:0500,15.99,52.4,0.0,-0.0,0.0,276.55,0.41,219.0,77260.0
20090218:0600,14.97,56.15,0.0,-0.0,0.0,271.1,0.21,245.0,77260.0
20090218:0700,13.92,60.2,0.0,-0.0,0.0,263.4,0.28,200.0,77260.0
20090218:0800,13.08,62.3,0.0,-0.0,0.0,261.25,0.14,185.0,77250.0
20090218:0900,12.32,66.85,0.0,-0.0,0.0,259.9,0.14,153.0,77230.0
20090218:1000,11.76,69.25,0.0,-0.0,0.0,258.75,0.14,136.0,77230.0
20090218:1100,11.35,71.75,0.0,-0.0,0.0,258.95,0.14,101.0,77230.0
20090218:1200,11.13,71.75,0.0,-0.0,0.0,258.95,0.28,54.0,77240.0
20090218:1300,11.05,71.75,0.0,-0.0,0.0,258.95,0.34,41.0,77280.0
20090218:1400,12.07,66.85,300.9,1111.12,71.2,259.7,0.34,66.0,77300.0
20090218:1500,16.29,60.75,545.95,1067.04,91.5,266.1,0.41,7.0,77290.0
20090218:1600,19.93,41.3,750.3,1057.58,103.6,275.75,0.83,352.0,77280.0
20090218:1700,22.0,34.85,891.65,1039.61,111.05,284.5,0.55,343.0,77260.0
20090218:1800,23.67,28.35,931.8,980.75,113.35,291.85,0.41,293.0,77190.0
20090218:1900,24.77,24.65,908.2,907.68,130.55,296.85,0.76,265.0,77080.0
20090218:2000,25.62,20.65,782.65,747.52,172.65,300.75,1.03,247.0,77000.0
20090218:2100,25.82,19.9,614.05,637.13,158.4,310.4,1.31,227.0,76920.0
20090218:2200,25.54,19.75,347.0,363.81,142.9,319.9,1.72,222.0,76900.0
20090218:2300,24.12,20.3,125.35,145.99,72.2,322.8,2.07,224.0,76930.0
20090219:0000,22.89,23.25,13.95,30.76,9.65,343.5,2.07,224.0,77000.0
20090219:0100,21.17,26.7,0.0,-0.0,0.0,321.75,0.9,215.0,77060.0
20090219:0200,19.36,38.2,0.0,-0.0,0.0,311.2,0.9,113.0,77130.0
20090219:0300,18.9,36.7,0.0,-0.0,0.0,304.6,0.55,69.0,77200.0
20090219:0400,18.06,39.55,0.0,-0.0,0.0,305.0,0.41,349.0,77210.0
20090219:0500,17.0,42.3,0.0,-0.0,0.0,281.2,0.76,336.0,77220.0
20090219:0600,16.15,47.0,0.0,-0.0,0.0,275.75,0.62,348.0,77210.0
20090219:0700,15.02,50.35,0.0,-0.0,0.0,270.35,0.34,28.0,77230.0
20090219:0800,13.98,56.0,0.0,-0.0,0.0,268.4,0.28,88.0,77200.0
20090219:0900,13.07,60.05,0.0,-0.0,0.0,266.65,0.41,121.0,77180.0
20090219:1000,12.62,62.2,0.0,-0.0,0.0,265.3,0.41,135.0,77160.0
20090219:1100,12.53,62.2,0.0,-0.0,0.0,264.35,0.41,129.0,77160.0
20090219:1200,12.51,62.2,0.0,-0.0,0.0,263.4,0.34,103.0,77190.0
20090219:1300,12.2,64.45,0.0,-0.0,0.0,262.2,0.34,57.0,77240.0
20090219:1400,12.82,62.2,300.9,1098.98,70.85,262.8,0.48,39.0,77270.0
20090219:1500,16.68,52.65,543.45,1055.28,91.0,269.95,1.1,353.0,77280.0
20090219:1600,19.99,38.35,746.25,1045.59,103.7,278.65,1.59,351.0,77300.0
20090219:1700,21.74,33.6,850.15,919.4,156.9,288.35,1.38,352.0,77290.0
20090219:1800,22.81,31.45,926.9,931.11,146.9,298.6,0.9,346.0,77260.0
20090219:1900,23.81,28.35,837.4,744.33,197.35,308.65,1.03,349.0,77170.0
20090219:2000,24.41,27.45,493.6,341.36,214.0,320.1,0.9,330.0,77090.0
20090219:2100,24.11,26.45,376.85,255.15,193.65,347.0,0.76,330.0,77010.0
20090219:2200,23.33,28.25,150.9,99.89,94.6,342.35,0.55,334.0,76940.0
20090219:2300,21.94,32.35,100.9,105.9,62.1,356.3,2.14,359.0,77000.0
20090220:0000,18.31,51.15,7.25,2.12,6.95,332.1,2.07,346.0,77160.0
20090220:0100,14.82,75.0,0.0,-0.0,0.0,338.4,1.38,325.0,77280.0
20090220:0200,13.28,89.4,0.0,-0.0,0.0,310.4,1.03,321.0,77310.0
20090220:0300,12.54,89.4,0.0,-0.0,0.0,297.45,1.03,347.0,77360.0
20090220:0400,12.03,92.6,0.0,-0.0,0.0,299.4,1.24,21.0,77350.0
20090220:0500,11.56,92.55,0.0,-0.0,0.0,300.95,1.59,17.0,77350.0
20090220:0600,11.38,92.55,0.0,-0.0,0.0,307.1,1.79,12.0,77350.0
20090220:0700,11.92,92.55,0.0,-0.0,0.0,330.15,1.79,7.0,77360.0
20090220:0800,11.39,95.9,0.0,-0.0,0.0,311.75,1.86,10.0,77340.0
20090220:0900,11.41,95.9,0.0,-0.0,0.0,326.3,1.72,8.0,77310.0
20090220:1000,11.93,95.9,0.0,-0.0,0.0,348.15,2.07,14.0,77270.0
20090220:1100,11.71,95.9,0.0,-0.0,0.0,340.2,1.79,15.0,77270.0
20090220:1200,11.67,92.55,0.0,-0.0,0.0,350.65,1.59,16.0,77300.0
20090220:1300,11.42,95.9,0.0,-0.0,0.0,337.3,1.38,11.0,77340.0
20090220:1400,11.78,89.3,181.6,334.45,110.7,342.15,1.72,9.0,77360.0
20090220:1500,12.57,80.3,421.5,657.02,137.9,324.75,2.07,11.0,77400.0
20090220:1600,14.61,62.65,624.2,690.25,197.9,299.95,2.0,15.0,77420.0
20090220:1700,17.02,50.85,649.8,620.31,180.1,308.3,1.52,17.0,77400.0
20090220:1800,18.23,45.85,845.5,828.38,148.9,315.05,1.31,6.0,77340.0
20090220:1900,19.81,42.85,702.5,563.06,216.55,310.4,1.45,13.0,77240.0
20090220:2000,20.29,41.45,505.55,312.61,248.55,325.1,1.31,25.0,77140.0
20090220:2100,19.94,42.85,258.55,144.9,154.1,350.3,1.03,25.0,77020.0
20090220:2200,18.95,44.2,225.35,127.96,152.9,353.95,1.72,92.0,77010.0
20090220:2300,17.41,49.05,57.35,0.0,57.35,332.3,1.86,100.0,77050.0
20090221:0000,15.89,58.45,12.95,13.92,10.95,337.9,1.03,175.0,77080.0
20090221:0100,15.76,60.65,0.0,-0.0,0.0,316.9,1.24,211.0,77090.0
20090221:0200,14.18,72.3,0.0,-0.0,0.0,303.45,0.97,190.0,77190.0
20090221:0300,12.97,77.5,0.0,-0.0,0.0,310.8,0.97,226.0,77270.0
20090221:0400,12.03,83.15,0.0,-0.0,0.0,301.9,1.17,273.0,77290.0
20090221:0500,12.13,83.15,0.0,-0.0,0.0,300.55,0.69,339.0,77270.0
20090221:0600,11.36,86.1,0.0,-0.0,0.0,289.3,0.28,349.0,77290.0
20090221:0700,10.19,89.2,0.0,-0.0,0.0,281.0,0.9,174.0,77260.0
20090221:0800,8.46,92.4,0.0,-0.0,0.0,277.9,1.03,170.0,77220.0
20090221:0900,7.47,95.8,0.0,-0.0,0.0,278.3,1.03,167.0,77210.0
20090221:1000,6.95,95.8,0.0,-0.0,0.0,277.1,1.03,168.0,77190.0
20090221:1100,6.65,99.4,0.0,-0.0,0.0,279.45,0.97,167.0,77200.0
20090221:1200,6.33,99.4,0.0,-0.0,0.0,274.4,0.97,164.0,77210.0
20090221:1300,6.06,99.4,0.0,-0.0,0.0,277.1,0.97,160.0,77270.0
20090221:1400,9.23,92.45,259.55,642.96,121.5,277.9,0.76,166.0,77270.0
20090221:1500,13.63,83.35,526.75,935.49,120.2,297.05,0.97,188.0,77280.0
20090221:1600,16.52,58.7,732.4,982.75,122.4,294.15,1.1,216.0,77280.0
20090221:1700,18.95,47.55,890.2,1016.51,117.25,281.95,1.17,251.0,77270.0
20090221:1800,20.86,35.9,917.85,875.87,178.5,290.65,1.52,279.0,77210.0
20090221:1900,22.17,25.95,834.0,699.72,227.9,298.2,1.45,306.0,77130.0
20090221:2000,22.53,24.05,474.1,328.87,202.75,315.45,1.72,306.0,77010.0
20090221:2100,21.56,23.0,383.4,266.64,190.45,323.55,1.66,305.0,76970.0
20090221:2200,19.39,32.9,298.05,249.77,156.0,330.35,1.93,288.0,76980.0
20090221:2300,18.24,41.05,101.5,78.99,72.2,310.2,2.48,260.0,77070.0
20090222:0000,16.87,52.65,15.25,25.41,11.55,310.8,1.66,292.0,77130.0
20090222:0100,15.19,56.25,0.0,-0.0,0.0,300.45,2.0,329.0,77250.0
20090222:0200,14.06,58.1,0.0,-0.0,0.0,310.8,1.59,323.0,77350.0
20090222:0300,12.94,66.95,0.0,-0.0,0.0,303.85,0.55,317.0,77410.0
20090222:0400,13.41,60.05,0.0,-0.0,0.0,284.3,0.14,44.0,77420.0
20090222:0500,13.01,60.05,0.0,-0.0,0.0,277.5,0.83,6.0,77440.0
20090222:0600,10.14,74.3,0.0,-0.0,0.0,271.7,1.66,356.0,77450.0
20090222:0700,8.43,82.75,0.0,-0.0,0.0,269.4,2.07,355.0,77490.0
20090222:0800,7.4,89.0,0.0,-0.0,0.0,262.05,2.28,359.0,77460.0
20090222:0900,6.72,92.35,0.0,-0.0,0.0,256.05,2.34,360.0,77470.0
20090222:1000,7.57,92.4,0.0,-0.0,0.0,294.55,2.41,3.0,77470.0
20090222:1100,8.48,92.4,0.0,-0.0,0.0,315.05,2.28,6.0,77510.0
20090222:1200,9.11,92.45,0.0,-0.0,0.0,332.5,2.07,4.0,77540.0
20090222:1300,9.38,95.85,0.0,-0.0,0.0,336.35,2.07,356.0,77580.0
20090222:1400,9.6,92.45,207.45,440.49,111.65,329.4,2.76,0.0,77620.0
20090222:1500,10.41,89.2,329.5,363.03,170.65,315.65,3.31,5.0,77670.0
20090222:1600,11.65,74.55,380.3,221.21,242.3,326.65,3.45,12.0,77700.0
20090222:1700,12.34,71.95,616.75,398.18,312.7,331.5,3.24,16.0,77720.0
20090222:1800,13.57,62.45,704.3,545.47,242.1,310.6,3.17,14.0,77670.0
20090222:1900,15.03,52.25,787.35,622.9,245.85,308.5,3.52,9.0,77570.0
20090222:2000,15.73,48.65,770.1,705.91,185.55,293.75,3.17,11.0,77510.0
20090222:2100,16.18,47.0,624.8,652.8,150.6,298.4,3.86,12.0,77440.0
20090222:2200,15.87,43.5,424.75,532.8,120.4,282.15,3.72,13.0,77400.0
20090222:2300,15.25,43.4,151.55,193.63,79.3,282.35,3.79,20.0,77420.0
20090223:0000,13.79,48.15,21.0,58.31,12.4,292.6,3.24,24.0,77500.0
20090223:0100,11.5,53.35,0.0,-0.0,0.0,278.6,2.55,18.0,77580.0
20090223:0200,9.98,61.65,0.0,-0.0,0.0,259.9,2.28,11.0,77660.0
20090223:0300,9.03,68.8,0.0,-0.0,0.0,270.75,2.14,10.0,77730.0
20090223:0400,8.11,73.95,0.0,-0.0,0.0,267.85,2.07,7.0,77760.0
20090223:0500,7.0,79.65,0.0,-0.0,0.0,251.4,2.0,4.0,77780.0
20090223:0600,6.08,85.7,0.0,-0.0,0.0,250.05,1.93,2.0,77760.0
20090223:0700,4.93,88.85,0.0,-0.0,0.0,239.6,2.0,1.0,77720.0
20090223:0800,4.1,92.2,0.0,-0.0,0.0,236.5,2.0,1.0,77700.0
20090223:0900,3.5,95.7,0.0,-0.0,0.0,240.15,1.93,2.0,77660.0
20090223:1000,2.95,95.7,0.0,-0.0,0.0,239.95,1.79,2.0,77630.0
20090223:1100,2.35,99.4,0.0,-0.0,0.0,228.95,1.72,1.0,77640.0
20090223:1200,2.31,99.4,0.0,-0.0,0.0,236.3,1.52,0.0,77660.0
20090223:1300,2.34,99.4,0.0,-0.0,0.0,213.85,1.31,2.0,77700.0
20090223:1400,3.61,92.15,329.6,1134.32,79.7,215.75,1.1,8.0,77730.0
20090223:1500,7.92,66.05,591.5,1125.07,95.8,221.2,1.52,8.0,77720.0
20090223:1600,11.27,47.45,800.3,1110.68,103.9,223.15,1.72,8.0,77710.0
20090223:1700,13.95,35.45,945.65,1089.88,109.9,229.7,1.93,10.0,77700.0
20090223:1800,16.09,26.5,1009.1,1053.68,112.9,238.8,2.07,10.0,77650.0
20090223:1900,17.75,23.95,990.65,1006.77,112.3,247.5,2.62,12.0,77560.0
20090223:2000,18.87,22.25,891.5,943.35,107.55,252.55,3.1,10.0,77480.0
20090223:2100,19.46,21.5,720.3,852.31,98.85,256.2,3.38,8.0,77410.0
20090223:2200,19.36,21.5,492.25,709.87,85.0,257.4,3.38,5.0,77350.0
20090223:2300,18.68,22.25,233.5,458.82,61.3,257.4,3.31,1.0,77370.0
20090224:0000,17.08,23.8,28.0,99.11,13.2,255.85,3.17,358.0,77370.0
20090224:0100,14.65,29.4,0.0,-0.0,0.0,250.35,2.48,354.0,77430.0
20090224:0200,12.36,39.4,0.0,-0.0,0.0,245.95,2.34,352.0,77510.0
20090224:0300,10.29,49.05,0.0,-0.0,0.0,242.85,2.07,345.0,77590.0
20090224:0400,8.2,63.6,0.0,-0.0,0.0,237.85,1.86,338.0,77620.0
20090224:0500,6.61,71.05,0.0,-0.0,0.0,232.2,1.59,339.0,77620.0
20090224:0600,5.84,79.4,0.0,-0.0,0.0,225.65,1.45,345.0,77610.0
20090224:0700,5.29,79.35,0.0,-0.0,0.0,220.4,1.45,356.0,77570.0
20090224:0800,4.77,82.35,0.0,-0.0,0.0,212.7,1.45,356.0,77520.0
20090224:0900,4.74,85.55,0.0,-0.0,0.0,205.9,1.38,355.0,77460.0
20090224:1000,4.92,82.4,0.0,-0.0,0.0,203.0,1.24,1.0,77430.0
20090224:1100,4.45,85.55,0.0,-0.0,0.0,203.75,1.1,11.0,77430.0
20090224:1200,3.94,85.5,0.0,-0.0,0.0,202.2,1.03,15.0,77450.0
20090224:1300,3.5,82.25,0.0,-0.0,0.0,207.65,0.97,19.0,77470.0
20090224:1400,4.76,76.3,345.9,1226.77,72.1,206.3,0.83,19.0,77520.0
20090224:1500,9.27,56.9,601.05,1146.82,92.25,209.4,1.1,6.0,77500.0
20090224:1600,12.98,38.15,812.7,1125.22,103.6,215.0,1.31,3.0,77480.0
20090224:1700,15.88,27.45,956.15,1097.64,110.9,226.2,1.38,1.0,77480.0
20090224:1800,18.18,20.55,1020.05,1061.5,113.8,236.3,1.45,359.0,77400.0
20090224:1900,19.97,18.45,1001.95,1015.38,112.95,246.35,1.66,0.0,77330.0
20090224:2000,21.13,15.4,902.35,952.33,108.15,252.35,2.0,0.0,77220.0
20090224:2100,21.77,14.3,730.2,862.09,99.3,255.85,2.28,360.0,77160.0
20090224:2200,21.81,13.75,501.0,721.38,85.4,257.2,2.62,357.0,77100.0
20090224:2300,21.21,13.65,240.45,473.85,61.6,256.05,2.83,355.0,77100.0
20090225:0000,19.61,16.35,29.6,105.21,13.7,252.75,2.62,351.0,77110.0
20090225:0100,17.69,18.85,0.0,-0.0,0.0,247.25,1.93,345.0,77150.0
20090225:0200,14.61,27.2,0.0,-0.0,0.0,243.45,1.93,349.0,77230.0
20090225:0300,11.97,35.05,0.0,-0.0,0.0,239.95,1.66,351.0,77330.0
20090225:0400,10.78,38.95,0.0,-0.0,0.0,236.85,1.45,342.0,77420.0
20090225:0500,11.04,37.6,0.0,-0.0,0.0,234.95,1.1,342.0,77450.0
20090225:0600,10.13,42.0,0.0,-0.0,0.0,233.0,0.83,349.0,77470.0
20090225:0700,9.97,40.4,0.0,-0.0,0.0,231.05,0.48,16.0,77450.0
20090225:0800,9.33,45.15,0.0,-0.0,0.0,229.15,0.48,20.0,77410.0
20090225:0900,8.76,48.65,0.0,-0.0,0.0,226.4,0.55,20.0,77380.0
20090225:1000,8.17,50.45,0.0,-0.0,0.0,225.45,0.48,23.0,77350.0
20090225:1100,7.86,50.45,0.0,-0.0,0.0,222.75,0.48,26.0,77350.0
20090225:1200,7.57,50.45,0.0,-0.0,0.0,220.6,0.41,30.0,77360.0
20090225:1300,7.27,52.35,0.0,-0.0,0.0,218.1,0.41,38.0,77400.0
20090225:1400,8.24,52.45,339.6,1180.6,72.65,220.6,0.41,53.0,77450.0
20090225:1500,12.6,53.6,592.7,1121.63,91.6,227.95,0.76,5.0,77410.0
20090225:1600,17.0,26.8,801.2,1101.68,103.4,238.2,1.38,359.0,77430.0
20090225:1700,19.48,21.5,944.5,1078.56,110.45,247.3,1.79,2.0,77430.0
20090225:1800,21.39,16.7,1008.25,1044.18,113.45,255.25,2.48,5.0,77360.0
20090225:1900,23.03,13.95,991.1,999.81,112.65,263.4,3.59,12.0,77270.0
20090225:2000,23.85,12.55,893.3,938.22,108.15,267.85,3.86,12.0,77160.0
20090225:2100,24.17,11.65,723.35,849.64,99.3,270.15,3.86,12.0,77110.0
20090225:2200,24.0,11.6,496.65,710.88,85.4,270.15,3.72,13.0,77070.0
20090225:2300,23.3,11.95,238.85,467.15,61.55,268.05,3.52,13.0,77070.0
20090226:0000,21.68,13.75,29.75,104.32,13.8,263.75,3.03,10.0,77090.0
20090226:0100,19.71,15.7,0.0,-0.0,0.0,257.3,2.55,2.0,77130.0
20090226:0200,16.83,21.0,0.0,-0.0,0.0,252.95,2.07,359.0,77220.0
20090226:0300,13.69,30.3,0.0,-0.0,0.0,248.65,1.86,355.0,77310.0
20090226:0400,12.42,33.7,0.0,-0.0,0.0,245.2,1.52,350.0,77410.0
20090226:0500,12.88,32.5,0.0,-0.0,0.0,242.1,1.17,352.0,77450.0
20090226:0600,12.02,33.7,0.0,-0.0,0.0,239.4,0.9,358.0,77460.0
20090226:0700,11.6,36.3,0.0,-0.0,0.0,239.75,0.69,17.0,77430.0
20090226:0800,10.84,40.55,0.0,-0.0,0.0,238.4,0.62,27.0,77390.0
20090226:0900,10.17,42.0,0.0,-0.0,0.0,236.3,0.34,46.0,77350.0
20090226:1000,9.54,41.85,0.0,-0.0,0.0,233.95,0.21,90.0,77320.0
20090226:1100,8.88,45.0,0.0,-0.0,0.0,231.85,0.21,103.0,77310.0
20090226:1200,8.25,46.65,0.0,-0.0,0.0,228.95,0.28,98.0,77330.0
20090226:1300,7.81,44.85,0.0,-0.0,0.0,227.0,0.34,95.0,77370.0
20090226:1400,9.04,43.4,343.35,1179.88,73.05,226.6,0.41,99.0,77400.0
20090226:1500,13.96,53.85,598.0,1124.59,92.05,232.2,0.34,5.0,77380.0
20090226:1600,18.16,22.25,807.6,1105.44,103.85,240.95,0.9,348.0,77400.0
20090226:1700,20.51,20.1,951.65,1082.61,110.95,249.65,1.17,350.0,77390.0
20090226:1800,22.31,16.25,1017.0,1049.84,114.0,256.6,1.38,350.0,77330.0
20090226:1900,23.84,13.6,999.9,1005.76,113.15,263.2,2.0,9.0,77220.0
20090226:2000,24.71,11.3,901.95,944.9,108.5,267.05,2.07,2.0,77130.0
20090226:2100,25.12,10.5,719.2,846.21,95.45,268.6,2.14,357.0,77050.0
20090226:2200,25.0,10.4,446.25,630.02,80.3,266.85,2.28,350.0,76980.0
20090226:2300,24.18,10.35,225.9,428.74,62.3,267.45,2.34,346.0,76970.0
20090227:0000,22.97,12.35,27.5,96.68,12.55,267.45,2.14,351.0,77000.0
20090227:0100,20.81,14.1,0.0,-0.0,0.0,263.9,1.72,344.0,77040.0
20090227:0200,17.57,22.1,0.0,-0.0,0.0,260.1,1.38,348.0,77140.0
20090227:0300,17.33,20.3,0.0,-0.0,0.0,252.15,1.1,354.0,77220.0
20090227:0400,15.9,23.4,0.0,-0.0,0.0,250.4,0.76,354.0,77280.0
20090227:0500,14.4,27.05,0.0,-0.0,0.0,247.3,0.34,7.0,77310.0
20090227:0600,13.23,30.15,0.0,-0.0,0.0,245.4,0.14,60.0,77310.0
20090227:0700,12.49,31.25,0.0,-0.0,0.0,242.3,0.34,140.0,77270.0
20090227:0800,11.88,34.9,0.0,-0.0,0.0,240.75,0.48,153.0,77230.0
20090227:0900,11.36,36.15,0.0,-0.0,0.0,239.0,0.55,153.0,77190.0
20090227:1000,10.77,37.45,0.0,-0.0,0.0,237.85,0.62,153.0,77170.0
20090227:1100,10.19,38.85,0.0,-0.0,0.0,235.5,0.55,150.0,77180.0
20090227:1200,9.48,40.25,0.0,-0.0,0.0,233.0,0.55,146.0,77210.0
20090227:1300,8.74,45.0,0.0,-0.0,0.0,230.65,0.62,145.0,77250.0
20090227:1400,9.58,45.25,347.0,1178.74,73.4,229.7,0.62,141.0,77270.0
20090227:1500,14.82,56.15,601.35,1123.67,92.25,235.15,0.55,176.0,77240.0
20090227:1600,19.51,21.5,809.7,1102.87,104.0,245.0,0.21,258.0,77240.0
20090227:1700,22.12,15.0,953.45,1080.21,111.1,255.65,0.62,343.0,77220.0
20090227:1800,24.07,11.6,1022.85,1052.4,114.3,262.05,1.45,11.0,77180.0
20090227:1900,25.56,9.3,1006.3,1009.14,113.5,264.15,3.24,16.0,77070.0
20090227:2000,26.17,8.35,911.1,955.97,105.65,266.5,3.45,12.0,76980.0
20090227:2100,26.38,8.35,747.6,881.31,95.7,267.05,3.38,9.0,76910.0
20090227:2200,26.26,8.0,501.5,709.59,87.7,266.3,3.1,10.0,76850.0
20090227:2300,25.39,8.2,244.45,472.11,63.35,267.25,2.9,14.0,76860.0
20090228:0000,23.93,9.8,30.05,95.63,15.1,262.4,2.14,12.0,76890.0
20090228:0100,22.09,10.4,0.0,-0.0,0.0,267.95,1.86,11.0,76960.0
20090228:0200,18.56,18.25,0.0,-0.0,0.0,253.3,1.66,18.0,77040.0
20090228:0300,17.98,16.05,0.0,-0.0,0.0,249.25,1.31,21.0,77120.0
20090228:0400,17.58,15.4,0.0,-0.0,0.0,245.95,0.97,20.0,77170.0
20090228:0500,16.05,18.5,0.0,-0.0,0.0,242.85,0.76,36.0,77210.0
20090228:0600,14.72,21.35,0.0,-0.0,0.0,240.35,0.76,58.0,77210.0
20090228:0700,13.96,23.85,0.0,-0.0,0.0,236.65,0.9,51.0,77190.0
20090228:0800,13.07,24.7,0.0,-0.0,0.0,235.15,0.83,63.0,77150.0
20090228:0900,12.43,26.5,0.0,-0.0,0.0,232.8,0.76,74.0,77130.0
20090228:1000,11.94,27.45,0.0,-0.0,0.0,231.45,0.69,80.0,77110.0
20090228:1100,11.36,27.3,0.0,-0.0,0.0,230.5,0.69,76.0,77120.0
20090228:1200,10.72,28.3,0.0,-0.0,0.0,229.7,0.69,71.0,77140.0
20090228:1300,10.14,29.35,0.0,-0.0,0.0,229.5,0.69,69.0,77210.0
20090228:1400,10.77,31.95,350.8,1177.83,73.8,231.05,0.55,71.0,77230.0
20090228:1500,15.59,48.65,604.35,1121.49,92.65,237.85,0.48,36.0,77230.0
20090228:1600,28.41,0.5,812.05,1100.46,104.3,255.6,3.25,3.0,77240.0
20090228:1700,27.28,0.5,953.7,1075.66,111.4,258.35,3.25,9.0,77230.0
20090228:1800,26.16,2.32,1017.4,1042.27,114.3,261.09,3.25,18.0,77210.0
20090228:1900,25.03,7.66,999.35,997.95,113.45,263.83,3.25,19.0,77100.0
20090228:2000,23.91,13.01,856.95,824.22,160.2,266.58,3.25,21.0,77030.0
20090228:2100,22.78,18.36,696.65,756.97,134.8,269.32,3.25,26.0,76990.0
20090228:2200,21.66,23.71,495.6,691.39,90.85,272.07,3.25,33.0,76960.0
20090228:2300,20.54,29.06,242.05,464.76,62.85,274.81,3.25,38.0,76990.0
20090301:0000,19.41,34.41,31.35,106.34,14.55,277.56,3.25,34.0,77080.0
20090301:0100,18.29,39.75,0.0,-0.0,0.0,280.3,3.26,26.0,77210.0
20090301:0200,17.16,45.1,0.0,-0.0,0.0,283.05,3.26,17.0,77330.0
20090301:0300,16.04,50.45,0.0,-0.0,0.0,285.79,3.26,11.0,77470.0
20090301:0400,14.91,55.8,0.0,-0.0,0.0,288.53,3.26,10.0,77530.0
20090301:0500,13.79,61.15,0.0,-0.0,0.0,291.28,3.26,10.0,77570.0
20090301:0600,12.66,66.49,0.0,-0.0,0.0,294.02,3.26,10.0,77570.0
20090301:0700,11.54,71.84,0.0,-0.0,0.0,296.77,3.26,16.0,77530.0
20090301:0800,10.62,86.05,0.0,-0.0,0.0,335.2,2.55,13.0,77500.0
20090301:0900,10.24,89.2,0.0,-0.0,0.0,326.65,2.41,8.0,77460.0
20090301:1000,9.83,92.45,0.0,-0.0,0.0,328.05,2.48,8.0,77430.0
20090301:1100,9.33,92.45,0.0,-0.0,0.0,333.65,2.48,9.0,77450.0
20090301:1200,8.7,92.4,0.0,-0.0,0.0,318.15,2.34,9.0,77480.0
20090301:1300,8.08,95.8,0.0,-0.0,0.0,310.4,2.28,8.0,77560.0
20090301:1400,8.36,92.4,255.45,488.07,139.15,318.15,2.48,6.0,77570.0
20090301:1500,9.47,74.2,559.0,948.75,123.05,297.85,2.62,5.0,77620.0
20090301:1600,12.13,55.5,772.55,979.79,139.2,258.75,2.69,7.0,77620.0
20090301:1700,14.63,43.25,943.1,1033.57,130.4,269.95,2.83,5.0,77620.0
20090301:1800,16.63,34.9,1017.6,1040.62,112.65,264.35,2.69,3.0,77580.0
20090301:1900,18.24,29.2,1000.65,994.66,114.7,266.85,2.97,2.0,77480.0
20090301:2000,19.25,27.2,896.9,929.18,108.85,266.65,3.52,358.0,77390.0
20090301:2100,19.59,25.3,729.0,835.33,106.9,268.05,4.28,356.0,77360.0
20090301:2200,19.11,26.15,500.15,699.59,89.05,267.05,4.62,356.0,77340.0
20090301:2300,17.93,28.0,242.7,462.45,63.5,264.75,4.69,357.0,77360.0
20090302:0000,16.05,31.0,32.25,108.08,15.0,259.5,3.45,357.0,77390.0
20090302:0100,13.86,38.3,0.0,-0.0,0.0,251.7,3.1,351.0,77440.0
20090302:0200,11.78,45.8,0.0,-0.0,0.0,243.45,3.03,349.0,77530.0
20090302:0300,9.83,54.9,0.0,-0.0,0.0,237.45,2.83,350.0,77610.0
20090302:0400,8.24,61.2,0.0,-0.0,0.0,233.4,2.55,350.0,77650.0
20090302:0500,6.95,63.5,0.0,-0.0,0.0,229.5,2.34,351.0,77670.0
20090302:0600,5.89,70.85,0.0,-0.0,0.0,227.4,2.21,351.0,77690.0
20090302:0700,5.12,76.4,0.0,-0.0,0.0,227.75,2.14,351.0,77620.0
20090302:0800,4.11,82.3,0.0,-0.0,0.0,224.3,2.14,353.0,77600.0
20090302:0900,3.16,85.4,0.0,-0.0,0.0,221.2,1.93,354.0,77560.0
20090302:1000,2.48,85.35,0.0,-0.0,0.0,217.7,1.79,359.0,77530.0
20090302:1100,2.17,88.65,0.0,-0.0,0.0,214.4,1.72,4.0,77520.0
20090302:1200,2.01,85.3,0.0,-0.0,0.0,211.9,1.66,8.0,77510.0
20090302:1300,1.99,82.05,35.25,0.0,35.25,209.6,1.52,12.0,77540.0
20090302:1400,4.13,76.25,361.0,1182.93,75.4,210.15,1.31,13.0,77530.0
20090302:1500,9.86,43.55,618.4,1133.11,94.05,215.2,1.79,4.0,77530.0
20090302:1600,13.22,30.15,829.65,1114.12,105.8,223.7,2.07,4.0,77530.0
20090302:1700,15.83,21.6,974.35,1090.99,112.95,231.65,2.21,4.0,77520.0
20090302:1800,17.89,16.05,1040.8,1059.68,115.95,238.2,2.28,4.0,77470.0
20090302:1900,19.47,15.0,1021.95,1014.86,115.0,243.45,3.17,5.0,77380.0
20090302:2000,20.48,12.9,920.6,952.47,110.2,247.3,3.66,4.0,77310.0
20090302:2100,20.96,11.5,746.7,863.83,101.25,250.4,3.79,2.0,77270.0
20090302:2200,20.87,11.0,515.4,726.0,87.2,250.8,3.79,358.0,77230.0
20090302:2300,20.17,11.4,252.05,484.22,63.5,249.25,3.66,354.0,77230.0
20090303:0000,18.63,12.6,33.95,116.32,15.2,245.4,3.45,349.0,77250.0
20090303:0100,16.64,15.15,0.0,-0.0,0.0,239.9,2.48,345.0,77300.0
20090303:0200,14.36,19.55,0.0,-0.0,0.0,236.65,2.21,345.0,77370.0
20090303:0300,11.65,27.45,0.0,-0.0,0.0,233.4,1.93,344.0,77460.0
20090303:0400,9.36,35.6,0.0,-0.0,0.0,231.05,1.79,339.0,77520.0
20090303:0500,8.45,38.4,0.0,-0.0,0.0,228.55,1.59,338.0,77560.0
20090303:0600,8.12,41.45,0.0,-0.0,0.0,225.65,1.52,346.0,77560.0
20090303:0700,8.67,41.6,0.0,-0.0,0.0,223.3,1.38,354.0,77490.0
20090303:0800,8.81,41.6,0.0,-0.0,0.0,219.85,1.24,358.0,77460.0
20090303:0900,8.26,44.85,0.0,-0.0,0.0,217.3,1.17,2.0,77440.0
20090303:1000,7.82,44.85,0.0,-0.0,0.0,215.75,1.03,6.0,77390.0
20090303:1100,7.52,44.85,0.0,-0.0,0.0,215.2,1.03,11.0,77390.0
20090303:1200,7.24,44.75,0.0,-0.0,0.0,214.6,0.97,16.0,77390.0
20090303:1300,7.07,43.0,35.8,0.0,35.8,215.0,0.97,20.0,77440.0
20090303:1400,8.5,39.95,363.2,1177.13,75.25,217.9,0.83,23.0,77450.0
20090303:1500,13.03,30.15,619.2,1126.85,94.05,224.5,1.17,9.0,77440.0
20090303:1600,16.84,20.2,829.8,1108.72,105.8,232.6,1.59,8.0,77450.0
20090303:1700,19.35,16.25,974.4,1086.59,112.95,241.15,1.79,6.0,77440.0
20090303:1800,21.33,13.1,1041.05,1056.02,116.1,247.9,2.07,6.0,77400.0
20090303:1900,23.09,11.0,1022.55,1011.99,115.2,253.5,3.17,11.0,77310.0
20090303:2000,23.99,9.8,922.9,951.87,110.45,257.4,3.38,8.0,77210.0
20090303:2100,24.43,8.75,750.15,865.31,101.5,258.55,3.38,6.0,77160.0
20090303:2200,24.3,8.05,518.85,728.88,87.4,257.6,3.38,5.0,77100.0
20090303:2300,23.58,7.95,254.15,486.41,63.85,255.45,3.38,6.0,77090.0
20090304:0000,21.91,9.9,34.65,117.67,15.5,251.95,3.03,6.0,77110.0
20090304:0100,19.67,11.8,0.0,-0.0,0.0,247.05,2.48,4.0,77180.0
20090304:0200,16.81,17.85,0.0,-0.0,0.0,245.0,1.93,2.0,77270.0
20090304:0300,13.55,28.0,0.0,-0.0,0.0,242.85,1.79,352.0,77360.0
20090304:0400,11.77,34.9,0.0,-0.0,0.0,239.95,1.59,344.0,77440.0
20090304:0500,10.95,37.6,0.0,-0.0,0.0,235.9,1.38,344.0,77480.0
20090304:0600,11.05,39.1,0.0,-0.0,0.0,231.65,1.1,357.0,77460.0
20090304:0700,10.32,45.4,0.0,-0.0,0.0,229.7,1.03,7.0,77440.0
20090304:0800,9.58,48.95,0.0,-0.0,0.0,225.45,0.97,11.0,77410.0
20090304:0900,8.9,52.6,0.0,-0.0,0.0,220.6,0.9,15.0,77370.0
20090304:1000,8.34,54.55,0.0,-0.0,0.0,216.55,0.9,18.0,77350.0
20090304:1100,7.82,52.45,0.0,-0.0,0.0,213.05,0.83,24.0,77350.0
20090304:1200,7.36,50.35,0.0,-0.0,0.0,211.7,0.76,31.0,77400.0
20090304:1300,6.89,50.2,37.2,0.0,37.2,210.75,0.76,39.0,77430.0
20090304:1400,8.34,46.65,371.95,1193.71,76.1,212.85,0.55,54.0,77460.0
20090304:1500,13.38,44.5,630.05,1140.44,94.8,219.05,0.69,11.0,77440.0
20090304:1600,17.39,24.75,841.6,1120.04,106.5,228.55,0.83,5.0,77440.0
20090304:1700,20.16,18.6,986.2,1096.11,113.65,238.05,0.83,357.0,77420.0
20090304:1800,22.29,14.45,1051.65,1063.67,116.7,245.4,0.97,352.0,77360.0
20090304:1900,24.03,10.25,1032.65,1019.35,115.75,251.2,1.66,13.0,77250.0
20090304:2000,24.97,8.1,933.25,963.05,108.7,254.85,1.72,10.0,77120.0
20090304:2100,25.45,7.25,768.9,890.9,98.95,255.85,1.72,7.0,77070.0
20090304:2200,25.33,6.65,507.3,693.49,95.35,254.65,1.59,3.0,77010.0
20090304:2300,24.61,6.85,254.45,479.97,65.8,253.7,1.59,4.0,76990.0
20090305:0000,23.35,7.9,35.25,117.49,15.95,252.95,1.59,7.0,77030.0
20090305:0100,21.14,11.1,0.0,-0.0,0.0,249.15,1.31,346.0,77090.0
20090305:0200,18.83,15.5,0.0,-0.0,0.0,249.25,0.9,324.0,77170.0
20090305:0300,17.29,18.75,0.0,-0.0,0.0,248.1,0.69,304.0,77270.0
20090305:0400,16.0,21.75,0.0,-0.0,0.0,246.95,0.48,314.0,77340.0
20090305:0500,14.71,26.1,0.0,-0.0,0.0,245.0,0.62,334.0,77380.0
20090305:0600,13.69,30.3,0.0,-0.0,0.0,243.25,0.69,337.0,77390.0
20090305:0700,12.72,32.5,0.0,-0.0,0.0,234.15,0.21,42.0,77380.0
20090305:0800,11.95,34.9,0.0,-0.0,0.0,231.85,0.21,99.0,77330.0
20090305:0900,11.18,36.15,0.0,-0.0,0.0,230.3,0.48,125.0,77310.0
20090305:1000,10.37,37.3,0.0,-0.0,0.0,228.95,0.55,138.0,77290.0
20090305:1100,9.75,37.2,0.0,-0.0,0.0,225.25,0.55,150.0,77320.0
20090305:1200,9.28,37.05,0.0,-0.0,0.0,224.5,0.48,151.0,77350.0
20090305:1300,8.84,36.9,37.8,0.0,37.8,223.3,0.48,141.0,77390.0
20090305:1400,9.71,37.2,372.75,1181.82,76.0,224.5,0.41,122.0,77410.0
20090305:1500,14.6,46.6,629.2,1131.37,94.45,228.95,0.07,181.0,77400.0
20090305:1600,18.4,19.75,838.8,1110.47,106.3,239.2,0.34,312.0,77400.0
20090305:1700,21.05,16.7,981.0,1085.49,113.4,249.25,0.69,337.0,77390.0
20090305:1800,22.88,13.95,1042.45,1049.98,116.3,257.6,0.76,346.0,77340.0
20090305:1900,23.96,13.6,1023.0,1006.19,115.05,265.9,1.03,360.0,77210.0
20090305:2000,24.9,12.75,925.6,956.98,103.75,269.6,1.03,352.0,77130.0
20090305:2100,25.34,11.85,751.45,862.3,101.0,271.1,1.03,342.0,77030.0
20090305:2200,25.38,11.4,486.85,591.29,134.4,276.95,0.76,331.0,76970.0
20090305:2300,24.61,11.3,252.2,472.76,65.55,287.4,0.97,296.0,76970.0
20090306:0000,23.08,13.5,34.35,114.63,15.35,272.1,1.1,294.0,77030.0
20090306:0100,20.57,17.95,0.0,-0.0,0.0,266.4,1.03,312.0,77110.0
20090306:0200,17.9,26.9,0.0,-0.0,0.0,265.5,1.03,315.0,77210.0
20090306:0300,17.28,24.75,0.0,-0.0,0.0,264.35,0.97,303.0,77290.0
20090306:0400,16.11,28.7,0.0,-0.0,0.0,256.8,0.83,318.0,77370.0
20090306:0500,14.87,34.35,0.0,-0.0,0.0,254.1,0.9,341.0,77410.0
20090306:0600,13.75,39.8,0.0,-0.0,0.0,251.2,0.69,352.0,77420.0
20090306:0700,12.85,42.7,0.0,-0.0,0.0,246.95,0.62,355.0,77430.0
20090306:0800,11.91,47.6,0.0,-0.0,0.0,242.65,0.34,18.0,77410.0
20090306:0900,11.07,49.3,0.0,-0.0,0.0,244.8,0.21,112.0,77360.0
20090306:1000,10.42,49.05,0.0,-0.0,0.0,236.65,0.69,147.0,77330.0
20090306:1100,10.02,47.2,0.0,-0.0,0.0,235.5,0.83,155.0,77350.0
20090306:1200,9.6,45.25,0.0,-0.0,0.0,235.7,0.9,161.0,77370.0
20090306:1300,9.14,45.15,44.0,0.0,44.0,235.15,0.83,166.0,77420.0
20090306:1400,10.27,43.7,363.35,1094.02,85.05,240.75,0.69,162.0,77440.0
20090306:1500,15.21,28.4,620.25,1092.65,100.15,245.4,1.03,189.0,77440.0
20090306:1600,18.43,21.4,828.5,1080.1,112.45,250.8,1.03,209.0,77430.0
20090306:1700,20.98,18.7,972.45,1071.48,112.6,260.85,0.9,222.0,77400.0
20090306:1800,22.93,16.4,1039.15,1043.08,115.9,268.2,0.62,243.0,77330.0
20090306:1900,24.24,13.2,1012.6,992.6,114.1,272.3,0.41,259.0,77220.0
20090306:2000,25.09,11.85,923.45,939.78,113.95,275.75,0.69,248.0,77110.0
20090306:2100,25.43,11.85,710.75,750.06,143.25,279.65,1.1,238.0,77010.0
20090306:2200,25.04,12.75,426.2,431.64,168.05,290.1,1.72,228.0,76960.0
20090306:2300,23.89,14.75,209.05,345.37,72.1,304.05,2.76,223.0,76960.0
20090307:0000,21.83,18.95,32.25,84.33,18.15,288.15,1.86,214.0,77010.0
20090307:0100,19.73,23.4,0.0,-0.0,0.0,280.15,0.97,217.0,77100.0
20090307:0200,17.48,33.75,0.0,-0.0,0.0,268.6,1.03,224.0,77170.0
20090307:0300,17.75,28.0,0.0,-0.0,0.0,267.25,0.9,225.0,77250.0
20090307:0400,17.16,28.95,0.0,-0.0,0.0,265.5,0.62,231.0,77300.0
20090307:0500,16.42,32.2,0.0,-0.0,0.0,262.2,0.62,241.0,77330.0
20090307:0600,15.67,33.35,0.0,-0.0,0.0,260.5,0.83,231.0,77340.0
20090307:0700,14.82,34.35,0.0,-0.0,0.0,257.4,0.9,207.0,77300.0
20090307:0800,14.23,34.25,0.0,-0.0,0.0,256.8,1.17,197.0,77220.0
20090307:0900,13.26,36.7,0.0,-0.0,0.0,255.85,1.31,187.0,77200.0
20090307:1000,11.91,40.8,0.0,-0.0,0.0,253.3,1.38,186.0,77180.0
20090307:1100,11.14,43.95,0.0,-0.0,0.0,251.6,1.31,188.0,77210.0
20090307:1200,10.63,45.55,0.0,-0.0,0.0,251.2,1.24,191.0,77250.0
20090307:1300,10.1,49.05,39.15,0.0,39.15,249.25,1.17,191.0,77300.0
20090307:1400,11.85,47.6,360.6,1095.85,78.2,251.2,0.83,182.0,77350.0
20090307:1500,16.13,37.55,608.3,1064.56,98.0,258.55,1.03,208.0,77340.0
20090307:1600,18.75,36.7,812.3,1053.71,110.25,269.75,0.83,244.0,77350.0
20090307:1700,20.95,30.9,951.8,1035.56,117.45,280.05,0.83,292.0,77330.0
20090307:1800,22.75,26.05,1003.15,978.72,133.9,290.3,0.62,292.0,77280.0
20090307:1900,23.9,22.65,941.95,863.54,157.85,301.7,0.62,278.0,77160.0
20090307:2000,24.69,20.4,832.55,765.77,171.0,308.5,0.97,259.0,77050.0
20090307:2100,24.75,20.4,556.2,478.42,193.15,305.75,1.38,246.0,76990.0
20090307:2200,22.27,27.95,367.85,421.49,114.95,330.55,1.66,220.0,76970.0
20090307:2300,20.2,39.95,149.45,217.72,62.75,312.75,2.14,207.0,77050.0
20090308:0000,19.08,42.7,21.5,48.34,13.35,312.15,2.62,214.0,77070.0
20090308:0100,17.93,45.7,0.0,-0.0,0.0,324.45,2.0,232.0,77100.0
20090308:0200,16.74,48.9,0.0,-0.0,0.0,292.6,1.1,245.0,77150.0
20090308:0300,16.53,47.15,0.0,-0.0,0.0,280.05,0.48,226.0,77180.0
20090308:0400,15.76,52.4,0.0,-0.0,0.0,279.05,0.28,230.0,77230.0
20090308:0500,14.89,54.1,0.0,-0.0,0.0,275.0,0.14,273.0,77220.0
20090308:0600,14.18,56.0,0.0,-0.0,0.0,275.0,0.0,61.0,77210.0
20090308:0700,14.39,50.1,0.0,-0.0,0.0,266.85,0.62,336.0,77190.0
20090308:0800,13.6,51.9,0.0,-0.0,0.0,269.2,0.48,13.0,77130.0
20090308:0900,12.94,55.65,0.0,-0.0,0.0,265.9,0.28,31.0,77100.0
20090308:1000,12.45,57.65,0.0,-0.0,0.0,261.05,0.07,140.0,77070.0
20090308:1100,12.37,57.65,0.0,-0.0,0.0,260.1,0.34,171.0,77090.0
20090308:1200,12.23,57.65,0.0,-0.0,0.0,258.75,0.69,162.0,77110.0
20090308:1300,11.77,59.7,40.1,0.0,40.1,257.6,0.9,161.0,77190.0
20090308:1400,12.38,59.85,360.0,1079.51,78.2,258.75,0.69,164.0,77230.0
20090308:1500,16.69,43.8,606.45,1051.43,98.9,264.75,0.97,202.0,77240.0
20090308:1600,19.64,35.6,810.75,1045.8,110.5,275.4,0.76,234.0,77250.0
20090308:1700,21.98,27.85,939.35,986.35,141.5,285.05,0.55,298.0,77230.0
20090308:1800,23.71,23.5,1014.15,994.44,127.95,292.6,0.55,348.0,77180.0
20090308:1900,24.85,21.2,931.2,828.48,176.65,297.05,0.55,356.0,77090.0
20090308:2000,25.37,20.55,815.75,744.99,170.3,315.85,0.28,29.0,76970.0
20090308:2100,24.77,22.05,540.6,418.5,222.1,317.0,0.34,178.0,76940.0
20090308:2200,23.64,24.4,375.65,414.51,126.15,321.65,1.17,231.0,76920.0
20090308:2300,22.69,26.05,129.3,137.05,74.5,315.45,1.03,224.0,76930.0
20090309:0000,21.56,28.9,24.2,51.47,15.45,333.65,0.34,240.0,76970.0
20090309:0100,20.16,31.95,0.0,-0.0,0.0,310.9,0.48,322.0,77030.0
20090309:0200,19.46,35.45,0.0,-0.0,0.0,328.6,0.55,345.0,77080.0
20090309:0300,18.35,38.1,0.0,-0.0,0.0,298.8,0.97,323.0,77120.0
20090309:0400,17.75,40.9,0.0,-0.0,0.0,305.2,1.03,337.0,77160.0
20090309:0500,16.81,43.8,0.0,-0.0,0.0,277.5,0.97,350.0,77180.0
20090309:0600,15.78,48.65,0.0,-0.0,0.0,272.1,0.83,9.0,77190.0
20090309:0700,14.93,50.25,0.0,-0.0,0.0,269.6,0.34,286.0,77170.0
20090309:0800,14.35,52.0,0.0,-0.0,0.0,263.75,0.55,206.0,77140.0
20090309:0900,13.82,53.85,0.0,-0.0,0.0,261.05,0.97,181.0,77090.0
20090309:1000,12.84,55.65,0.0,-0.0,0.0,258.75,1.31,172.0,77080.0
20090309:1100,11.52,59.7,0.0,-0.0,0.0,257.75,1.31,170.0,77090.0
20090309:1200,11.14,59.6,0.0,-0.0,0.0,257.95,1.24,171.0,77130.0
20090309:1300,10.84,61.75,40.8,0.0,40.8,254.5,1.24,172.0,77200.0
20090309:1400,12.28,59.85,364.05,1075.97,79.55,256.8,0.76,171.0,77240.0
20090309:1500,15.88,46.9,610.9,1051.73,99.65,264.15,1.1,204.0,77240.0
20090309:1600,18.37,39.55,813.05,1041.17,112.45,273.85,1.17,214.0,77260.0
20090309:1700,20.64,33.3,951.45,1024.67,119.35,282.35,1.17,220.0,77240.0
20090309:1800,22.54,30.15,1019.15,1006.9,118.85,291.65,1.1,219.0,77180.0
20090309:1900,23.79,25.35,976.15,902.47,151.75,295.3,0.9,210.0,77100.0
20090309:2000,24.43,23.65,771.7,708.42,156.2,300.95,1.17,202.0,76990.0
20090309:2100,24.2,23.65,528.15,418.7,208.6,312.75,1.52,204.0,76940.0
20090309:2200,23.38,26.2,328.15,283.96,156.7,332.65,1.72,207.0,76890.0
20090309:2300,22.04,28.9,131.45,156.43,68.65,325.7,2.07,202.0,76920.0
20090310:0000,20.89,32.1,20.75,38.81,14.1,315.05,2.07,201.0,76940.0
20090310:0100,19.69,34.3,0.0,-0.0,0.0,312.25,1.66,217.0,76990.0
20090310:0200,18.36,39.55,0.0,-0.0,0.0,322.8,1.17,226.0,77070.0
20090310:0300,17.69,40.9,0.0,-0.0,0.0,286.05,0.9,229.0,77120.0
20090310:0400,17.31,42.3,0.0,-0.0,0.0,284.1,0.62,251.0,77160.0
20090310:0500,16.55,43.8,0.0,-0.0,0.0,290.85,0.55,274.0,77190.0
20090310:0600,15.69,46.9,0.0,-0.0,0.0,278.5,0.9,275.0,77190.0
20090310:0700,15.02,45.05,0.0,-0.0,0.0,278.5,1.1,254.0,77130.0
20090310:0800,14.41,48.25,0.0,-0.0,0.0,270.75,1.1,220.0,77100.0
20090310:0900,13.14,49.85,0.0,-0.0,0.0,268.4,1.31,197.0,77050.0
20090310:1000,11.41,55.3,0.0,-0.0,0.0,259.3,1.52,192.0,77040.0
20090310:1100,10.47,57.3,0.0,-0.0,0.0,254.5,1.52,192.0,77030.0
20090310:1200,9.8,59.25,0.0,-0.0,0.0,252.15,1.45,194.0,77060.0
20090310:1300,9.5,59.25,42.0,0.0,42.0,250.6,1.38,197.0,77100.0
20090310:1400,12.58,49.7,369.35,1079.53,80.25,252.55,0.97,192.0,77140.0
20090310:1500,16.39,36.15,617.8,1058.75,99.55,260.3,1.24,210.0,77140.0
20090310:1600,19.01,31.55,822.1,1051.45,111.1,270.75,1.1,233.0,77150.0
20090310:1700,21.13,27.7,960.15,1033.21,117.85,280.05,1.03,261.0,77130.0
20090310:1800,22.86,25.1,999.65,915.64,178.25,288.75,1.03,269.0,77090.0
20090310:1900,24.05,22.65,904.0,796.95,173.85,303.65,0.83,288.0,76990.0
20090310:2000,24.86,19.65,848.85,776.55,172.3,318.95,0.9,266.0,76910.0
20090310:2100,25.41,19.0,493.25,391.35,193.75,314.3,1.45,251.0,76800.0
20090310:2200,24.29,20.3,174.5,77.2,127.75,327.85,2.0,239.0,76790.0
20090310:2300,22.36,24.95,97.1,56.2,74.45,353.55,2.48,227.0,76840.0
20090311:0000,21.43,26.7,21.55,32.72,15.9,337.5,2.14,215.0,76880.0
20090311:0100,20.06,28.5,0.0,-0.0,0.0,325.05,1.17,227.0,76940.0
20090311:0200,18.23,36.7,0.0,-0.0,0.0,295.9,0.97,281.0,77020.0
20090311:0300,16.97,40.6,0.0,-0.0,0.0,304.8,1.17,309.0,77100.0
20090311:0400,17.44,39.25,0.0,-0.0,0.0,286.05,0.55,262.0,77120.0
20090311:0500,16.59,40.6,0.0,-0.0,0.0,279.45,0.69,235.0,77140.0
20090311:0600,15.88,43.5,0.0,-0.0,0.0,275.4,0.69,229.0,77120.0
20090311:0700,15.34,38.7,0.0,-0.0,0.0,274.8,0.62,228.0,77070.0
20090311:0800,14.47,41.5,0.0,-0.0,0.0,275.0,0.69,214.0,77060.0
20090311:0900,13.69,42.95,0.0,-0.0,0.0,263.2,0.83,210.0,77040.0
20090311:1000,12.98,44.5,0.0,-0.0,0.0,262.8,0.97,204.0,77030.0
20090311:1100,12.34,47.75,0.0,-0.0,0.0,257.2,1.03,204.0,77030.0
20090311:1200,11.73,49.45,0.0,-0.0,0.0,254.5,0.97,201.0,77050.0
20090311:1300,11.09,51.25,42.75,0.0,42.75,251.95,0.97,199.0,77130.0
20090311:1400,12.62,47.85,371.9,1075.17,80.3,254.65,0.55,185.0,77170.0
20090311:1500,16.2,36.15,619.0,1052.48,100.25,262.4,0.62,222.0,77200.0
20090311:1600,18.78,32.75,822.6,1045.75,112.0,271.7,0.62,275.0,77190.0
20090311:1700,21.04,30.9,961.4,1030.41,118.15,281.2,0.69,280.0,77170.0
20090311:1800,22.87,26.05,1019.05,990.73,127.4,290.1,0.69,270.0,77110.0
20090311:1900,23.96,24.4,970.0,865.34,174.9,298.2,0.76,262.0,77000.0
20090311:2000,24.92,22.05,708.95,530.97,245.1,317.4,0.83,264.0,76910.0
20090311:2100,24.79,22.05,235.35,18.77,220.95,332.1,1.24,245.0,76830.0
20090311:2200,22.47,27.95,255.55,171.31,151.5,363.65,2.28,251.0,76840.0
20090311:2300,20.89,30.9,103.4,90.48,66.8,332.85,1.72,242.0,76930.0
20090312:0000,19.99,33.05,22.55,34.78,16.5,322.8,0.9,213.0,76930.0
20090312:0100,18.56,36.7,0.0,-0.0,0.0,319.25,0.83,16.0,77010.0
20090312:0200,17.06,42.3,0.0,-0.0,0.0,310.05,1.72,347.0,77100.0
20090312:0300,15.78,52.4,0.0,-0.0,0.0,319.9,1.86,335.0,77160.0
20090312:0400,14.3,62.55,0.0,-0.0,0.0,311.55,1.38,340.0,77210.0
20090312:0500,14.41,62.55,0.0,-0.0,0.0,277.7,0.83,340.0,77210.0
20090312:0600,13.73,64.75,0.0,-0.0,0.0,269.6,0.55,339.0,77200.0
20090312:0700,13.02,67.05,0.0,-0.0,0.0,267.45,0.55,19.0,77170.0
20090312:0800,12.68,69.45,0.0,-0.0,0.0,265.1,0.0,153.0,77140.0
20090312:0900,12.24,71.95,0.0,-0.0,0.0,261.25,0.34,188.0,77120.0
20090312:1000,11.65,71.85,0.0,-0.0,0.0,260.3,0.48,168.0,77120.0
20090312:1100,11.05,74.45,0.0,-0.0,0.0,257.95,0.55,151.0,77130.0
20090312:1200,10.39,77.1,0.0,-0.0,0.0,256.6,0.62,142.0,77150.0
20090312:1300,9.76,79.9,45.05,0.0,45.05,255.65,0.55,129.0,77200.0
20090312:1400,11.35,74.45,366.3,1022.06,85.6,258.15,0.28,96.0,77240.0
20090312:1500,14.84,54.1,614.5,1031.67,102.5,268.2,0.21,304.0,77270.0
20090312:1600,17.59,44.05,820.7,1040.57,110.2,277.3,0.48,335.0,77270.0
20090312:1700,19.95,38.35,922.3,967.46,127.55,285.65,0.97,343.0,77250.0
20090312:1800,21.81,32.35,987.05,923.99,152.8,298.8,1.17,354.0,77200.0
20090312:1900,23.25,28.25,814.0,602.92,258.45,314.5,0.83,339.0,77080.0
20090312:2000,23.96,26.35,434.3,220.12,241.5,327.05,0.69,319.0,76970.0
20090312:2100,21.7,32.35,313.5,192.43,165.45,360.15,0.83,314.0,76940.0
20090312:2200,19.66,38.35,76.8,9.85,70.8,352.4,0.69,262.0,76990.0
20090312:2300,17.68,49.15,125.75,121.8,76.3,348.75,0.97,233.0,77020.0
20090313:0000,16.44,56.5,19.35,40.53,12.25,314.85,1.1,356.0,77080.0
20090313:0100,14.75,69.85,0.0,-0.0,0.0,317.1,1.31,2.0,77150.0
20090313:0200,13.73,80.4,0.0,-0.0,0.0,328.6,1.17,14.0,77210.0
20090313:0300,12.7,89.4,0.0,-0.0,0.0,306.55,1.38,11.0,77270.0
20090313:0400,11.93,92.55,0.0,-0.0,0.0,305.2,1.52,9.0,77340.0
20090313:0500,11.15,95.9,0.0,-0.0,0.0,303.05,1.24,3.0,77330.0
20090313:0600,11.08,89.3,0.0,-0.0,0.0,287.75,0.83,338.0,77290.0
20090313:0700,10.13,92.5,0.0,-0.0,0.0,274.4,0.83,207.0,77220.0
20090313:0800,8.57,95.85,0.0,-0.0,0.0,261.05,1.31,196.0,77170.0
20090313:0900,8.21,95.8,0.0,-0.0,0.0,261.25,1.45,189.0,77130.0
20090313:1000,8.16,95.8,0.0,-0.0,0.0,260.5,1.38,187.0,77090.0
20090313:1100,7.64,95.8,0.0,-0.0,0.0,264.95,1.31,182.0,77100.0
20090313:1200,7.77,95.8,0.0,-0.0,0.0,258.15,1.24,181.0,77120.0
20090313:1300,7.75,95.8,44.95,0.0,44.95,261.25,1.03,182.0,77180.0
20090313:1400,10.79,92.5,366.2,996.28,89.15,258.35,0.62,181.0,77180.0
20090313:1500,14.09,72.3,617.05,1014.84,109.95,269.4,1.03,217.0,77210.0
20090313:1600,16.78,56.6,787.45,931.81,148.15,273.65,1.1,244.0,77240.0
20090313:1700,18.64,47.55,813.1,697.39,238.05,286.4,1.17,287.0,77230.0
20090313:1800,19.98,42.85,907.65,793.12,189.3,312.15,0.83,274.0,77190.0
20090313:1900,22.04,33.6,908.5,746.0,219.2,311.55,1.31,253.0,77060.0
20090313:2000,22.76,30.3,765.3,601.49,237.1,313.5,1.59,238.0,76940.0
20090313:2100,22.75,29.2,621.6,608.96,151.9,316.6,2.07,234.0,76890.0
20090313:2200,22.39,29.05,383.1,397.62,140.25,323.75,2.48,231.0,76820.0
20090313:2300,21.72,30.0,168.0,199.91,86.55,325.5,3.03,227.0,76820.0
20090314:0000,20.56,34.55,27.35,61.22,16.55,316.8,2.83,223.0,76830.0
20090314:0100,19.18,41.15,0.0,-0.0,0.0,313.25,1.86,211.0,76870.0
20090314:0200,17.4,47.3,0.0,-0.0,0.0,294.35,1.66,203.0,76940.0
20090314:0300,15.11,58.35,0.0,-0.0,0.0,282.95,1.52,207.0,77000.0
20090314:0400,13.91,62.45,0.0,-0.0,0.0,279.85,1.52,211.0,77050.0
20090314:0500,13.12,64.65,0.0,-0.0,0.0,278.1,1.38,215.0,77070.0
20090314:0600,12.71,66.95,0.0,-0.0,0.0,282.75,1.31,214.0,77070.0
20090314:0700,12.89,66.95,0.0,-0.0,0.0,288.55,1.17,216.0,77030.0
20090314:0800,12.44,69.35,0.0,-0.0,0.0,303.85,1.17,206.0,76990.0
20090314:0900,11.63,69.25,0.0,-0.0,0.0,281.0,1.31,205.0,76970.0
20090314:1000,11.1,69.15,0.0,-0.0,0.0,272.5,1.31,204.0,76960.0
20090314:1100,10.87,71.7,0.0,-0.0,0.0,265.3,1.31,205.0,76940.0
20090314:1200,11.28,69.15,0.0,-0.0,0.0,263.75,1.1,209.0,76970.0
20090314:1300,10.77,71.7,46.0,0.0,46.0,258.15,0.97,210.0,77010.0
20090314:1400,12.5,66.95,373.85,1015.83,87.85,264.95,0.83,198.0,77030.0
20090314:1500,15.83,50.5,614.05,1010.17,105.85,265.9,1.1,214.0,77070.0
20090314:1600,18.33,39.55,822.5,1024.88,116.0,280.2,1.31,219.0,77090.0
20090314:1700,20.52,35.75,810.4,721.93,212.9,284.65,1.72,212.0,77090.0
20090314:1800,21.97,31.15,954.85,869.37,165.0,298.6,2.69,207.0,77050.0
20090314:1900,23.31,28.25,967.2,869.92,161.2,306.35,3.17,198.0,76950.0
20090314:2000,24.1,24.55,869.6,830.73,138.25,304.05,4.0,197.0,76860.0
20090314:2100,23.77,23.5,641.05,624.33,158.3,306.55,4.76,199.0,76810.0
20090314:2200,23.25,23.4,414.4,442.03,143.7,307.1,4.76,202.0,76790.0
20090314:2300,22.19,24.95,233.7,384.75,76.4,305.0,4.62,199.0,76780.0
20090315:0000,20.87,28.65,38.7,119.07,17.55,291.45,4.0,197.0,76830.0
20090315:0100,18.97,32.75,0.0,-0.0,0.0,279.55,2.21,188.0,76890.0
20090315:0200,17.08,36.4,0.0,-0.0,0.0,273.45,1.86,193.0,76960.0
20090315:0300,14.62,46.6,0.0,-0.0,0.0,268.6,1.79,203.0,77040.0
20090315:0400,12.9,55.65,0.0,-0.0,0.0,264.35,1.72,210.0,77090.0
20090315:0500,11.85,59.7,0.0,-0.0,0.0,261.45,1.59,211.0,77130.0
20090315:0600,11.32,61.85,0.0,-0.0,0.0,258.15,1.52,208.0,77130.0
20090315:0700,10.86,64.1,0.0,-0.0,0.0,258.35,1.59,205.0,77120.0
20090315:0800,10.34,66.45,0.0,-0.0,0.0,256.4,1.52,198.0,77080.0
20090315:0900,9.77,68.9,0.0,-0.0,0.0,254.3,1.52,194.0,77080.0
20090315:1000,9.27,71.4,0.0,-0.0,0.0,252.35,1.52,194.0,77030.0
20090315:1100,8.86,74.05,0.0,-0.0,0.0,250.2,1.52,194.0,77070.0
20090315:1200,8.62,74.05,0.0,-0.0,0.0,249.05,1.45,193.0,77070.0
20090315:1300,8.46,74.05,132.6,1244.28,78.75,247.7,1.38,189.0,77140.0
20090315:1400,11.21,64.25,387.95,1072.95,82.15,249.65,1.1,182.0,77140.0
20090315:1500,15.75,46.9,634.4,1050.68,102.25,257.95,1.52,199.0,77170.0
20090315:1600,18.31,38.1,836.15,1041.94,114.5,268.05,1.66,208.0,77200.0
20090315:1700,20.4,33.15,964.1,995.15,137.45,278.5,1.93,212.0,77190.0
20090315:1800,22.11,27.95,1024.7,982.6,129.25,289.9,2.76,214.0,77140.0
20090315:1900,23.33,24.3,904.95,786.6,174.2,292.8,2.83,213.0,77050.0
20090315:2000,23.63,23.5,750.8,636.01,189.5,308.3,3.24,216.0,77010.0
20090315:2100,23.32,24.3,652.2,655.02,144.5,325.1,3.52,217.0,76950.0
20090315:2200,23.09,24.3,342.05,334.62,136.6,313.3,3.66,213.0,76940.0
20090315:2300,21.89,27.85,198.95,268.16,88.95,313.1,3.72,206.0,76970.0
20090316:0000,20.86,30.9,36.4,109.62,16.8,329.4,2.97,200.0,77010.0
20090316:0100,19.06,34.15,0.0,-0.0,0.0,294.05,2.21,195.0,77060.0
20090316:0200,17.23,39.25,0.0,-0.0,0.0,280.6,2.14,197.0,77120.0
20090316:0300,15.01,46.75,0.0,-0.0,0.0,271.9,1.79,204.0,77190.0
20090316:0400,14.22,50.1,0.0,-0.0,0.0,268.6,1.24,210.0,77270.0
20090316:0500,14.31,50.1,0.0,-0.0,0.0,267.65,0.76,227.0,77320.0
20090316:0600,13.57,51.9,0.0,-0.0,0.0,264.55,0.48,242.0,77340.0
20090316:0700,13.31,57.9,0.0,-0.0,0.0,276.75,0.55,258.0,77320.0
20090316:0800,12.82,59.95,0.0,-0.0,0.0,268.6,0.41,242.0,77290.0
20090316:0900,12.42,62.1,0.0,-0.0,0.0,268.6,0.48,225.0,77280.0
20090316:1000,11.95,64.35,0.0,-0.0,0.0,268.4,0.41,209.0,77250.0
20090316:1100,11.63,64.35,0.0,-0.0,0.0,274.2,0.34,192.0,77270.0
20090316:1200,11.2,64.25,0.0,-0.0,0.0,261.05,0.21,173.0,77310.0
20090316:1300,10.89,66.55,134.45,1243.61,76.31,263.95,0.07,80.0,77360.0
20090316:1400,13.22,57.9,386.0,1044.42,84.7,262.05,0.48,16.0,77390.0
20090316:1500,16.28,48.8,635.5,1044.28,103.05,268.4,1.66,354.0,77400.0
20090316:1600,18.41,45.85,839.75,1040.05,116.05,277.9,2.0,355.0,77450.0
20090316:1700,20.65,38.65,824.8,805.58,153.2,284.85,1.93,8.0,77410.0
20090316:1800,21.87,34.85,810.2,488.6,363.6,303.45,1.24,9.0,77360.0
20090316:1900,22.93,30.3,813.4,632.9,223.9,334.2,0.69,349.0,77270.0
20090316:2000,23.91,27.35,771.85,643.75,202.35,322.4,0.69,342.0,77200.0
20090316:2100,24.49,26.45,353.0,143.84,241.25,331.3,0.62,349.0,77110.0
20090316:2200,22.91,29.2,276.6,171.15,171.25,364.8,0.21,43.0,77080.0
20090316:2300,21.77,32.35,137.2,144.71,77.65,348.95,1.24,85.0,77140.0
20090317:0000,20.44,38.5,21.75,40.85,14.4,334.4,0.9,46.0,77190.0
20090317:0100,18.77,42.6,0.0,-0.0,0.0,328.5,1.59,354.0,77250.0
20090317:0200,17.11,49.05,0.0,-0.0,0.0,318.35,2.14,357.0,77310.0
20090317:0300,15.66,58.45,0.0,-0.0,0.0,318.55,2.14,5.0,77400.0
20090317:0400,14.38,72.3,0.0,-0.0,0.0,310.4,2.14,2.0,77440.0
20090317:0500,13.84,77.6,0.0,-0.0,0.0,335.4,2.28,2.0,77480.0
20090317:0600,13.17,83.25,0.0,-0.0,0.0,325.1,1.93,0.0,77490.0
20090317:0700,12.75,86.25,0.0,-0.0,0.0,330.75,1.66,4.0,77450.0
20090317:0800,12.66,86.25,0.0,-0.0,0.0,351.05,1.59,2.0,77400.0
20090317:0900,12.6,86.25,0.0,-0.0,0.0,357.05,1.59,8.0,77360.0
20090317:1000,12.55,86.25,0.0,-0.0,0.0,350.3,1.52,9.0,77330.0
20090317:1100,12.25,89.35,0.0,-0.0,0.0,329.0,1.38,5.0,77330.0
20090317:1200,12.3,86.2,0.0,-0.0,0.0,343.3,1.45,12.0,77350.0
20090317:1300,12.06,86.2,52.5,170.16,43.95,331.9,1.45,9.0,77390.0
20090317:1400,12.77,83.25,208.7,347.47,107.25,339.05,1.66,16.0,77420.0
20090317:1500,14.07,72.3,453.45,587.23,152.05,319.9,1.86,16.0,77440.0
20090317:1600,16.54,54.6,516.1,403.69,233.9,327.25,2.07,15.0,77440.0
20090317:1700,18.09,47.55,571.0,341.47,285.3,333.85,2.34,10.0,77420.0
20090317:1800,19.33,42.7,625.8,408.89,250.95,336.75,2.07,360.0,77390.0
20090317:1900,20.27,39.95,651.15,438.2,241.95,342.55,1.93,6.0,77270.0
20090317:2000,20.48,39.95,596.6,456.96,191.4,341.4,1.72,8.0,77220.0
20090317:2100,20.76,37.25,400.1,314.51,155.2,322.8,1.52,14.0,77180.0
20090317:2200,20.28,38.5,227.25,228.67,86.15,336.15,1.45,18.0,77160.0
20090317:2300,19.84,39.8,140.05,135.53,84.1,349.7,1.59,32.0,77150.0
20090318:0000,18.71,42.6,23.1,55.23,13.1,315.05,1.79,36.0,77170.0
20090318:0100,17.28,49.05,0.0,-0.0,0.0,331.05,1.79,31.0,77230.0
20090318:0200,16.37,54.45,0.0,-0.0,0.0,328.8,1.72,3.0,77290.0
20090318:0300,15.3,60.5,0.0,-0.0,0.0,315.85,1.72,355.0,77370.0
20090318:0400,14.22,67.25,0.0,-0.0,0.0,316.05,1.72,2.0,77430.0
20090318:0500,12.54,77.45,0.0,-0.0,0.0,293.55,1.59,3.0,77450.0
20090318:0600,11.65,86.15,0.0,-0.0,0.0,290.85,1.38,355.0,77440.0
20090318:0700,11.26,86.1,0.0,-0.0,0.0,294.15,1.1,346.0,77370.0
20090318:0800,11.57,86.15,0.0,-0.0,0.0,304.4,0.76,347.0,77310.0
20090318:0900,11.07,89.3,0.0,-0.0,0.0,295.5,0.62,2.0,77270.0
20090318:1000,10.32,95.9,0.0,-0.0,0.0,298.05,0.41,18.0,77240.0
20090318:1100,9.91,99.4,0.0,-0.0,0.0,311.75,0.34,50.0,77240.0
20090318:1200,9.85,99.4,0.0,-0.0,0.0,321.45,0.34,50.0,77270.0
20090318:1300,9.7,99.4,85.25,359.93,65.9,332.85,0.34,52.0,77300.0
20090318:1400,10.76,92.5,273.5,482.31,131.0,331.5,0.48,340.0,77340.0
20090318:1500,13.1,77.5,543.0,673.88,194.85,330.75,0.69,322.0,77350.0
20090318:1600,16.21,58.6,748.5,878.05,131.9,298.2,1.1,328.0,77350.0
20090318:1700,18.95,44.2,899.25,909.76,135.4,296.65,1.79,345.0,77310.0
20090318:1800,21.17,31.05,860.55,673.75,241.1,304.05,3.1,353.0,77250.0
20090318:1900,21.89,28.9,879.8,635.36,285.0,324.55,3.79,355.0,77180.0
20090318:2000,22.22,26.95,816.2,729.51,167.85,312.95,3.66,352.0,77090.0
20090318:2100,22.65,25.1,648.75,638.58,150.4,318.75,3.52,351.0,77030.0
20090318:2200,22.11,25.95,396.75,452.47,116.9,312.75,3.45,345.0,76960.0
20090318:2300,21.63,25.8,211.65,318.79,79.65,311.4,3.45,343.0,76980.0
20090319:0000,20.46,28.5,31.05,67.8,18.7,313.9,3.38,348.0,76990.0
20090319:0100,18.99,32.75,0.0,-0.0,0.0,307.25,3.1,359.0,77020.0
20090319:0200,17.31,39.25,0.0,-0.0,0.0,304.8,2.9,9.0,77090.0
20090319:0300,15.77,46.9,0.0,-0.0,0.0,294.35,2.0,8.0,77180.0
20090319:0400,14.07,58.1,0.0,-0.0,0.0,285.45,1.79,1.0,77230.0
20090319:0500,12.37,71.95,0.0,-0.0,0.0,280.8,1.72,348.0,77260.0
20090319:0600,11.31,77.2,0.0,-0.0,0.0,275.6,1.59,338.0,77260.0
20090319:0700,11.02,77.2,0.0,-0.0,0.0,263.6,1.24,341.0,77210.0
20090319:0800,11.22,77.2,0.0,-0.0,0.0,256.2,1.03,339.0,77170.0
20090319:0900,10.86,80.05,0.0,-0.0,0.0,255.45,0.76,342.0,77140.0
20090319:1000,10.3,82.95,0.0,-0.0,0.0,257.0,0.48,356.0,77120.0
20090319:1100,9.5,85.95,0.0,-0.0,0.0,259.5,0.34,15.0,77130.0
20090319:1200,9.23,89.1,0.0,-0.0,0.0,252.35,0.34,21.0,77150.0
20090319:1300,8.97,89.1,142.0,1241.59,70.87,255.65,0.41,26.0,77190.0
20090319:1400,11.57,74.55,403.7,1071.46,83.4,254.3,0.28,7.0,77210.0
20090319:1500,14.65,60.4,649.1,1052.21,101.95,262.4,0.48,296.0,77230.0
20090319:1600,17.63,40.9,847.95,1039.68,114.55,270.95,0.9,310.0,77230.0
20090319:1700,20.12,29.6,975.9,1001.75,131.9,279.05,1.66,338.0,77190.0
20090319:1800,22.03,24.85,1041.3,995.97,123.0,285.25,2.28,348.0,77140.0
20090319:1900,23.38,21.65,971.0,828.07,193.9,290.5,2.9,354.0,77040.0
20090319:2000,23.98,19.4,813.25,751.41,143.95,309.25,2.97,357.0,76940.0
20090319:2100,23.64,18.65,535.65,382.64,236.4,314.3,3.1,351.0,76850.0
20090319:2200,22.67,19.15,208.85,116.63,136.55,321.05,2.41,338.0,76830.0
20090319:2300,21.14,22.9,147.2,122.81,96.2,324.95,2.62,328.0,76890.0
20090320:0000,20.08,25.4,27.95,40.39,20.55,326.85,2.9,342.0,76930.0
20090320:0100,18.2,30.35,0.0,-0.0,0.0,311.5,2.55,348.0,77000.0
20090320:0200,16.51,39.15,0.0,-0.0,0.0,298.4,2.48,350.0,77070.0
20090320:0300,15.09,46.75,0.0,-0.0,0.0,296.1,2.21,358.0,77140.0
20090320:0400,13.52,55.9,0.0,-0.0,0.0,282.55,2.07,355.0,77190.0
20090320:0500,11.85,69.25,0.0,-0.0,0.0,269.0,1.93,351.0,77230.0
20090320:0600,10.42,82.95,0.0,-0.0,0.0,269.75,1.72,346.0,77220.0
20090320:0700,9.43,85.95,0.0,-0.0,0.0,271.3,2.0,346.0,77230.0
20090320:0800,8.7,92.4,0.0,-0.0,0.0,271.1,1.93,346.0,77210.0
20090320:0900,8.34,99.4,0.0,-0.0,0.0,280.05,1.79,347.0,77170.0
20090320:1000,8.99,95.85,0.0,-0.0,0.0,317.95,1.59,348.0,77160.0
20090320:1100,9.26,99.4,0.0,-0.0,0.0,328.4,1.17,347.0,77140.0
20090320:1200,8.97,99.4,0.0,-0.0,0.0,312.75,1.17,345.0,77170.0
20090320:1300,8.59,99.4,92.05,392.11,68.2,303.85,1.17,347.0,77200.0
20090320:1400,9.41,99.4,326.75,631.9,135.65,319.7,1.17,348.0,77240.0
20090320:1500,11.76,77.3,652.55,1046.34,104.95,297.25,1.24,356.0,77270.0
20090320:1600,15.31,52.25,850.8,1039.02,114.6,269.2,1.45,359.0,77260.0
20090320:1700,18.07,38.1,984.1,1008.39,131.6,273.85,1.72,360.0,77240.0
20090320:1800,19.79,34.3,936.45,803.82,193.25,291.85,2.62,357.0,77190.0
20090320:1900,20.81,28.65,899.15,728.5,213.85,311.95,2.97,358.0,77090.0
20090320:2000,21.35,25.65,814.6,697.87,191.65,302.3,3.03,358.0,77010.0
20090320:2100,21.39,24.7,594.95,513.15,192.8,306.75,2.97,359.0,76960.0
20090320:2200,21.05,23.8,409.65,428.71,143.3,302.5,2.97,8.0,76890.0
20090320:2300,19.94,25.3,176.1,196.65,94.2,308.3,3.1,18.0,76920.0
20090321:0000,18.68,29.2,23.1,48.03,14.25,321.45,3.38,24.0,76970.0
20090321:0100,17.01,35.05,0.0,-0.0,0.0,297.75,2.9,18.0,77070.0
20090321:0200,15.41,43.4,0.0,-0.0,0.0,291.65,2.41,17.0,77120.0
20090321:0300,13.99,50.1,0.0,-0.0,0.0,281.0,1.38,10.0,77210.0
20090321:0400,12.18,62.1,0.0,-0.0,0.0,268.8,1.38,2.0,77270.0
20090321:0500,10.74,69.1,0.0,-0.0,0.0,262.6,1.45,359.0,77300.0
20090321:0600,9.77,74.2,0.0,-0.0,0.0,261.25,1.45,352.0,77300.0
20090321:0700,8.21,82.7,0.0,-0.0,0.0,262.8,1.59,357.0,77290.0
20090321:0800,7.77,85.85,0.0,-0.0,0.0,257.75,1.38,1.0,77260.0
20090321:0900,7.82,85.85,0.0,-0.0,0.0,263.2,1.17,4.0,77220.0
20090321:1000,8.06,89.05,0.0,-0.0,0.0,260.85,1.03,6.0,77210.0
20090321:1100,8.04,89.05,0.0,-0.0,0.0,259.5,0.97,7.0,77200.0
20090321:1200,7.86,89.05,0.0,-0.0,0.0,263.2,0.97,10.0,77240.0
20090321:1300,7.97,92.4,149.1,1240.22,69.27,251.95,0.97,12.0,77310.0
20090321:1400,9.31,89.1,403.85,1050.34,82.55,262.6,0.9,360.0,77340.0
20090321:1500,13.74,60.2,652.2,1042.66,103.05,258.55,1.03,347.0,77360.0
20090321:1600,16.7,45.45,815.8,958.18,133.9,270.15,1.38,346.0,77350.0
20090321:1700,19.08,34.15,964.2,991.34,123.3,290.1,2.14,345.0,77340.0
20090321:1800,20.72,28.65,850.55,672.57,227.0,288.15,3.24,348.0,77300.0
20090321:1900,20.42,31.95,935.4,763.87,215.15,313.5,3.66,351.0,77270.0
20090321:2000,20.99,30.9,805.7,693.89,185.0,309.85,3.59,357.0,77180.0
20090321:2100,21.32,28.8,597.95,560.44,157.85,309.25,3.45,4.0,77100.0
20090321:2200,21.2,25.65,442.5,507.54,126.5,301.3,3.03,11.0,77050.0
20090321:2300,20.75,26.55,221.7,354.03,73.85,296.5,2.9,20.0,77010.0
20090322:0000,19.97,27.3,32.15,72.86,18.65,297.85,3.31,19.0,77060.0
20090322:0100,18.44,30.35,0.0,-0.0,0.0,302.4,2.9,12.0,77140.0
20090322:0200,16.58,36.3,0.0,-0.0,0.0,283.3,2.76,7.0,77240.0
20090322:0300,14.75,46.6,0.0,-0.0,0.0,275.2,2.14,0.0,77330.0
20090322:0400,13.11,55.75,0.0,-0.0,0.0,274.4,2.07,354.0,77400.0
20090322:0500,11.42,69.15,0.0,-0.0,0.0,271.7,1.86,345.0,77440.0
20090322:0600,9.87,82.9,0.0,-0.0,0.0,266.1,1.72,340.0,77420.0
20090322:0700,9.21,85.95,0.0,-0.0,0.0,258.75,1.52,346.0,77370.0
20090322:0800,9.07,89.1,0.0,-0.0,0.0,263.0,1.31,348.0,77320.0
20090322:0900,9.62,85.95,0.0,-0.0,0.0,258.15,1.03,356.0,77290.0
20090322:1000,9.41,89.1,0.0,-0.0,0.0,266.3,0.62,3.0,77250.0
20090322:1100,8.85,92.4,0.0,-0.0,0.0,253.15,0.41,24.0,77260.0
20090322:1200,8.27,95.8,0.0,-0.0,0.0,252.55,0.41,36.0,77270.0
20090322:1300,7.52,95.8,150.1,1239.53,65.91,261.45,0.41,56.0,77330.0
20090322:1400,10.65,80.05,406.95,1019.47,91.55,261.45,0.21,46.0,77340.0
20090322:1500,14.51,52.15,661.0,1054.25,102.25,263.2,0.76,307.0,77340.0
20090322:1600,17.72,36.55,861.0,1045.4,113.8,267.05,1.59,333.0,77320.0
20090322:1700,20.22,27.45,986.85,1012.7,125.0,275.0,2.83,351.0,77280.0
20090322:1800,21.96,22.15,1055.65,991.24,134.2,280.6,3.79,357.0,77210.0
20090322:1900,23.03,19.15,968.95,789.44,222.9,285.05,4.07,357.0,77130.0
20090322:2000,23.53,16.5,920.75,863.45,146.8,289.5,4.14,358.0,77040.0
20090322:2100,23.79,15.35,710.15,714.79,147.75,285.25,4.07,2.0,76960.0
20090322:2200,23.42,14.65,491.95,604.9,114.55,283.7,4.07,7.0,76920.0
20090322:2300,22.6,15.15,231.6,327.3,94.55,286.2,4.07,10.0,76900.0
20090323:0000,21.26,18.1,38.65,102.53,19.55,288.35,3.79,9.0,76960.0
20090323:0100,19.07,22.35,0.0,-0.0,0.0,283.45,2.97,6.0,77010.0
20090323:0200,17.11,28.95,0.0,-0.0,0.0,265.9,2.14,10.0,77100.0
20090323:0300,14.8,38.55,0.0,-0.0,0.0,260.5,1.79,3.0,77210.0
20090323:0400,12.43,51.5,0.0,-0.0,0.0,256.2,1.66,349.0,77270.0
20090323:0500,11.97,53.5,0.0,-0.0,0.0,251.95,1.24,341.0,77300.0
20090323:0600,12.12,55.5,0.0,-0.0,0.0,246.35,0.76,332.0,77270.0
20090323:0700,11.38,61.85,0.0,-0.0,0.0,239.6,0.48,340.0,77210.0
20090323:0800,10.49,64.1,0.0,-0.0,0.0,238.05,0.21,11.0,77140.0
20090323:0900,9.71,68.9,0.0,-0.0,0.0,233.6,0.28,115.0,77120.0
20090323:1000,9.11,71.4,0.0,-0.0,0.0,233.95,0.41,147.0,77070.0
20090323:1100,8.63,71.35,0.0,-0.0,0.0,232.6,0.48,145.0,77060.0
20090323:1200,8.23,71.25,0.0,-0.0,0.0,232.2,0.55,138.0,77070.0
20090323:1300,7.89,71.25,167.25,1238.84,78.7,231.05,0.62,136.0,77100.0
20090323:1400,11.49,55.4,433.4,1125.01,81.45,233.6,0.48,148.0,77110.0
20090323:1500,16.11,33.5,684.5,1098.74,98.55,242.5,0.69,221.0,77110.0
20090323:1600,19.25,21.5,887.05,1083.38,109.4,253.5,0.62,275.0,77110.0
20090323:1700,21.77,15.55,1022.45,1061.84,115.85,263.0,1.24,337.0,77090.0
20090323:1800,23.65,12.55,1082.95,1036.45,116.95,270.75,2.07,352.0,77040.0
20090323:1900,24.92,11.75,1061.75,1000.48,114.15,277.1,2.69,2.0,76960.0
20090323:2000,25.65,11.05,955.15,944.31,107.05,280.2,2.69,6.0,76840.0
20090323:2100,26.02,10.6,740.85,755.37,145.4,282.75,2.55,8.0,76770.0
20090323:2200,25.79,10.6,507.65,631.45,112.9,291.25,2.21,5.0,76670.0
20090323:2300,25.1,10.5,249.15,381.83,88.85,294.15,1.66,2.0,76640.0
20090324:0000,23.76,12.05,44.3,135.1,19.0,285.25,0.83,334.0,76670.0
20090324:0100,21.66,16.15,0.0,-0.0,0.0,276.25,0.9,255.0,76760.0
20090324:0200,18.92,27.05,0.0,-0.0,0.0,276.55,0.97,205.0,76850.0
20090324:0300,16.88,33.6,0.0,-0.0,0.0,275.6,1.31,199.0,76950.0
20090324:0400,16.28,36.15,0.0,-0.0,0.0,273.25,1.17,207.0,77020.0
20090324:0500,15.41,41.75,0.0,-0.0,0.0,270.15,0.97,197.0,77060.0
20090324:0600,14.28,48.25,0.0,-0.0,0.0,267.25,0.97,190.0,77060.0
20090324:0700,14.0,48.25,0.0,-0.0,0.0,264.75,1.03,201.0,77020.0
20090324:0800,13.05,55.75,0.0,-0.0,0.0,263.4,1.1,203.0,76970.0
20090324:0900,12.37,62.1,0.0,-0.0,0.0,261.85,1.17,204.0,76970.0
20090324:1000,11.92,66.75,0.0,-0.0,0.0,260.65,1.1,207.0,76910.0
20090324:1100,11.48,69.25,0.0,-0.0,0.0,259.1,0.97,202.0,76950.0
20090324:1200,10.94,74.4,0.0,-0.0,0.0,257.95,0.9,190.0,76980.0
20090324:1300,10.57,77.15,162.15,1238.15,69.24,255.85,0.83,183.0,77040.0
20090324:1400,14.03,62.55,421.3,1065.3,84.35,258.35,0.69,183.0,77060.0
20090324:1500,17.87,49.15,668.2,1056.08,101.55,267.05,0.76,214.0,77100.0
20090324:1600,20.8,34.55,862.45,1043.11,110.55,278.3,0.69,287.0,77100.0
20090324:1700,23.03,25.1,957.85,897.7,188.95,291.85,0.83,325.0,77080.0
20090324:1800,24.56,19.55,977.7,839.99,192.8,308.1,0.97,345.0,77030.0
20090324:1900,25.63,15.75,903.65,712.13,227.7,311.75,1.1,7.0,76930.0
20090324:2000,26.09,15.15,842.45,715.02,199.05,311.2,0.76,360.0,76850.0
20090324:2100,26.17,13.6,623.5,498.9,229.5,317.75,0.07,359.0,76770.0
20090324:2200,25.85,14.6,356.65,350.59,137.05,315.45,0.48,264.0,76690.0
20090324:2300,25.17,15.05,178.85,203.98,93.0,325.3,1.1,260.0,76710.0
20090325:0000,23.6,18.65,32.6,71.46,19.15,316.2,1.31,235.0,76770.0
20090325:0100,21.49,27.7,0.0,-0.0,0.0,316.5,1.52,220.0,76850.0
20090325:0200,19.65,36.95,0.0,-0.0,0.0,310.05,1.17,196.0,76910.0
20090325:0300,17.5,49.05,0.0,-0.0,0.0,291.05,1.24,189.0,76970.0
20090325:0400,15.91,56.35,0.0,-0.0,0.0,289.1,1.31,180.0,77020.0
20090325:0500,14.65,62.65,0.0,-0.0,0.0,287.95,1.31,178.0,77050.0
20090325:0600,13.21,72.1,0.0,-0.0,0.0,280.4,1.38,189.0,77060.0
20090325:0700,12.99,72.1,0.0,-0.0,0.0,277.1,1.52,194.0,77010.0
20090325:0800,12.01,77.35,0.0,-0.0,0.0,274.2,1.52,194.0,76970.0
20090325:0900,11.28,83.05,0.0,-0.0,0.0,271.9,1.45,195.0,76960.0
20090325:1000,10.64,83.0,0.0,-0.0,0.0,269.2,1.45,191.0,76950.0
20090325:1100,10.2,86.0,0.0,-0.0,0.0,267.05,1.38,186.0,76960.0
20090325:1200,10.0,86.0,0.0,-0.0,0.0,266.1,1.31,190.0,77000.0
20090325:1300,9.93,89.15,162.9,1237.45,65.64,260.85,1.17,195.0,77050.0
20090325:1400,12.82,80.3,422.85,1056.49,85.05,262.8,1.03,196.0,77080.0
20090325:1500,17.17,56.75,658.65,1030.92,102.15,274.4,1.31,206.0,77110.0
20090325:1600,19.61,46.1,640.5,603.61,203.6,286.8,1.1,217.0,77110.0
20090325:1700,20.74,40.1,812.25,682.55,225.8,320.65,1.31,217.0,77130.0
20090325:1800,21.7,36.15,879.35,702.37,221.4,317.4,1.59,211.0,77090.0
20090325:1900,22.02,36.15,789.4,609.08,210.05,325.1,1.59,220.0,77020.0
20090325:2000,22.57,33.85,757.0,626.72,192.0,320.5,2.0,214.0,76950.0
20090325:2100,23.2,34.0,368.6,213.24,199.9,330.55,2.21,214.0,76870.0
20090325:2200,22.07,36.3,240.5,105.41,174.35,363.85,2.62,215.0,76840.0
20090325:2300,19.31,51.25,176.55,196.97,93.45,359.55,2.0,232.0,76850.0
20090326:0000,18.3,53.0,25.1,55.24,14.65,316.2,1.31,224.0,76950.0
20090326:0100,18.28,51.15,0.0,-0.0,0.0,332.95,1.1,149.0,76960.0
20090326:0200,16.88,56.6,0.0,-0.0,0.0,304.05,1.31,130.0,77010.0
20090326:0300,15.86,60.65,0.0,-0.0,0.0,297.45,1.03,154.0,77080.0
20090326:0400,15.66,60.65,0.0,-0.0,0.0,297.05,1.1,187.0,77120.0
20090326:0500,15.45,60.5,0.0,-0.0,0.0,296.65,1.03,196.0,77140.0
20090326:0600,14.33,64.85,0.0,-0.0,0.0,285.45,1.1,202.0,77130.0
20090326:0700,13.05,67.05,0.0,-0.0,0.0,272.85,1.17,210.0,77090.0
20090326:0800,11.79,74.55,0.0,-0.0,0.0,267.45,1.31,202.0,77070.0
20090326:0900,10.82,77.15,0.0,-0.0,0.0,262.8,1.38,193.0,77020.0
20090326:1000,10.32,77.1,0.0,-0.0,0.0,258.55,1.45,190.0,76980.0
20090326:1100,10.16,77.1,0.0,-0.0,0.0,255.85,1.38,193.0,76960.0
20090326:1200,10.06,77.1,0.0,-0.0,0.0,252.55,1.31,194.0,77000.0
20090326:1300,10.42,77.1,171.7,1236.75,70.1,252.35,1.17,193.0,77020.0
20090326:1400,12.95,69.45,433.05,1078.55,84.5,252.15,1.1,195.0,77030.0
20090326:1500,17.64,42.45,681.15,1067.72,101.35,259.9,1.66,207.0,77030.0
20090326:1600,20.37,31.95,880.8,1057.92,111.95,270.15,2.0,211.0,77040.0
20090326:1700,22.53,25.95,1011.05,1023.69,128.8,279.85,2.34,215.0,77000.0
20090326:1800,24.23,21.1,1014.45,941.12,130.7,288.55,3.1,215.0,76930.0
20090326:1900,25.13,21.35,1025.5,947.4,122.5,298.4,3.31,217.0,76800.0
20090326:2000,25.75,21.45,880.3,792.29,164.75,303.65,3.72,216.0,76760.0
20090326:2100,25.57,23.0,682.2,662.99,156.8,307.1,3.93,212.0,76660.0
20090326:2200,24.24,25.5,444.55,488.09,137.7,310.2,4.07,213.0,76640.0
20090326:2300,23.63,24.4,242.2,409.91,68.85,317.4,3.79,208.0,76640.0
20090327:0000,22.38,26.95,42.1,123.62,18.6,303.05,3.31,202.0,76650.0
20090327:0100,20.35,29.6,0.0,-0.0,0.0,292.7,2.21,196.0,76710.0
20090327:0200,18.44,32.75,0.0,-0.0,0.0,281.95,2.07,200.0,76760.0
20090327:0300,16.08,40.5,0.0,-0.0,0.0,273.65,1.79,208.0,76840.0
20090327:0400,14.01,48.25,0.0,-0.0,0.0,269.2,1.66,207.0,76880.0
20090327:0500,13.25,49.85,0.0,-0.0,0.0,265.5,1.45,205.0,76900.0
20090327:0600,12.92,51.65,0.0,-0.0,0.0,262.4,1.38,203.0,76880.0
20090327:0700,12.3,55.5,0.0,-0.0,0.0,259.5,1.24,197.0,76850.0
20090327:0800,11.72,57.55,0.0,-0.0,0.0,257.6,1.31,198.0,76820.0
20090327:0900,11.28,59.6,0.0,-0.0,0.0,255.05,1.31,199.0,76780.0
20090327:1000,10.95,59.6,0.0,-0.0,0.0,254.3,1.31,200.0,76740.0
20090327:1100,11.11,59.6,0.0,-0.0,0.0,252.75,1.24,200.0,76740.0
20090327:1200,10.96,59.6,0.0,-0.0,0.0,251.95,1.17,196.0,76760.0
20090327:1300,10.7,61.75,174.05,1236.05,68.13,250.8,1.17,193.0,76800.0
20090327:1400,13.31,55.75,429.55,1034.53,91.7,254.3,1.03,192.0,76800.0
20090327:1500,17.65,37.95,678.3,1048.85,105.4,263.4,1.45,203.0,76800.0
20090327:1600,20.2,31.95,875.75,1022.17,129.9,273.65,1.66,209.0,76820.0
20090327:1700,22.33,26.95,1003.7,998.94,140.2,283.9,2.14,220.0,76760.0
20090327:1800,23.99,22.65,1061.2,983.65,135.3,292.2,3.03,222.0,76710.0
20090327:1900,25.0,21.2,1036.4,955.46,123.9,296.1,3.66,219.0,76640.0
20090327:2000,25.48,20.55,883.8,800.47,159.6,301.9,4.21,217.0,76550.0
20090327:2100,24.61,22.9,696.3,683.63,153.65,305.0,4.41,216.0,76500.0
20090327:2200,24.34,21.1,506.1,622.53,114.05,303.85,4.48,211.0,76480.0
20090327:2300,23.56,21.65,273.15,487.65,66.45,299.4,4.21,208.0,76480.0
20090328:0000,22.04,23.9,46.9,142.39,19.7,288.75,3.86,206.0,76520.0
20090328:0100,19.98,27.3,0.0,-0.0,0.0,279.55,2.34,202.0,76570.0
20090328:0200,18.17,31.55,0.0,-0.0,0.0,277.9,2.0,200.0,76640.0
20090328:0300,15.85,40.35,0.0,-0.0,0.0,270.15,1.72,198.0,76690.0
20090328:0400,13.85,48.15,0.0,-0.0,0.0,267.05,1.66,201.0,76740.0
20090328:0500,13.02,49.85,0.0,-0.0,0.0,265.1,1.45,207.0,76790.0
20090328:0600,12.53,53.6,0.0,-0.0,0.0,263.2,1.38,210.0,76800.0
20090328:0700,12.32,53.5,0.0,-0.0,0.0,259.3,1.24,206.0,76790.0
20090328:0800,12.25,55.5,0.0,-0.0,0.0,258.95,1.17,207.0,76770.0
20090328:0900,11.98,55.5,0.0,-0.0,0.0,260.85,1.03,204.0,76740.0
20090328:1000,11.63,59.7,0.0,-0.0,0.0,259.3,0.97,199.0,76740.0
20090328:1100,11.21,61.85,0.0,-0.0,0.0,255.25,0.83,191.0,76740.0
20090328:1200,10.64,64.1,0.0,-0.0,0.0,253.3,0.83,184.0,76790.0
20090328:1300,10.34,66.45,176.25,1235.35,66.02,251.0,0.76,175.0,76830.0
20090328:1400,13.72,53.85,437.7,1069.07,84.95,253.9,0.76,178.0,76850.0
20090328:1500,17.14,42.3,686.85,1068.48,99.85,261.85,1.24,207.0,76870.0
20090328:1600,19.6,34.3,882.15,1049.43,113.4,270.15,1.93,212.0,76860.0
20090328:1700,21.71,26.8,999.7,997.62,134.8,279.05,2.83,214.0,76830.0
20090328:1800,23.37,22.5,1073.0,1010.57,119.55,287.55,4.07,218.0,76780.0
20090328:1900,24.16,21.1,1046.05,969.72,118.15,289.3,4.69,217.0,76700.0
20090328:2000,24.64,19.65,939.45,912.55,112.45,291.25,4.9,218.0,76630.0
20090328:2100,24.9,18.2,729.9,759.33,126.2,291.05,4.83,219.0,76600.0
20090328:2200,24.4,18.05,523.65,671.73,99.9,294.75,4.41,217.0,76570.0
20090328:2300,23.43,19.3,276.85,496.93,65.75,287.95,4.14,213.0,76570.0
20090329:0000,21.79,21.3,46.0,139.12,19.3,278.5,3.86,206.0,76640.0
20090329:0100,19.58,25.3,0.0,-0.0,0.0,272.4,2.62,198.0,76710.0
20090329:0200,17.61,29.1,0.0,-0.0,0.0,265.1,2.28,199.0,76780.0
20090329:0300,15.6,34.65,0.0,-0.0,0.0,261.65,2.0,202.0,76860.0
20090329:0400,13.43,44.5,0.0,-0.0,0.0,253.7,1.72,202.0,76940.0
20090329:0500,12.66,44.35,0.0,-0.0,0.0,251.6,1.59,201.0,76980.0
20090329:0600,12.27,45.95,0.0,-0.0,0.0,249.85,1.45,204.0,77010.0
20090329:0700,12.36,45.95,0.0,-0.0,0.0,246.55,1.45,211.0,76970.0
20090329:0800,12.12,45.95,0.0,-0.0,0.0,244.4,1.38,215.0,76980.0
20090329:0900,11.75,47.6,0.0,-0.0,0.0,244.05,1.38,218.0,76930.0
20090329:1000,11.81,45.8,0.0,-0.0,0.0,242.1,1.31,211.0,76930.0
20090329:1100,11.49,45.8,0.0,-0.0,0.0,241.3,1.24,199.0,76940.0
20090329:1200,11.08,47.45,0.0,-0.0,0.0,241.7,1.31,188.0,76980.0
20090329:1300,10.11,51.0,184.7,1234.65,70.17,244.2,1.31,181.0,77030.0
20090329:1400,12.01,47.75,448.2,1091.73,84.3,246.55,1.03,174.0,77050.0
20090329:1500,16.44,32.2,695.45,1075.91,101.0,252.35,1.59,190.0,77080.0
20090329:1600,18.95,27.05,894.65,1065.04,111.45,261.65,1.86,192.0,77100.0
20090329:1700,21.05,21.15,1026.3,1045.25,117.5,270.95,2.14,193.0,77070.0
20090329:1800,22.81,17.75,1079.45,1014.79,119.85,277.9,3.03,197.0,77040.0
20090329:1900,24.04,16.6,1051.3,974.73,116.85,284.1,3.52,203.0,76940.0
20090329:2000,24.66,16.2,941.15,909.03,116.0,287.0,4.07,206.0,76860.0
20090329:2100,23.89,19.4,732.65,744.54,139.8,290.3,4.28,210.0,76810.0
20090329:2200,23.97,19.4,525.55,669.06,102.8,299.6,4.62,208.0,76780.0
20090329:2300,23.12,20.85,270.1,468.14,70.8,289.7,4.55,205.0,76770.0
20090330:0000,21.45,23.8,47.85,144.44,20.0,283.1,4.21,200.0,76810.0
20090330:0100,19.27,26.15,0.0,-0.0,0.0,274.35,2.97,196.0,76860.0
20090330:0200,17.48,28.95,0.0,-0.0,0.0,266.65,2.55,200.0,76940.0
20090330:0300,15.61,32.1,0.0,-0.0,0.0,258.95,2.0,206.0,77020.0
20090330:0400,13.32,39.65,0.0,-0.0,0.0,251.95,1.72,207.0,77100.0
20090330:0500,11.97,42.55,0.0,-0.0,0.0,246.95,1.66,206.0,77140.0
20090330:0600,10.77,45.55,0.0,-0.0,0.0,242.85,1.72,201.0,77140.0
20090330:0700,9.9,47.05,0.0,-0.0,0.0,238.05,1.79,200.0,77100.0
20090330:0800,9.06,46.95,0.0,-0.0,0.0,235.3,1.86,200.0,77070.0
20090330:0900,8.51,46.8,0.0,-0.0,0.0,233.75,1.86,201.0,77010.0
20090330:1000,8.28,48.55,0.0,-0.0,0.0,232.6,1.72,201.0,77010.0
20090330:1100,8.15,46.65,0.0,-0.0,0.0,231.85,1.66,198.0,77010.0
20090330:1200,7.8,46.65,0.0,-0.0,0.0,230.65,1.59,193.0,77040.0
20090330:1300,7.47,48.55,192.45,1233.94,73.65,230.3,1.59,190.0,77080.0
20090330:1400,11.16,47.45,459.2,1117.72,82.9,234.75,1.45,189.0,77070.0
20090330:1500,17.24,23.8,707.25,1095.03,98.85,243.65,2.14,202.0,77090.0
20090330:1600,20.06,18.6,904.6,1077.14,109.5,254.5,2.41,206.0,77090.0
20090330:1700,22.38,15.0,1034.1,1053.22,115.8,265.7,2.62,210.0,77060.0
20090330:1800,24.21,13.2,1085.0,1020.09,118.25,275.4,3.1,216.0,77020.0
20090330:1900,25.6,14.0,1055.0,976.87,116.8,284.65,3.59,217.0,76920.0
20090330:2000,26.2,14.1,946.7,917.99,112.1,289.7,4.14,218.0,76840.0
20090330:2100,26.12,14.7,769.6,837.06,102.1,291.65,4.41,216.0,76770.0
20090330:2200,25.66,15.15,536.0,703.01,91.1,291.05,4.28,214.0,76740.0
20090330:2300,24.59,15.55,274.75,483.33,68.55,289.3,3.86,208.0,76740.0
20090331:0000,22.94,17.75,49.0,148.17,20.3,287.4,3.38,204.0,76790.0
20090331:0100,20.64,20.25,0.0,-0.0,0.0,277.25,2.69,196.0,76850.0
20090331:0200,18.59,24.05,0.0,-0.0,0.0,270.75,2.34,193.0,76930.0
20090331:0300,16.41,28.7,0.0,-0.0,0.0,265.5,1.86,193.0,76990.0
20090331:0400,14.44,35.6,0.0,-0.0,0.0,261.25,1.52,191.0,77060.0
20090331:0500,13.41,38.15,0.0,-0.0,0.0,258.75,1.38,193.0,77100.0
20090331:0600,12.53,39.5,0.0,-0.0,0.0,256.4,1.45,195.0,77100.0
20090331:0700,11.87,44.1,0.0,-0.0,0.0,256.2,1.45,201.0,77090.0
20090331:0800,11.27,45.7,0.0,-0.0,0.0,254.65,1.38,199.0,77060.0
20090331:0900,11.04,45.7,0.0,-0.0,0.0,252.55,1.38,198.0,77040.0
20090331:1000,10.98,45.7,0.0,-0.0,0.0,251.0,1.31,197.0,77040.0
20090331:1100,11.15,45.7,0.0,-0.0,0.0,249.65,1.17,195.0,77050.0
20090331:1200,10.8,47.35,0.0,-0.0,0.0,248.3,1.03,192.0,77090.0
20090331:1300,10.66,47.35,191.55,1233.24,68.51,247.9,0.97,190.0,77130.0
20090331:1400,14.37,38.45,454.65,1093.74,82.8,251.95,0.76,186.0,77140.0
20090331:1500,18.48,30.35,700.35,1077.31,98.5,261.05,0.9,203.0,77110.0
20090331:1600,27.43,11.64,896.5,1062.89,109.0,311.12,1.72,223.0,77120.0
20090331:1700,26.61,13.84,1024.9,1040.04,115.6,308.77,1.7,233.0,77090.0
20090331:1800,25.79,16.03,1073.2,1004.85,118.85,306.43,1.68,227.0,77040.0
20090331:1900,24.97,18.23,1038.65,950.0,124.65,304.09,1.65,220.0,76940.0
20090331:2000,24.15,20.43,814.55,680.31,195.1,301.75,1.63,221.0,76840.0
20090331:2100,23.33,22.63,591.8,473.1,214.0,299.4,1.61,223.0,76800.0
20090331:2200,22.51,24.83,259.35,130.24,176.8,297.06,1.59,221.0,76790.0
20090331:2300,21.69,27.02,170.8,148.3,107.4,294.72,1.57,211.0,76800.0
20180401:0000,20.87,29.22,42.8,106.39,22.1,292.37,1.55,18.0,77110.0
20180401:0100,20.05,31.42,0.0,-0.0,0.0,290.03,1.53,38.0,77160.0
20180401:0200,19.23,33.62,0.0,-0.0,0.0,287.69,1.51,36.0,77240.0
20180401:0300,18.41,35.81,0.0,-0.0,0.0,285.34,1.49,12.0,77320.0
20180401:0400,17.59,38.01,0.0,-0.0,0.0,283.0,1.47,356.0,77390.0
20180401:0500,16.76,40.21,0.0,-0.0,0.0,280.66,1.45,346.0,77430.0
20180401:0600,15.94,42.41,0.0,-0.0,0.0,278.31,1.42,338.0,77430.0
20180401:0700,15.12,44.6,0.0,-0.0,0.0,275.97,1.4,26.0,77350.0
20180401:0800,13.3,53.7,0.0,-0.0,0.0,256.4,0.48,50.0,77320.0
20180401:0900,12.74,57.75,0.0,-0.0,0.0,252.95,0.41,80.0,77270.0
20180401:1000,12.19,59.85,0.0,-0.0,0.0,249.45,0.48,111.0,77230.0
20180401:1100,11.76,62.0,0.0,-0.0,0.0,247.9,0.55,133.0,77220.0
20180401:1200,11.32,64.25,0.0,-0.0,0.0,246.75,0.55,134.0,77250.0
20180401:1300,10.9,64.1,197.2,1232.53,69.94,244.05,0.55,145.0,77290.0
20180401:1400,14.51,50.25,459.35,1102.21,81.0,248.1,0.41,172.0,77310.0
20180401:1500,17.32,42.3,702.4,1072.5,100.0,256.4,0.69,236.0,77310.0
20180401:1600,19.93,31.8,899.3,1058.57,112.15,268.05,0.55,290.0,77300.0
20180401:1700,22.18,21.4,1025.5,1036.0,117.3,275.4,1.59,354.0,77260.0
20180401:1800,23.88,16.6,1081.9,1003.65,126.7,279.25,2.62,357.0,77210.0
20180401:1900,24.88,16.85,1063.25,975.51,123.1,285.65,2.97,354.0,77090.0
20180401:2000,25.6,14.6,902.35,837.94,138.25,292.2,2.76,355.0,76990.0
20180401:2100,25.74,13.5,756.35,792.64,122.5,295.3,2.48,354.0,76920.0
20180401:2200,25.89,12.95,473.9,527.77,138.9,300.55,2.28,350.0,76830.0
20180401:2300,25.38,12.35,264.45,407.73,89.8,306.35,2.0,345.0,76800.0
20180402:0000,24.04,14.15,45.35,134.07,19.15,296.5,1.52,305.0,76820.0
20180402:0100,21.68,20.5,0.0,-0.0,0.0,293.5,1.1,253.0,76920.0
20180402:0200,19.24,34.15,0.0,-0.0,0.0,289.1,0.83,207.0,77010.0
20180402:0300,18.75,34.15,0.0,-0.0,0.0,291.45,0.76,197.0,77090.0
20180402:0400,17.77,39.4,0.0,-0.0,0.0,290.5,0.76,209.0,77150.0
20180402:0500,16.54,45.45,0.0,-0.0,0.0,282.15,0.83,212.0,77190.0
20180402:0600,15.6,50.5,0.0,-0.0,0.0,278.85,0.9,211.0,77190.0
20180402:0700,15.01,48.55,0.0,-0.0,0.0,270.95,0.69,205.0,77110.0
20180402:0800,14.1,53.95,0.0,-0.0,0.0,269.95,0.9,198.0,77070.0
20180402:0900,13.29,57.9,0.0,-0.0,0.0,268.8,1.03,193.0,77060.0
20180402:1000,12.69,62.2,0.0,-0.0,0.0,265.7,1.1,194.0,77020.0
20180402:1100,12.27,66.85,0.0,-0.0,0.0,264.35,1.17,194.0,77050.0
20180402:1200,12.04,66.85,0.0,-0.0,0.0,262.2,1.1,195.0,77070.0
20180402:1300,11.93,71.85,189.05,1230.4,57.75,262.05,1.03,195.0,77110.0
20180402:1400,14.65,62.65,446.6,1036.59,87.4,265.7,0.9,195.0,77110.0
20180402:1500,17.98,49.15,687.2,1031.16,104.95,275.4,0.83,241.0,77130.0
20180402:1600,20.48,39.95,838.9,922.95,150.15,286.4,1.31,310.0,77140.0
20180402:1700,22.37,31.3,884.75,735.15,238.6,301.3,1.31,324.0,77090.0
20180402:1800,23.68,25.35,796.3,493.36,325.8,331.1,1.24,326.0,77030.0
20180402:1900,24.54,21.9,803.15,495.01,325.3,349.1,1.03,314.0,76920.0
20180402:2000,25.04,21.2,753.05,569.94,232.6,344.5,1.03,273.0,76840.0
20180402:2100,25.25,20.55,528.45,375.97,227.4,327.25,1.66,249.0,76780.0
20180402:2200,24.81,22.05,304.25,234.57,155.15,346.2,2.28,238.0,76740.0
20180402:2300,23.8,25.35,171.8,200.61,85.7,344.1,2.55,230.0,76760.0
20180403:0000,22.31,31.3,24.1,58.59,12.6,349.5,3.31,222.0,76780.0
20180403:0100,20.6,37.25,0.0,-0.0,0.0,343.25,2.9,216.0,76850.0
20180403:0200,19.5,42.7,0.0,-0.0,0.0,332.3,2.0,220.0,76880.0
20180403:0300,18.54,44.3,0.0,-0.0,0.0,332.65,1.45,241.0,76950.0
20180403:0400,16.82,54.6,0.0,-0.0,0.0,309.65,1.38,244.0,77020.0
20180403:0500,15.54,58.45,0.0,-0.0,0.0,295.9,1.38,230.0,77050.0
20180403:0600,14.73,62.65,0.0,-0.0,0.0,302.5,1.31,224.0,77040.0
20180403:0700,14.17,60.3,0.0,-0.0,0.0,312.35,1.52,213.0,76980.0
20180403:0800,13.27,67.05,0.0,-0.0,0.0,300.55,1.52,207.0,76960.0
20180403:0900,12.43,71.95,0.0,-0.0,0.0,287.75,1.59,201.0,76940.0
20180403:1000,11.96,74.55,0.0,-0.0,0.0,289.1,1.59,198.0,76930.0
20180403:1100,11.75,74.55,0.0,-0.0,0.0,295.3,1.52,198.0,76940.0
20180403:1200,11.68,74.55,0.0,-0.0,0.0,298.05,1.38,197.0,76960.0
20180403:1300,11.83,74.55,168.1,996.37,58.35,288.75,1.24,197.0,77010.0
20180403:1400,14.39,69.75,375.2,782.58,101.5,287.4,1.31,204.0,77030.0
20180403:1500,17.89,51.0,598.4,799.08,144.85,299.95,1.52,222.0,77080.0
20180403:1600,20.08,44.6,822.15,909.25,141.25,300.35,1.59,231.0,77090.0
20180403:1700,22.15,37.65,737.15,608.79,200.7,312.15,1.66,226.0,77070.0
20180403:1800,22.95,36.4,967.6,839.84,165.1,332.5,2.21,221.0,77040.0
20180403:1900,24.82,24.65,835.85,613.57,242.6,327.65,2.0,231.0,76950.0
20180403:2000,24.6,25.6,775.8,641.66,189.05,338.3,2.21,227.0,76920.0
20180403:2100,24.95,25.6,615.65,548.06,176.25,326.65,2.55,227.0,76850.0
20180403:2200,24.95,25.6,330.5,321.29,126.0,321.25,2.76,228.0,76790.0
20180403:2300,24.09,25.5,159.65,181.4,81.65,337.7,2.55,233.0,76810.0
20180404:0000,22.77,29.2,37.25,76.1,22.25,335.55,2.34,236.0,76850.0
20180404:0100,21.29,32.2,0.0,-0.0,0.0,318.65,2.07,214.0,76910.0
20180404:0200,19.74,36.95,0.0,-0.0,0.0,308.3,1.38,218.0,76970.0
20180404:0300,18.44,42.6,0.0,-0.0,0.0,301.1,1.1,239.0,77040.0
20180404:0400,18.5,41.05,0.0,-0.0,0.0,298.4,0.97,246.0,77110.0
20180404:0500,17.36,45.55,0.0,-0.0,0.0,292.4,0.97,231.0,77140.0
20180404:0600,16.42,48.8,0.0,-0.0,0.0,296.85,0.9,206.0,77140.0
20180404:0700,16.33,58.6,0.0,-0.0,0.0,303.65,1.1,220.0,77080.0
20180404:0800,15.57,58.45,0.0,-0.0,0.0,291.05,0.97,224.0,77060.0
20180404:0900,14.58,60.4,0.0,-0.0,0.0,274.6,0.69,228.0,77050.0
20180404:1000,13.68,64.75,0.0,-0.0,0.0,274.2,0.28,272.0,77040.0
20180404:1100,12.78,69.45,0.0,-0.0,0.0,269.75,0.55,349.0,77070.0
20180404:1200,12.33,71.95,0.0,-0.0,0.0,269.0,0.9,351.0,77100.0
20180404:1300,12.49,69.45,185.75,1076.5,63.5,270.15,1.03,356.0,77150.0
20180404:1400,13.68,80.4,442.65,967.9,101.05,273.05,0.97,350.0,77190.0
20180404:1500,18.05,56.95,666.9,967.51,114.95,280.05,1.72,351.0,77210.0
20180404:1600,20.23,46.2,776.9,819.39,161.2,288.95,1.86,352.0,77230.0
20180404:1700,21.9,37.5,940.3,908.57,137.7,306.95,1.38,356.0,77210.0
20180404:1800,23.51,32.75,804.55,517.77,308.85,316.2,1.1,355.0,77190.0
20180404:1900,24.96,22.05,589.75,435.68,167.85,329.2,1.1,351.0,77060.0
20180404:2000,24.71,21.2,724.4,452.1,310.45,335.4,1.03,343.0,76990.0
20180404:2100,25.26,20.55,396.1,236.01,206.65,336.55,0.97,10.0,76940.0
20180404:2200,24.44,21.9,340.45,269.4,168.75,354.55,0.97,17.0,76900.0
20180404:2300,24.0,22.65,133.7,92.04,94.05,350.1,1.38,3.0,76910.0
20180405:0000,22.63,25.1,28.85,45.72,19.8,351.85,2.0,21.0,76950.0
20180405:0100,20.38,35.75,0.0,-0.0,0.0,335.5,2.21,25.0,77080.0
20180405:0200,18.19,47.55,0.0,-0.0,0.0,323.4,2.34,16.0,77220.0
20180405:0300,15.88,67.55,0.0,-0.0,0.0,330.35,2.28,5.0,77370.0
20180405:0400,14.4,83.4,0.0,-0.0,0.0,317.4,2.14,2.0,77440.0
20180405:0500,13.72,89.45,0.0,-0.0,0.0,314.1,1.72,9.0,77480.0
20180405:0600,12.94,95.95,0.0,-0.0,0.0,302.85,1.17,4.0,77460.0
20180405:0700,12.85,95.95,0.0,-0.0,0.0,330.15,0.9,320.0,77360.0
20180405:0800,12.87,95.95,0.0,-0.0,0.0,319.3,0.69,345.0,77320.0
20180405:0900,12.63,95.95,0.0,-0.0,0.0,344.3,0.48,328.0,77270.0
20180405:1000,12.6,95.95,0.0,-0.0,0.0,346.4,0.14,310.0,77250.0
20180405:1100,12.23,99.4,0.0,-0.0,0.0,340.4,0.0,196.0,77250.0
20180405:1200,11.91,100.0,0.0,-0.0,0.0,327.45,0.28,192.0,77280.0
20180405:1300,11.48,99.4,123.8,330.49,85.15,320.85,0.41,175.0,77310.0
20180405:1400,12.9,95.95,352.2,523.9,165.65,327.85,0.69,176.0,77340.0
20180405:1500,15.61,77.85,551.45,569.3,225.05,330.15,0.9,195.0,77360.0
20180405:1600,18.29,56.95,708.7,748.03,144.75,341.2,1.24,212.0,77340.0
20180405:1700,20.37,43.0,789.85,689.66,179.15,313.3,1.1,238.0,77320.0
20180405:1800,21.68,36.15,900.3,697.29,231.5,309.85,1.24,255.0,77270.0
20180405:1900,23.46,28.25,926.3,727.83,220.45,321.45,1.38,244.0,77140.0
20180405:2000,24.02,26.35,735.65,543.7,237.2,317.95,1.24,223.0,77080.0
20180405:2100,24.03,26.35,359.1,232.38,172.35,330.35,1.45,216.0,77030.0
20180405:2200,21.75,37.5,347.65,294.13,159.95,351.05,2.0,241.0,76980.0
20180405:2300,20.96,38.65,127.1,132.08,70.1,320.1,2.62,223.0,77050.0
20180406:0000,20.05,43.0,29.6,56.85,18.3,334.2,2.0,204.0,77050.0
20180406:0100,19.17,49.45,0.0,-0.0,0.0,327.75,1.45,190.0,77100.0
20180406:0200,17.48,58.8,0.0,-0.0,0.0,303.65,1.17,212.0,77180.0
20180406:0300,14.98,80.55,0.0,-0.0,0.0,301.5,1.17,195.0,77250.0
20180406:0400,13.73,86.35,0.0,-0.0,0.0,299.75,1.79,165.0,77280.0
20180406:0500,12.97,89.4,0.0,-0.0,0.0,299.2,2.0,156.0,77330.0
20180406:0600,11.93,95.9,0.0,-0.0,0.0,285.05,1.66,171.0,77320.0
20180406:0700,11.29,99.35,0.0,-0.0,0.0,284.85,1.72,192.0,77230.0
20180406:0800,10.62,95.9,0.0,-0.0,0.0,277.1,1.66,196.0,77170.0
20180406:0900,10.46,95.9,0.0,-0.0,0.0,281.0,1.52,199.0,77190.0
20180406:1000,10.42,99.4,0.0,-0.0,0.0,282.55,1.38,196.0,77130.0
20180406:1100,10.06,99.4,0.0,-0.0,0.0,284.65,1.1,191.0,77160.0
20180406:1200,9.7,99.4,0.0,-0.0,0.0,289.5,1.03,185.0,77180.0
20180406:1300,9.94,100.0,167.7,704.47,82.95,288.95,0.9,179.0,77210.0
20180406:1400,12.95,95.95,392.35,683.06,147.0,286.05,0.9,181.0,77230.0
20180406:1500,16.11,72.65,686.55,983.96,119.65,294.55,1.17,214.0,77250.0
20180406:1600,19.13,47.65,758.55,780.11,168.5,286.2,1.17,255.0,77240.0
20180406:1700,20.63,35.9,856.5,723.93,213.95,308.3,1.24,276.0,77210.0
20180406:1800,21.95,32.35,862.35,639.01,248.35,306.95,1.38,255.0,77170.0
20180406:1900,22.68,36.4,526.15,147.14,383.25,320.85,1.38,253.0,77110.0
20180406:2000,22.14,40.5,341.35,103.72,246.15,368.5,2.0,241.0,77020.0
20180406:2100,18.57,57.1,395.3,202.91,232.05,372.35,1.86,234.0,77000.0
20180406:2200,17.82,65.55,160.85,89.52,103.65,329.55,1.66,216.0,77030.0
20180406:2300,16.32,75.25,179.3,218.93,84.65,343.7,1.31,284.0,77070.0
20180407:0000,16.55,72.7,38.55,91.43,20.3,314.85,0.28,295.0,77030.0
20180407:0100,15.76,77.85,0.0,-0.0,0.0,313.8,1.03,204.0,77080.0
20180407:0200,14.55,83.45,0.0,-0.0,0.0,301.7,1.38,164.0,77140.0
20180407:0300,13.48,89.45,0.0,-0.0,0.0,307.1,1.17,159.0,77180.0
20180407:0400,12.36,95.95,0.0,-0.0,0.0,280.8,1.17,171.0,77200.0
20180407:0500,11.26,99.35,0.0,-0.0,0.0,280.2,1.38,182.0,77220.0
20180407:0600,10.32,100.0,0.0,-0.0,0.0,300.95,1.38,183.0,77220.0
20180407:0700,10.04,99.4,0.0,-0.0,0.0,303.85,1.52,188.0,77160.0
20180407:0800,9.47,99.4,0.0,-0.0,0.0,294.15,1.45,190.0,77140.0
20180407:0900,8.79,100.0,0.0,-0.0,0.0,285.85,1.31,191.0,77120.0
20180407:1000,8.4,99.4,0.0,-0.0,0.0,287.75,1.17,188.0,77110.0
20180407:1100,7.97,95.85,0.0,-0.0,0.0,274.8,1.1,186.0,77130.0
20180407:1200,7.75,99.4,0.0,-0.0,0.0,265.9,0.97,185.0,77170.0
20180407:1300,8.63,99.4,213.95,1228.29,62.1,258.35,0.83,187.0,77210.0
20180407:1400,12.33,95.95,477.65,1094.79,81.05,254.5,0.69,200.0,77210.0
20180407:1500,16.69,56.6,713.05,1060.3,99.25,260.65,0.9,228.0,77230.0
20180407:1600,19.2,41.15,895.5,1019.35,122.05,272.65,1.17,266.0,77210.0
20180407:1700,20.85,34.55,944.0,814.0,219.85,281.4,1.31,270.0,77200.0
20180407:1800,22.21,27.95,880.25,683.72,222.15,296.85,1.59,256.0,77150.0
20180407:1900,22.74,25.1,830.35,608.05,239.0,320.3,2.28,243.0,77070.0
20180407:2000,22.66,25.1,766.95,624.36,193.2,314.5,2.0,237.0,77020.0
20180407:2100,22.82,26.05,613.35,580.87,145.5,311.95,1.93,228.0,76980.0
20180407:2200,22.69,25.1,462.7,555.96,107.05,314.3,1.72,230.0,76960.0
20180407:2300,22.3,25.95,248.6,362.3,91.7,305.0,1.52,215.0,76940.0
20180408:0000,21.64,26.8,40.3,107.26,18.8,306.75,1.86,184.0,76970.0
20180408:0100,20.07,31.95,0.0,-0.0,0.0,300.85,1.86,185.0,77000.0
20180408:0200,17.96,39.4,0.0,-0.0,0.0,291.25,1.86,194.0,77060.0
20180408:0300,15.74,48.65,0.0,-0.0,0.0,277.9,1.59,197.0,77110.0
20180408:0400,14.9,50.25,0.0,-0.0,0.0,277.9,1.52,192.0,77140.0
20180408:0500,15.02,46.75,0.0,-0.0,0.0,269.4,1.31,192.0,77190.0
20180408:0600,13.85,51.9,0.0,-0.0,0.0,266.85,1.38,187.0,77200.0
20180408:0700,14.1,48.25,0.0,-0.0,0.0,272.65,1.24,189.0,77140.0
20180408:0800,13.7,50.0,0.0,-0.0,0.0,265.5,1.1,186.0,77110.0
20180408:0900,13.02,51.75,0.0,-0.0,0.0,267.25,1.03,183.0,77120.0
20180408:1000,12.45,55.5,0.0,-0.0,0.0,271.1,1.03,181.0,77110.0
20180408:1100,11.84,59.7,0.0,-0.0,0.0,259.9,1.03,177.0,77120.0
20180408:1200,11.24,61.85,0.0,-0.0,0.0,256.2,1.03,173.0,77120.0
20180408:1300,11.01,61.85,212.7,1204.72,59.8,254.65,0.97,170.0,77150.0
20180408:1400,14.66,56.15,473.7,1063.81,85.1,258.75,0.9,184.0,77150.0
20180408:1500,18.66,36.8,713.55,1050.63,102.5,267.05,1.17,206.0,77140.0
20180408:1600,20.85,33.3,904.95,1043.47,110.75,277.1,1.38,214.0,77130.0
20180408:1700,22.56,27.95,987.9,941.3,148.65,286.6,1.52,214.0,77100.0
20180408:1800,23.72,25.35,923.85,710.22,239.1,299.0,1.79,202.0,77050.0
20180408:1900,24.44,23.65,863.1,677.44,203.4,316.6,2.14,192.0,76980.0
20180408:2000,24.83,23.75,851.65,691.65,215.35,324.75,2.69,198.0,76920.0
20180408:2100,25.01,24.65,659.15,591.5,182.25,313.3,2.83,206.0,76880.0
20180408:2200,24.8,24.65,417.25,456.09,125.15,335.95,2.83,210.0,76830.0
20180408:2300,23.95,25.35,173.3,228.33,74.25,335.0,2.97,218.0,76840.0
20180409:0000,21.84,30.0,35.85,84.46,18.85,349.3,2.83,226.0,76930.0
20180409:0100,20.11,33.15,0.0,-0.0,0.0,313.25,1.93,194.0,77020.0
20180409:0200,18.62,39.65,0.0,-0.0,0.0,311.95,1.86,156.0,77070.0
20180409:0300,16.81,48.9,0.0,-0.0,0.0,302.85,1.93,161.0,77120.0
20180409:0400,15.24,56.25,0.0,-0.0,0.0,305.2,1.93,170.0,77170.0
20180409:0500,13.33,67.05,0.0,-0.0,0.0,278.3,1.93,172.0,77230.0
20180409:0600,12.48,66.95,0.0,-0.0,0.0,275.2,1.79,175.0,77220.0
20180409:0700,12.94,51.65,0.0,-0.0,0.0,269.2,1.45,200.0,77150.0
20180409:0800,11.93,55.4,0.0,-0.0,0.0,261.05,1.45,200.0,77120.0
20180409:0900,11.3,55.3,0.0,-0.0,0.0,259.3,1.52,200.0,77100.0
20180409:1000,11.17,53.25,0.0,-0.0,0.0,257.95,1.45,202.0,77070.0
20180409:1100,11.41,53.25,0.0,-0.0,0.0,256.8,1.38,202.0,77090.0
20180409:1200,12.0,49.6,0.0,-0.0,0.0,256.05,1.17,200.0,77120.0
20180409:1300,12.06,49.6,216.3,1208.01,59.05,255.05,1.03,197.0,77180.0
20180409:1400,15.25,48.55,475.8,1061.3,84.95,259.1,0.9,197.0,77180.0
20180409:1500,19.14,30.5,714.45,1050.31,100.8,268.05,1.31,224.0,77210.0
20180409:1600,21.09,25.65,906.35,1045.51,108.2,277.9,1.45,237.0,77200.0
20180409:1700,22.77,24.15,963.85,902.9,157.1,286.4,1.86,241.0,77180.0
20180409:1800,23.59,22.65,929.0,682.61,269.8,297.65,1.79,229.0,77150.0
20180409:1900,24.65,20.4,892.35,718.93,191.35,319.3,1.52,220.0,77050.0
20180409:2000,25.12,20.55,773.45,565.39,252.75,315.85,1.86,225.0,76990.0
20180409:2100,24.79,21.2,493.4,394.08,175.35,323.2,1.66,241.0,76980.0
20180409:2200,24.13,21.9,259.8,173.98,148.25,342.95,0.9,240.0,76960.0
20180409:2300,23.32,23.4,70.05,58.34,44.7,344.85,0.69,191.0,76990.0
20180410:0000,22.2,25.95,22.25,51.21,11.9,360.95,1.79,152.0,77040.0
20180410:0100,20.69,32.1,0.0,-0.0,0.0,341.7,2.0,162.0,77130.0
20180410:0200,19.35,38.2,0.0,-0.0,0.0,321.05,1.66,184.0,77210.0
20180410:0300,17.86,42.45,0.0,-0.0,0.0,313.9,1.31,183.0,77260.0
20180410:0400,17.78,40.9,0.0,-0.0,0.0,288.35,0.97,155.0,77320.0
20180410:0500,16.49,47.0,0.0,-0.0,0.0,277.5,1.03,161.0,77350.0
20180410:0600,15.15,54.25,0.0,-0.0,0.0,274.2,1.1,170.0,77350.0
20180410:0700,14.27,80.45,0.0,-0.0,0.0,322.05,0.28,208.0,77370.0
20180410:0800,13.87,83.35,0.0,-0.0,0.0,298.4,0.76,192.0,77290.0
20180410:0900,13.73,77.6,0.0,-0.0,0.0,281.4,0.76,170.0,77260.0
20180410:1000,13.91,74.85,0.0,-0.0,0.0,284.1,0.48,141.0,77260.0
20180410:1100,13.76,72.2,0.0,-0.0,0.0,267.85,0.21,122.0,77270.0
20180410:1200,13.49,69.65,0.0,-0.0,0.0,267.05,0.14,6.0,77330.0
20180410:1300,12.99,72.1,213.2,1134.27,61.9,264.95,0.28,332.0,77360.0
20180410:1400,13.7,89.45,472.3,1033.23,88.75,267.05,0.83,3.0,77390.0
20180410:1500,17.08,60.95,645.55,871.67,134.0,273.25,1.79,8.0,77450.0
20180410:1600,18.68,49.45,719.95,750.28,145.5,287.95,1.59,18.0,77460.0
20180410:1700,19.77,44.45,742.65,521.63,275.6,312.15,1.17,27.0,77450.0
20180410:1800,20.69,40.1,798.95,577.38,240.5,319.3,1.1,42.0,77410.0
20180410:1900,22.13,31.3,864.1,651.83,227.75,321.65,0.69,36.0,77340.0
20180410:2000,22.79,29.2,804.1,663.58,192.35,326.5,0.14,128.0,77250.0
20180410:2100,23.63,27.35,588.15,539.72,152.15,328.0,0.55,185.0,77170.0
20180410:2200,23.27,28.25,311.25,288.78,125.9,329.95,0.14,316.0,77120.0
20180410:2300,21.83,33.6,101.3,99.72,57.9,341.95,2.76,4.0,77170.0
20180411:0000,18.74,45.95,25.5,43.61,16.65,351.85,4.0,6.0,77320.0
20180411:0100,14.66,72.4,0.0,-0.0,0.0,333.75,2.76,12.0,77440.0
20180411:0200,13.25,89.4,0.0,-0.0,0.0,316.05,2.14,22.0,77550.0
20180411:0300,12.65,92.6,0.0,-0.0,0.0,333.65,2.07,3.0,77580.0
20180411:0400,12.27,95.95,0.0,-0.0,0.0,347.75,2.55,6.0,77640.0
20180411:0500,11.6,95.9,0.0,-0.0,0.0,323.4,2.34,7.0,77690.0
20180411:0600,11.55,92.55,0.0,-0.0,0.0,337.9,2.28,355.0,77660.0
20180411:0700,11.16,95.9,0.0,-0.0,0.0,324.35,1.59,349.0,77560.0
20180411:0800,10.71,99.4,0.0,-0.0,0.0,313.1,1.31,353.0,77500.0
20180411:0900,10.48,99.4,0.0,-0.0,0.0,326.5,1.17,356.0,77450.0
20180411:1000,10.31,99.4,0.0,-0.0,0.0,329.0,0.9,16.0,77420.0
20180411:1100,10.17,99.4,0.0,-0.0,0.0,322.05,0.83,31.0,77400.0
20180411:1200,10.01,95.9,0.0,-0.0,0.0,318.55,0.55,37.0,77450.0
20180411:1300,9.94,99.4,165.7,570.05,87.85,307.9,0.62,47.0,77470.0
20180411:1400,11.64,89.3,397.05,647.01,155.0,302.5,0.41,60.0,77530.0
20180411:1500,14.14,72.3,574.7,742.94,136.8,308.1,0.28,140.0,77540.0
20180411:1600,16.09,60.75,585.95,445.02,244.25,295.7,0.34,145.0,77540.0
20180411:1700,17.43,52.75,755.1,570.84,242.95,322.05,0.21,154.0,77540.0
20180411:1800,18.88,49.45,647.15,371.7,287.1,318.95,0.34,174.0,77490.0
20180411:1900,19.35,53.15,346.75,69.78,278.55,344.1,0.62,201.0,77360.0
20180411:2000,18.78,55.05,321.25,90.22,238.0,366.75,0.41,193.0,77290.0
20180411:2100,17.0,70.2,395.85,247.29,195.9,362.85,0.69,205.0,77280.0
20180411:2200,16.51,70.2,151.35,78.44,100.95,319.3,1.66,240.0,77270.0
20180411:2300,14.93,83.45,109.95,94.62,68.7,348.75,1.24,246.0,77270.0
20180412:0000,14.46,86.4,23.5,33.37,16.7,331.1,1.03,270.0,77330.0
20180412:0100,14.34,89.5,0.0,-0.0,0.0,334.9,0.97,310.0,77360.0
20180412:0200,13.83,92.65,0.0,-0.0,0.0,333.25,0.97,353.0,77420.0
20180412:0300,13.24,95.95,0.0,-0.0,0.0,327.25,0.69,8.0,77480.0
20180412:0400,13.33,92.65,0.0,-0.0,0.0,316.8,0.48,350.0,77520.0
20180412:0500,13.17,92.65,0.0,-0.0,0.0,344.5,0.69,318.0,77540.0
20180412:0600,12.93,95.95,0.0,-0.0,0.0,342.75,0.76,286.0,77530.0
20180412:0700,12.77,86.25,0.0,-0.0,0.0,298.4,0.34,161.0,77440.0
20180412:0800,12.59,86.25,0.0,-0.0,0.0,299.4,0.76,178.0,77390.0
20180412:0900,11.99,86.2,0.0,-0.0,0.0,305.95,0.97,196.0,77360.0
20180412:1000,11.52,89.3,0.0,-0.0,0.0,301.1,0.97,204.0,77340.0
20180412:1100,11.69,89.3,0.0,-0.0,0.0,298.4,0.9,212.0,77340.0
20180412:1200,11.71,89.3,0.0,-0.0,0.0,301.9,0.62,201.0,77360.0
20180412:1300,11.57,89.3,169.15,693.25,72.3,291.25,0.48,176.0,77410.0
20180412:1400,13.5,86.35,437.1,866.43,110.5,287.0,0.41,185.0,77420.0
20180412:1500,15.92,72.55,620.0,799.78,146.6,287.2,0.55,246.0,77440.0
20180412:1600,17.62,61.05,808.9,850.44,154.1,291.85,0.83,291.0,77430.0
20180412:1700,19.22,57.1,829.5,634.92,258.75,303.25,0.83,293.0,77410.0
20180412:1800,20.2,55.3,781.5,514.4,282.5,329.4,0.69,276.0,77350.0
20180412:1900,21.11,43.25,728.7,605.27,136.45,348.15,0.76,278.0,77220.0
20180412:2000,21.21,43.25,553.7,250.31,322.5,323.2,0.83,242.0,77160.0
20180412:2100,21.21,43.25,160.0,105.28,74.8,353.0,1.1,255.0,77090.0
20180412:2200,17.88,61.05,309.2,233.38,159.1,356.1,1.45,241.0,77120.0
20180412:2300,17.97,61.05,177.95,274.15,58.25,325.3,1.52,190.0,77140.0
20180413:0000,18.18,56.95,42.95,111.69,20.1,310.6,1.93,151.0,77100.0
20180413:0100,17.26,60.95,0.0,-0.0,0.0,305.1,2.0,148.0,77140.0
20180413:0200,15.8,67.55,0.0,-0.0,0.0,300.75,1.72,174.0,77190.0
20180413:0300,13.88,80.4,0.0,-0.0,0.0,294.75,1.66,193.0,77240.0
20180413:0400,12.8,83.25,0.0,-0.0,0.0,288.75,1.59,190.0,77300.0
20180413:0500,12.06,83.15,0.0,-0.0,0.0,281.0,1.52,183.0,77310.0
20180413:0600,11.74,83.1,0.0,-0.0,0.0,282.75,1.38,180.0,77310.0
20180413:0700,10.14,89.2,0.0,-0.0,0.0,269.75,1.86,187.0,77250.0
20180413:0800,9.53,89.15,0.0,-0.0,0.0,267.25,1.79,187.0,77220.0
20180413:0900,9.14,89.1,0.0,-0.0,0.0,264.55,1.72,186.0,77180.0
20180413:1000,8.93,89.1,0.0,-0.0,0.0,265.9,1.59,189.0,77160.0
20180413:1100,8.83,92.4,0.0,-0.0,0.0,261.65,1.45,193.0,77160.0
20180413:1200,8.59,95.85,0.0,-0.0,0.0,266.85,1.38,194.0,77190.0
20180413:1300,8.63,95.85,179.2,586.49,95.45,275.0,1.1,186.0,77230.0
20180413:1400,12.41,95.95,396.2,577.37,176.95,280.8,1.03,191.0,77240.0
20180413:1500,15.7,75.15,671.8,924.7,122.2,289.9,1.31,212.0,77260.0
20180413:1600,18.33,54.95,898.25,1003.08,123.85,283.1,1.45,213.0,77210.0
20180413:1700,20.43,44.6,874.75,714.84,230.95,283.9,1.86,212.0,77190.0
20180413:1800,21.72,36.15,918.55,679.22,258.75,299.95,2.69,212.0,77120.0
20180413:1900,22.86,31.45,729.5,334.39,401.95,315.85,3.59,214.0,77040.0
20180413:2000,22.67,31.45,609.45,372.59,265.0,341.95,3.79,212.0,76980.0
20180413:2100,22.41,32.5,649.15,567.38,189.6,322.4,3.79,212.0,76940.0
20180413:2200,22.42,31.3,414.0,388.48,163.9,315.45,3.79,214.0,76880.0
20180413:2300,21.95,31.15,174.8,221.47,77.95,327.85,3.59,212.0,76890.0
20180414:0000,20.78,34.55,43.0,131.93,15.9,323.75,2.83,204.0,76920.0
20180414:0100,19.27,39.65,0.0,-0.0,0.0,313.45,2.14,200.0,76980.0
20180414:0200,17.02,45.55,0.0,-0.0,0.0,290.3,2.0,200.0,77070.0
20180414:0300,14.67,56.15,0.0,-0.0,0.0,286.05,2.0,208.0,77130.0
20180414:0400,12.83,64.55,0.0,-0.0,0.0,271.7,1.72,214.0,77210.0
20180414:0500,11.8,69.25,0.0,-0.0,0.0,264.55,1.66,213.0,77230.0
20180414:0600,11.26,69.15,0.0,-0.0,0.0,259.1,1.52,209.0,77230.0
20180414:0700,11.02,71.75,0.0,-0.0,0.0,260.85,1.52,204.0,77140.0
20180414:0800,10.55,71.7,0.0,-0.0,0.0,257.2,1.45,204.0,77090.0
20180414:0900,10.07,74.3,0.0,-0.0,0.0,251.95,1.45,204.0,77060.0
20180414:1000,9.98,74.3,0.0,-0.0,0.0,249.85,1.38,200.0,77050.0
20180414:1100,10.22,74.3,0.0,-0.0,0.0,244.8,1.24,198.0,77070.0
20180414:1200,10.14,74.3,0.0,-0.0,0.0,241.9,1.17,197.0,77110.0
20180414:1300,10.3,74.3,243.55,1223.36,65.13,243.05,1.1,194.0,77160.0
20180414:1400,12.69,77.45,509.3,1118.62,81.45,246.35,1.03,197.0,77180.0
20180414:1500,17.48,43.9,740.95,1078.18,97.55,254.1,1.59,212.0,77190.0
20180414:1600,19.25,36.8,927.05,1054.86,110.55,264.75,1.93,213.0,77180.0
20180414:1700,20.89,32.1,1054.6,1042.93,113.6,272.85,2.69,210.0,77150.0
20180414:1800,22.25,29.05,1071.8,960.78,137.25,280.2,3.17,206.0,77100.0
20180414:1900,23.18,27.2,837.0,566.27,281.75,289.1,3.24,210.0,77020.0
20180414:2000,23.19,26.2,827.65,651.71,224.65,321.05,3.59,211.0,76920.0
20180414:2100,23.48,27.2,613.2,518.07,193.25,325.1,3.86,209.0,76880.0
20180414:2200,23.02,28.1,444.4,455.3,151.0,324.15,3.72,207.0,76840.0
20180414:2300,22.55,27.95,240.75,404.23,63.7,324.75,3.59,206.0,76820.0
20180415:0000,21.23,29.9,48.05,140.85,19.0,296.1,3.03,203.0,76880.0
20180415:0100,19.04,32.9,0.0,-0.0,0.0,300.45,2.34,204.0,76970.0
20180415:0200,16.97,39.15,0.0,-0.0,0.0,290.65,2.0,208.0,77050.0
20180415:0300,14.7,52.15,0.0,-0.0,0.0,278.85,1.66,207.0,77180.0
20180415:0400,15.33,45.05,0.0,-0.0,0.0,273.85,1.1,216.0,77220.0
20180415:0500,15.06,45.05,0.0,-0.0,0.0,269.6,0.62,260.0,77280.0
20180415:0600,13.99,50.1,0.0,-0.0,0.0,270.15,1.03,302.0,77300.0
20180415:0700,12.08,62.1,0.0,-0.0,0.0,266.5,1.31,324.0,77240.0
20180415:0800,11.8,66.75,0.0,-0.0,0.0,271.9,1.17,344.0,77220.0
20180415:0900,11.68,69.25,0.0,-0.0,0.0,274.8,0.97,353.0,77220.0
20180415:1000,11.18,74.45,0.0,-0.0,0.0,283.5,0.9,356.0,77210.0
20180415:1100,10.46,80.05,0.0,-0.0,0.0,286.05,1.03,352.0,77250.0
20180415:1200,9.17,89.1,0.0,-0.0,0.0,276.95,1.17,357.0,77300.0
20180415:1300,10.36,89.2,178.65,649.66,81.95,299.4,0.83,1.0,77370.0
20180415:1400,12.02,77.35,440.5,815.61,126.35,302.85,0.83,353.0,77410.0
20180415:1500,14.77,62.65,703.6,976.67,118.5,271.7,0.28,338.0,77430.0
20180415:1600,17.45,50.85,858.5,945.12,125.1,276.35,0.34,245.0,77410.0
20180415:1700,19.52,44.3,900.8,758.31,215.4,286.8,0.48,241.0,77390.0
20180415:1800,21.01,38.65,1061.5,944.92,141.2,302.85,0.55,209.0,77350.0
20180415:1900,22.87,30.3,931.35,746.25,198.9,299.75,1.52,197.0,77250.0
20180415:2000,22.7,30.3,829.5,723.59,159.45,307.7,1.59,193.0,77200.0
20180415:2100,22.34,31.3,591.3,532.4,159.4,304.8,1.52,190.0,77180.0
20180415:2200,21.78,32.35,425.6,481.7,114.9,320.85,1.52,184.0,77140.0
20180415:2300,21.39,33.45,200.8,308.9,65.3,328.0,1.66,186.0,77140.0
20180416:0000,20.52,35.75,37.05,83.78,19.7,311.75,1.38,193.0,77200.0
20180416:0100,18.55,39.65,0.0,-0.0,0.0,314.95,1.1,244.0,77310.0
20180416:0200,17.02,47.3,0.0,-0.0,0.0,340.2,1.72,308.0,77430.0
20180416:0300,15.69,54.35,0.0,-0.0,0.0,330.75,1.86,332.0,77520.0
20180416:0400,14.39,64.85,0.0,-0.0,0.0,317.2,1.24,342.0,77590.0
20180416:0500,13.42,72.1,0.0,-0.0,0.0,300.35,0.9,334.0,77630.0
20180416:0600,13.35,67.05,0.0,-0.0,0.0,273.25,0.69,309.0,77620.0
20180416:0700,12.89,69.45,0.0,-0.0,0.0,266.85,0.55,226.0,77560.0
20180416:0800,12.27,71.95,0.0,-0.0,0.0,268.6,0.28,193.0,77530.0
20180416:0900,11.78,74.55,0.0,-0.0,0.0,264.35,0.14,32.0,77500.0
20180416:1000,11.32,77.2,0.0,-0.0,0.0,263.95,0.55,18.0,77490.0
20180416:1100,10.67,80.05,0.0,-0.0,0.0,261.45,0.69,13.0,77490.0
20180416:1200,10.18,82.95,0.0,-0.0,0.0,261.65,0.69,24.0,77520.0
20180416:1300,10.25,82.95,226.3,1036.55,68.95,260.5,0.62,42.0,77570.0
20180416:1400,13.24,74.75,478.3,993.16,93.15,268.6,0.55,36.0,77560.0
20180416:1500,16.66,52.65,716.95,1016.55,105.65,276.75,0.69,25.0,77590.0
20180416:1600,19.04,45.95,765.2,737.58,191.45,284.85,0.83,17.0,77590.0
20180416:1700,20.5,39.95,847.55,606.38,298.55,303.85,1.31,20.0,77570.0
20180416:1800,21.19,37.35,820.2,449.58,381.8,328.0,1.24,11.0,77530.0
20180416:1900,23.01,27.05,828.55,540.66,297.4,341.2,1.24,2.0,77410.0
20180416:2000,23.25,26.2,727.1,579.52,190.05,319.7,1.1,347.0,77350.0
20180416:2100,23.53,25.2,494.75,369.66,194.65,337.1,0.76,318.0,77270.0
20180416:2200,23.3,23.4,152.6,130.66,68.25,339.45,0.48,304.0,77230.0
20180416:2300,22.19,24.95,148.7,133.04,90.25,337.3,0.28,182.0,77220.0
20180417:0000,21.61,28.9,33.3,54.1,22.05,343.7,1.03,134.0,77240.0
20180417:0100,20.16,44.6,0.0,-0.0,0.0,326.8,0.83,105.0,77300.0
20180417:0200,18.97,44.3,0.0,-0.0,0.0,318.35,0.62,36.0,77390.0
20180417:0300,18.13,47.55,0.0,-0.0,0.0,320.85,0.69,13.0,77470.0
20180417:0400,17.68,51.0,0.0,-0.0,0.0,329.4,0.34,21.0,77530.0
20180417:0500,17.02,54.7,0.0,-0.0,0.0,333.65,0.34,51.0,77550.0
20180417:0600,16.36,60.75,0.0,-0.0,0.0,316.8,0.21,59.0,77520.0
20180417:0700,15.69,65.15,0.0,-0.0,0.0,297.85,0.41,178.0,77460.0
20180417:0800,14.89,69.85,0.0,-0.0,0.0,296.5,0.76,196.0,77400.0
20180417:0900,14.18,72.3,0.0,-0.0,0.0,287.2,0.76,186.0,77380.0
20180417:1000,13.7,74.85,0.0,-0.0,0.0,291.45,0.76,175.0,77340.0
20180417:1100,13.28,77.5,0.0,-0.0,0.0,279.25,0.83,178.0,77360.0
20180417:1200,12.9,80.3,0.0,-0.0,0.0,279.65,0.83,182.0,77370.0
20180417:1300,12.82,80.3,221.3,893.96,83.0,275.2,0.76,179.0,77430.0
20180417:1400,14.98,77.75,485.3,1001.58,94.3,274.05,0.62,213.0,77410.0
20180417:1500,18.86,45.95,720.8,1014.64,108.4,279.65,0.83,269.0,77440.0
20180417:1600,21.1,40.2,695.15,648.82,189.25,289.9,1.38,317.0,77420.0
20180417:1700,22.22,33.7,884.8,753.27,201.7,318.35,1.93,345.0,77380.0
20180417:1800,23.63,29.45,909.0,708.15,217.65,320.65,2.28,352.0,77320.0
20180417:1900,24.47,24.55,893.3,678.64,226.0,321.45,2.0,345.0,77230.0
20180417:2000,25.0,22.9,825.2,670.16,203.7,335.2,1.79,330.0,77150.0
20180417:2100,25.25,22.15,614.75,563.82,156.7,320.5,1.59,314.0,77060.0
20180417:2200,25.08,22.05,356.3,390.15,104.2,331.5,1.66,293.0,77040.0
20180417:2300,24.22,21.9,232.45,320.92,91.25,333.25,1.79,266.0,77020.0
20180418:0000,23.25,24.3,37.9,90.04,19.1,322.05,2.07,242.0,77040.0
20180418:0100,21.47,32.2,0.0,-0.0,0.0,329.1,1.24,230.0,77110.0
20180418:0200,19.51,47.65,0.0,-0.0,0.0,307.9,0.83,256.0,77190.0
20180418:0300,19.1,42.7,0.0,-0.0,0.0,300.75,0.48,306.0,77270.0
20180418:0400,18.08,44.2,0.0,-0.0,0.0,302.5,0.41,345.0,77320.0
20180418:0500,17.18,47.3,0.0,-0.0,0.0,290.85,0.48,331.0,77350.0
20180418:0600,16.61,48.9,0.0,-0.0,0.0,291.05,0.34,293.0,77340.0
20180418:0700,15.98,43.5,0.0,-0.0,0.0,283.1,0.41,190.0,77270.0
20180418:0800,15.0,46.75,0.0,-0.0,0.0,274.05,0.83,188.0,77210.0
20180418:0900,14.0,52.0,0.0,-0.0,0.0,267.65,1.1,194.0,77210.0
20180418:1000,12.38,62.1,0.0,-0.0,0.0,264.75,1.31,198.0,77190.0
20180418:1100,11.98,64.45,0.0,-0.0,0.0,264.15,1.24,200.0,77230.0
20180418:1200,12.06,64.45,0.0,-0.0,0.0,263.75,1.03,195.0,77270.0
20180418:1300,12.02,66.85,237.45,1105.63,63.25,262.6,0.69,185.0,77300.0
20180418:1400,14.84,75.0,493.25,1031.8,87.85,267.85,0.55,214.0,77320.0
20180418:1500,19.69,39.8,727.3,1030.43,103.15,277.7,1.31,302.0,77320.0
20180418:1600,21.9,31.15,914.15,1026.75,111.75,287.2,2.14,332.0,77290.0
20180418:1700,23.67,25.35,1047.75,1030.98,111.35,294.95,2.34,346.0,77270.0
20180418:1800,25.16,22.15,936.25,704.85,247.35,300.15,2.55,356.0,77220.0
20180418:1900,25.31,23.0,811.4,623.25,198.05,330.55,2.48,348.0,77210.0
20180418:2000,25.56,23.0,676.4,378.76,324.9,329.0,2.55,351.0,77130.0
20180418:2100,25.59,22.15,486.7,398.98,162.35,352.6,2.55,358.0,77100.0
20180418:2200,25.46,21.35,319.1,286.29,133.95,347.55,2.69,4.0,77020.0
20180418:2300,24.9,21.2,184.35,241.01,78.15,357.25,2.69,5.0,77010.0
20180419:0000,23.97,23.5,29.45,49.84,19.0,316.6,1.72,8.0,77040.0
20180419:0100,22.38,27.95,0.0,-0.0,0.0,330.65,1.38,24.0,77110.0
20180419:0200,20.31,37.1,0.0,-0.0,0.0,340.2,1.24,44.0,77200.0
20180419:0300,18.01,42.45,0.0,-0.0,0.0,323.95,1.72,56.0,77280.0
20180419:0400,17.62,40.9,0.0,-0.0,0.0,332.1,1.45,46.0,77370.0
20180419:0500,17.78,37.95,0.0,-0.0,0.0,321.25,1.1,24.0,77410.0
20180419:0600,17.28,37.8,0.0,-0.0,0.0,299.75,1.1,22.0,77410.0
20180419:0700,16.54,40.6,0.0,-0.0,0.0,266.3,0.48,175.0,77330.0
20180419:0800,15.72,46.9,0.0,-0.0,0.0,264.95,0.28,146.0,77300.0
20180419:0900,14.95,50.25,0.0,-0.0,0.0,261.85,0.21,39.0,77320.0
20180419:1000,14.0,52.0,0.0,-0.0,0.0,260.85,0.41,8.0,77300.0
20180419:1100,13.35,57.9,0.0,-0.0,0.0,260.1,0.55,7.0,77330.0
20180419:1200,12.84,57.75,0.0,-0.0,0.0,259.1,0.55,8.0,77340.0
20180419:1300,12.84,57.75,247.55,1156.17,62.15,256.6,0.55,18.0,77400.0
20180419:1400,14.68,64.95,505.7,1054.96,88.6,261.05,0.76,4.0,77420.0
20180419:1500,18.84,36.8,746.35,1066.61,98.05,271.7,1.1,11.0,77410.0
20180419:1600,21.22,27.7,927.8,1045.88,108.65,275.75,1.38,16.0,77410.0
20180419:1700,23.27,22.5,1053.25,1032.69,113.9,282.35,1.86,17.0,77390.0
20180419:1800,25.03,18.9,1103.45,1016.24,109.15,287.95,2.69,16.0,77370.0
20180419:1900,26.47,17.15,1032.25,880.75,164.8,295.1,3.38,12.0,77290.0
20180419:2000,27.44,14.9,644.65,510.96,170.15,301.9,3.52,11.0,77220.0
20180419:2100,26.82,14.8,614.05,482.43,221.6,318.75,3.31,13.0,77120.0
20180419:2200,26.18,15.3,494.05,559.51,131.9,316.6,2.34,29.0,77070.0
20180419:2300,25.41,16.95,229.7,305.91,94.7,298.6,2.21,60.0,77070.0
20180420:0000,23.98,21.8,51.6,125.4,25.2,311.75,2.9,55.0,77130.0
20180420:0100,21.04,27.6,0.0,-0.0,0.0,297.75,2.9,46.0,77220.0
20180420:0200,18.84,34.15,0.0,-0.0,0.0,296.85,2.14,31.0,77330.0
20180420:0300,16.85,43.8,0.0,-0.0,0.0,286.6,1.66,2.0,77430.0
20180420:0400,14.8,54.1,0.0,-0.0,0.0,288.75,1.86,360.0,77510.0
20180420:0500,13.34,62.3,0.0,-0.0,0.0,285.25,1.59,355.0,77530.0
20180420:0600,13.02,64.65,0.0,-0.0,0.0,286.6,1.31,355.0,77550.0
20180420:0700,13.29,62.3,0.0,-0.0,0.0,261.45,0.97,356.0,77450.0
20180420:0800,12.58,66.95,0.0,-0.0,0.0,258.35,1.1,347.0,77430.0
20180420:0900,11.37,74.45,0.0,-0.0,0.0,256.05,1.17,351.0,77420.0
20180420:1000,10.99,77.2,0.0,-0.0,0.0,258.75,1.1,358.0,77370.0
20180420:1100,10.72,83.0,0.0,-0.0,0.0,264.35,0.9,356.0,77400.0
20180420:1200,10.29,86.0,0.0,-0.0,0.0,263.2,0.48,0.0,77390.0
20180420:1300,10.6,83.0,239.85,1034.32,71.15,277.3,0.28,21.0,77420.0
20180420:1400,13.1,67.05,500.35,1031.11,90.2,262.8,0.14,13.0,77430.0
20180420:1500,16.16,54.45,725.95,1017.79,105.25,263.75,0.28,292.0,77430.0
20180420:1600,18.89,42.7,930.15,1042.33,112.05,275.6,0.48,291.0,77410.0
20180420:1700,21.36,33.45,1001.1,961.83,124.95,285.85,0.9,338.0,77390.0
20180420:1800,23.28,25.2,1084.05,954.67,149.05,298.6,1.72,1.0,77340.0
20180420:1900,24.76,22.05,1008.35,915.7,105.8,309.65,2.55,5.0,77250.0
20180420:2000,25.56,19.0,939.5,855.76,144.3,303.65,2.9,6.0,77170.0
20180420:2100,26.08,16.4,623.8,547.48,178.15,317.55,2.76,6.0,77080.0
20180420:2200,25.63,15.15,453.2,492.67,134.05,321.25,2.28,1.0,77030.0
20180420:2300,25.05,16.2,241.65,324.57,98.2,302.5,1.72,357.0,77000.0
20180421:0000,24.19,16.7,55.25,129.37,27.9,308.3,0.97,359.0,77020.0
20180421:0100,22.85,27.05,0.0,-0.0,0.0,294.45,0.28,325.0,77090.0
20180421:0200,21.14,24.7,0.0,-0.0,0.0,281.4,0.83,10.0,77200.0
20180421:0300,19.63,29.5,0.0,-0.0,0.0,281.0,0.62,1.0,77270.0
20180421:0400,18.68,32.9,0.0,-0.0,0.0,281.6,0.55,290.0,77320.0
20180421:0500,17.66,36.55,0.0,-0.0,0.0,276.75,0.83,254.0,77360.0
20180421:0600,16.72,40.6,0.0,-0.0,0.0,275.2,0.9,228.0,77360.0
20180421:0700,16.24,37.55,0.0,-0.0,0.0,263.4,1.1,208.0,77300.0
20180421:0800,14.91,43.25,0.0,-0.0,0.0,263.2,1.31,198.0,77260.0
20180421:0900,12.64,53.6,0.0,-0.0,0.0,263.75,1.59,191.0,77250.0
20180421:1000,11.15,61.85,0.0,-0.0,0.0,263.6,1.66,187.0,77210.0
20180421:1100,10.34,71.6,0.0,-0.0,0.0,261.85,1.66,185.0,77220.0
20180421:1200,9.98,71.6,0.0,-0.0,0.0,259.5,1.66,187.0,77240.0
20180421:1300,11.54,69.25,247.85,1093.23,66.6,258.55,1.24,193.0,77270.0
20180421:1400,15.0,65.05,507.0,1039.81,90.95,264.15,1.31,212.0,77290.0
20180421:1500,18.6,51.25,737.0,1023.49,110.8,273.85,1.24,239.0,77300.0
20180421:1600,21.05,43.1,925.25,1033.85,112.15,286.4,1.1,278.0,77280.0
20180421:1700,23.29,30.4,1002.8,946.75,139.2,299.55,1.45,324.0,77240.0
20180421:1800,24.95,25.6,1051.0,947.53,122.1,311.0,1.72,343.0,77180.0
20180421:1900,26.12,22.4,863.9,631.83,240.7,315.45,1.38,340.0,77050.0
20180421:2000,26.36,21.55,763.6,600.36,205.4,324.75,0.9,342.0,77030.0
20180421:2100,26.58,21.55,606.35,494.18,203.85,347.0,0.83,322.0,76960.0
20180421:2200,26.12,21.55,405.55,359.0,172.8,345.45,0.97,316.0,76900.0
20180421:2300,24.39,28.5,212.3,296.41,81.1,337.3,1.17,312.0,76930.0
20180422:0000,22.95,33.85,38.7,86.2,20.4,331.7,1.72,263.0,77020.0
20180422:0100,21.16,41.7,0.0,-0.0,0.0,332.4,1.17,268.0,77130.0
20180422:0200,19.71,51.4,0.0,-0.0,0.0,333.45,1.79,284.0,77210.0
20180422:0300,18.05,59.05,0.0,-0.0,0.0,315.45,1.79,270.0,77280.0
20180422:0400,16.59,70.2,0.0,-0.0,0.0,321.85,1.38,265.0,77300.0
20180422:0500,16.32,72.65,0.0,-0.0,0.0,316.6,0.97,255.0,77320.0
20180422:0600,16.24,70.1,0.0,-0.0,0.0,294.35,0.62,229.0,77300.0
20180422:0700,15.74,62.85,0.0,-0.0,0.0,293.75,0.62,174.0,77240.0
20180422:0800,15.34,65.05,0.0,-0.0,0.0,292.4,0.62,196.0,77230.0
20180422:0900,15.01,65.05,0.0,-0.0,0.0,286.8,0.69,208.0,77200.0
20180422:1000,14.54,67.35,0.0,-0.0,0.0,278.85,0.76,209.0,77160.0
20180422:1100,14.12,69.75,0.0,-0.0,0.0,277.5,0.83,206.0,77190.0
20180422:1200,13.6,72.2,0.0,-0.0,0.0,276.15,0.9,208.0,77200.0
20180422:1300,13.7,74.85,241.05,1033.69,66.95,276.15,0.76,203.0,77260.0
20180422:1400,16.24,72.65,485.4,949.65,103.25,281.0,0.76,216.0,77260.0
20180422:1500,19.56,53.25,709.45,949.26,126.85,292.2,0.62,262.0,77280.0
20180422:1600,21.97,41.85,802.2,778.09,189.05,304.05,1.1,334.0,77270.0
20180422:1700,23.79,35.4,890.8,769.35,188.1,332.65,1.17,355.0,77230.0
20180422:1800,25.14,30.95,914.3,636.24,290.0,328.4,0.97,10.0,77180.0
20180422:1900,25.97,31.1,624.3,274.01,353.85,344.65,0.21,310.0,77080.0
20180422:2000,25.77,31.1,379.15,112.11,274.85,377.95,0.48,188.0,77000.0
20180422:2100,22.81,43.65,194.0,4.36,190.45,378.75,1.24,225.0,76980.0
20180422:2200,19.21,63.5,108.8,0.08,108.75,347.75,0.62,239.0,77110.0
20180422:2300,18.33,68.05,78.15,10.72,73.4,355.9,1.59,21.0,77120.0
20180423:0000,17.92,67.95,17.9,0.0,17.9,337.9,1.31,5.0,77150.0
20180423:0100,16.64,72.7,0.0,-0.0,0.0,339.75,1.72,320.0,77240.0
20180423:0200,15.43,89.55,0.0,-0.0,0.0,342.95,0.9,303.0,77310.0
20180423:0300,14.94,92.7,0.0,-0.0,0.0,347.75,0.41,192.0,77410.0
20180423:0400,14.58,92.7,0.0,-0.0,0.0,343.1,0.69,85.0,77430.0
20180423:0500,14.36,92.7,0.0,-0.0,0.0,335.2,0.62,57.0,77440.0
20180423:0600,14.2,89.5,0.0,-0.0,0.0,316.05,0.07,27.0,77420.0
20180423:0700,13.19,95.95,0.0,-0.0,0.0,333.85,1.24,206.0,77340.0
20180423:0800,13.01,95.95,0.0,-0.0,0.0,337.3,1.24,214.0,77330.0
20180423:0900,12.65,99.4,0.0,-0.0,0.0,331.9,1.03,212.0,77280.0
20180423:1000,12.62,95.95,0.0,-0.0,0.0,329.4,0.62,204.0,77280.0
20180423:1100,12.47,95.95,0.0,-0.0,0.0,337.1,0.21,152.0,77280.0
20180423:1200,12.23,99.4,0.0,-0.0,0.0,343.7,0.28,53.0,77330.0
20180423:1300,12.49,95.95,150.75,178.07,120.3,351.65,0.55,20.0,77360.0
20180423:1400,13.63,95.95,329.35,254.06,226.55,346.0,0.76,18.0,77420.0
20180423:1500,16.16,83.6,529.7,398.15,284.6,346.0,0.55,12.0,77420.0
20180423:1600,18.41,65.65,843.05,813.36,200.9,355.5,0.62,345.0,77430.0
20180423:1700,21.01,55.45,746.3,562.93,231.5,315.25,1.17,341.0,77390.0
20180423:1800,21.89,48.3,895.95,724.68,184.25,328.4,1.31,349.0,77360.0
20180423:1900,24.44,39.55,773.3,525.6,254.2,330.75,1.38,6.0,77230.0
20180423:2000,24.79,36.95,436.2,133.49,311.95,356.3,1.72,9.0,77130.0
20180423:2100,23.72,36.7,204.5,4.78,200.6,349.3,1.1,5.0,77060.0
20180423:2200,21.41,48.2,144.45,13.86,135.45,363.85,0.62,81.0,77110.0
20180423:2300,19.21,59.15,94.55,47.64,73.4,347.75,1.52,67.0,77170.0
20180424:0000,17.7,70.35,20.9,0.0,20.9,336.95,0.83,49.0,77240.0
20180424:0100,16.92,78.0,0.0,-0.0,0.0,336.05,1.17,310.0,77320.0
20180424:0200,16.19,77.95,0.0,-0.0,0.0,328.05,0.83,272.0,77370.0
20180424:0300,15.37,83.5,0.0,-0.0,0.0,315.25,0.69,229.0,77430.0
20180424:0400,13.8,92.65,0.0,-0.0,0.0,311.95,0.34,336.0,77470.0
20180424:0500,13.72,92.65,0.0,-0.0,0.0,316.6,0.41,359.0,77520.0
20180424:0600,13.09,92.65,0.0,-0.0,0.0,307.1,0.69,14.0,77510.0
20180424:0700,12.52,95.95,0.0,-0.0,0.0,283.1,1.1,188.0,77410.0
20180424:0800,12.15,95.95,0.0,-0.0,0.0,287.4,1.1,187.0,77360.0
20180424:0900,12.0,95.95,0.0,-0.0,0.0,281.6,1.03,186.0,77340.0
20180424:1000,11.79,99.4,0.0,-0.0,0.0,280.2,0.9,186.0,77330.0
20180424:1100,11.42,100.0,0.0,-0.0,0.0,285.65,0.69,178.0,77340.0
20180424:1200,11.22,99.35,0.0,-0.0,0.0,289.9,0.55,164.0,77390.0
20180424:1300,11.57,99.4,215.8,789.25,78.85,279.05,0.34,130.0,77430.0
20180424:1400,14.77,92.7,470.45,837.51,129.75,282.35,0.21,155.0,77430.0
20180424:1500,17.52,67.95,700.4,889.32,151.35,297.45,0.28,310.0,77450.0
20180424:1600,20.12,57.3,808.6,852.04,134.7,303.65,0.9,338.0,77440.0
20180424:1700,21.49,51.75,829.3,718.06,171.85,319.5,1.52,345.0,77410.0
20180424:1800,22.26,48.45,787.2,530.17,266.1,323.4,1.45,359.0,77360.0
20180424:1900,22.93,45.25,639.4,345.11,298.35,354.55,0.41,343.0,77280.0
20180424:2000,23.11,43.75,418.25,92.83,331.8,361.1,0.69,346.0,77180.0
20180424:2100,21.65,46.6,228.15,39.9,195.6,355.1,1.03,278.0,77180.0
20180424:2200,19.8,55.2,143.45,0.08,143.4,341.55,1.79,251.0,77190.0
20180424:2300,18.77,61.3,105.55,23.73,95.0,339.65,2.14,317.0,77250.0
20180425:0000,17.23,67.85,26.85,22.56,22.0,330.55,1.72,342.0,77270.0
20180425:0100,16.96,72.7,0.0,-0.0,0.0,320.8,0.97,6.0,77360.0
20180425:0200,16.68,72.7,0.0,-0.0,0.0,323.75,0.41,151.0,77410.0
20180425:0300,16.24,75.25,0.0,-0.0,0.0,303.25,0.76,192.0,77460.0
20180425:0400,15.86,77.85,0.0,-0.0,0.0,308.3,0.62,207.0,77480.0
20180425:0500,15.35,80.6,0.0,-0.0,0.0,304.8,0.9,207.0,77500.0
20180425:0600,14.73,83.45,0.0,-0.0,0.0,305.2,1.03,208.0,77500.0
20180425:0700,11.93,100.0,0.0,-0.0,0.0,320.65,1.1,179.0,77490.0
20180425:0800,11.08,99.35,0.0,-0.0,0.0,299.4,1.17,183.0,77450.0
20180425:0900,10.55,99.4,0.0,-0.0,0.0,293.4,1.1,181.0,77400.0
20180425:1000,10.47,99.4,0.0,-0.0,0.0,300.35,0.83,183.0,77380.0
20180425:1100,10.41,100.0,0.0,-0.0,0.0,291.65,0.62,176.0,77410.0
20180425:1200,9.64,100.0,0.0,-0.0,0.0,293.2,0.48,170.0,77430.0
20180425:1300,10.76,99.4,188.1,442.39,110.25,288.55,0.48,158.0,77470.0
20180425:1400,14.74,89.5,404.4,580.09,167.2,333.05,0.55,188.0,77450.0
20180425:1500,17.16,70.3,690.7,882.63,144.25,328.6,0.76,234.0,77470.0
20180425:1600,19.85,55.2,860.45,906.36,142.35,305.4,1.1,288.0,77450.0
20180425:1700,21.82,43.4,844.25,701.76,201.0,309.65,1.79,307.0,77390.0
20180425:1800,22.36,40.5,950.15,722.98,239.0,324.15,2.07,308.0,77340.0
20180425:1900,23.44,37.9,658.45,319.23,342.8,341.2,2.21,316.0,77240.0
20180425:2000,23.59,35.4,332.45,59.3,277.2,359.2,2.55,304.0,77170.0
20180425:2100,22.57,37.75,442.5,282.02,212.3,370.6,2.14,306.0,77150.0
20180425:2200,21.85,41.85,308.4,236.87,154.35,350.85,1.93,296.0,77070.0
20180425:2300,20.24,51.5,153.75,151.37,86.35,332.5,2.69,268.0,77110.0
20180426:0000,19.18,61.3,36.6,59.74,23.7,333.85,2.21,271.0,77140.0
20180426:0100,17.77,70.35,0.0,-0.0,0.0,321.55,2.0,278.0,77200.0
20180426:0200,15.97,80.65,0.0,-0.0,0.0,306.35,1.72,248.0,77290.0
20180426:0300,15.01,80.6,0.0,-0.0,0.0,322.6,1.17,216.0,77300.0
20180426:0400,14.35,86.4,0.0,-0.0,0.0,314.1,1.24,199.0,77350.0
20180426:0500,13.35,92.65,0.0,-0.0,0.0,290.1,1.38,205.0,77350.0
20180426:0600,12.46,95.95,0.0,-0.0,0.0,284.5,1.45,206.0,77340.0
20180426:0700,14.49,80.55,0.0,-0.0,0.0,286.8,1.24,206.0,77240.0
20180426:0800,14.95,83.45,0.0,-0.0,0.0,289.9,0.97,228.0,77220.0
20180426:0900,14.41,83.4,0.0,-0.0,0.0,293.0,0.62,247.0,77190.0
20180426:1000,13.93,86.35,0.0,-0.0,0.0,308.1,0.62,229.0,77200.0
20180426:1100,13.14,86.3,0.0,-0.0,0.0,283.7,0.69,199.0,77170.0
20180426:1200,12.5,86.25,0.0,-0.0,0.0,277.7,1.03,207.0,77210.0
20180426:1300,12.79,89.4,253.8,1036.88,68.85,274.05,0.9,204.0,77250.0
20180426:1400,15.51,77.85,472.45,879.81,110.9,279.45,0.83,210.0,77310.0
20180426:1500,17.72,63.3,634.4,755.66,165.3,289.9,0.76,274.0,77340.0
20180426:1600,19.61,53.25,665.25,547.7,230.6,305.95,1.31,320.0,77350.0
20180426:1700,20.55,44.7,771.1,510.14,303.0,335.55,1.79,316.0,77330.0
20180426:1800,21.46,40.2,965.4,770.76,206.7,329.95,2.14,312.0,77280.0
20180426:1900,23.22,30.4,836.3,633.13,209.95,324.15,2.55,291.0,77140.0
20180426:2000,23.63,28.35,824.25,618.6,247.65,326.1,2.9,290.0,77090.0
20180426:2100,24.12,26.45,617.85,528.0,186.65,330.15,2.76,292.0,77020.0
20180426:2200,24.2,25.5,441.8,460.94,141.8,315.65,2.69,284.0,76940.0
20180426:2300,23.85,26.35,165.9,118.62,113.0,330.15,2.07,266.0,76900.0
20180427:0000,22.28,33.7,39.6,80.69,22.1,341.4,0.48,247.0,76960.0
20180427:0100,20.26,43.0,0.0,-0.0,0.0,329.5,0.21,142.0,77080.0
20180427:0200,19.11,49.45,0.0,-0.0,0.0,327.65,0.34,256.0,77170.0
20180427:0300,18.18,53.0,0.0,-0.0,0.0,310.6,0.21,73.0,77250.0
20180427:0400,17.38,58.8,0.0,-0.0,0.0,308.5,0.69,86.0,77270.0
20180427:0500,16.78,63.05,0.0,-0.0,0.0,312.35,0.83,128.0,77290.0
20180427:0600,13.79,77.6,0.0,-0.0,0.0,295.9,1.52,159.0,77280.0
20180427:0700,12.25,92.6,0.0,-0.0,0.0,293.55,1.79,187.0,77240.0
20180427:0800,11.85,95.9,0.0,-0.0,0.0,287.75,1.66,191.0,77190.0
20180427:0900,10.7,99.4,0.0,-0.0,0.0,294.15,1.45,184.0,77160.0
20180427:1000,10.23,100.0,0.0,-0.0,0.0,307.1,1.31,182.0,77150.0
20180427:1100,10.01,99.4,0.0,-0.0,0.0,309.25,1.38,184.0,77160.0
20180427:1200,9.91,100.0,0.0,-0.0,0.0,321.45,1.17,183.0,77210.0
20180427:1300,10.72,99.4,195.4,381.56,126.45,330.55,0.97,176.0,77270.0
20180427:1400,14.11,86.4,414.15,515.6,201.25,330.75,0.83,182.0,77280.0
20180427:1500,17.46,65.45,698.4,842.97,173.75,331.9,0.97,209.0,77270.0
20180427:1600,19.94,47.8,863.45,927.04,126.6,308.3,0.9,251.0,77260.0
20180427:1700,21.73,36.15,899.0,765.57,195.8,306.15,1.24,284.0,77230.0
20180427:1800,22.86,31.45,932.25,777.04,166.85,309.85,1.52,281.0,77190.0
20180427:1900,23.86,27.35,845.05,631.05,220.45,325.9,1.1,291.0,77080.0
20180427:2000,24.44,25.5,856.35,694.11,209.1,322.0,1.17,267.0,77020.0
20180427:2100,25.1,23.9,594.35,460.38,218.2,317.0,1.66,273.0,76900.0
20180427:2200,24.65,25.6,336.5,293.02,145.65,346.8,1.79,267.0,76870.0
20180427:2300,22.09,37.65,188.4,230.62,85.4,346.4,1.79,281.0,76910.0
20180428:0000,20.88,44.7,41.4,75.29,25.0,329.0,0.69,244.0,76990.0
20180428:0100,19.57,47.8,0.0,-0.0,0.0,332.4,0.97,169.0,77050.0
20180428:0200,18.08,56.95,0.0,-0.0,0.0,320.5,1.17,139.0,77110.0
20180428:0300,16.52,67.75,0.0,-0.0,0.0,315.25,1.17,126.0,77190.0
20180428:0400,15.16,72.45,0.0,-0.0,0.0,304.4,1.45,146.0,77250.0
20180428:0500,14.06,80.45,0.0,-0.0,0.0,299.4,1.59,171.0,77280.0
20180428:0600,13.4,86.3,0.0,-0.0,0.0,289.9,1.52,182.0,77280.0
20180428:0700,13.34,92.65,0.0,-0.0,0.0,299.4,1.31,188.0,77200.0
20180428:0800,12.67,89.4,0.0,-0.0,0.0,305.4,1.31,189.0,77200.0
20180428:0900,12.45,95.95,0.0,-0.0,0.0,335.0,1.31,201.0,77160.0
20180428:1000,12.47,99.4,0.0,-0.0,0.0,339.65,1.31,206.0,77170.0
20180428:1100,12.78,95.95,0.0,-0.0,0.0,346.0,1.31,202.0,77160.0
20180428:1200,12.86,95.95,0.0,-0.0,0.0,343.9,1.31,203.0,77190.0
20180428:1300,13.24,92.65,119.05,132.26,94.85,332.65,1.45,199.0,77210.0
20180428:1400,14.94,86.45,321.25,427.29,144.0,346.6,1.86,197.0,77250.0
20180428:1500,16.14,75.25,583.0,684.29,156.05,323.95,2.07,198.0,77260.0
20180428:1600,18.51,61.2,621.9,507.77,217.7,318.35,2.28,200.0,77250.0
20180428:1700,20.03,55.2,673.85,386.5,318.5,333.05,2.21,204.0,77240.0
20180428:1800,21.25,49.95,750.9,434.29,322.85,348.15,2.21,205.0,77210.0
20180428:1900,23.05,43.65,824.5,582.19,248.0,352.6,2.9,208.0,77110.0
20180428:2000,23.61,42.35,511.95,184.06,340.25,357.05,3.24,208.0,77040.0
20180428:2100,21.38,51.75,401.3,231.95,211.7,383.75,3.24,218.0,77010.0
20180428:2200,19.33,59.15,295.0,255.52,128.45,356.65,3.17,222.0,77040.0
20180428:2300,18.95,59.15,209.15,279.12,84.3,327.45,2.21,212.0,77040.0
20180429:0000,19.35,59.15,49.5,120.44,23.15,310.6,2.07,200.0,77040.0
20180429:0100,18.36,61.2,0.0,-0.0,0.0,302.95,1.66,177.0,77120.0
20180429:0200,15.81,77.85,0.0,-0.0,0.0,316.4,1.93,186.0,77260.0
20180429:0300,14.31,86.4,0.0,-0.0,0.0,311.4,1.93,189.0,77370.0
20180429:0400,13.64,89.45,0.0,-0.0,0.0,306.95,1.79,186.0,77410.0
20180429:0500,12.47,95.95,0.0,-0.0,0.0,290.5,1.52,193.0,77410.0
20180429:0600,11.63,95.9,0.0,-0.0,0.0,280.8,1.31,190.0,77400.0
20180429:0700,13.11,80.35,0.0,-0.0,0.0,278.5,1.31,193.0,77330.0
20180429:0800,13.09,80.35,0.0,-0.0,0.0,277.1,1.24,196.0,77300.0
20180429:0900,12.57,83.25,0.0,-0.0,0.0,277.9,1.24,197.0,77280.0
20180429:1000,12.2,86.2,0.0,-0.0,0.0,277.3,1.24,196.0,77270.0
20180429:1100,11.64,86.15,0.0,-0.0,0.0,276.95,1.24,196.0,77280.0
20180429:1200,11.08,89.3,0.0,-0.0,0.0,281.95,1.31,198.0,77320.0
20180429:1300,12.18,89.35,206.4,676.63,81.1,286.4,1.03,198.0,77370.0
20180429:1400,14.96,83.45,415.6,644.03,147.25,290.1,1.17,201.0,77410.0
20180429:1500,17.16,67.85,617.1,718.89,167.5,299.55,1.45,208.0,77420.0
20180429:1600,19.18,57.1,759.45,761.52,152.4,306.95,1.31,230.0,77420.0
20180429:1700,21.0,46.35,836.5,679.51,211.2,318.15,1.31,251.0,77390.0
20180429:1800,22.49,39.05,976.3,775.49,211.5,326.65,1.17,254.0,77340.0
20180429:1900,24.23,36.8,723.45,430.12,297.35,331.7,1.66,223.0,77260.0
20180429:2000,24.3,38.15,549.4,249.25,316.8,352.8,2.07,221.0,77180.0
20180429:2100,20.64,51.65,479.45,310.29,225.7,364.6,2.21,221.0,77190.0
20180429:2200,19.73,57.2,335.85,220.37,192.1,323.55,2.14,182.0,77190.0
20180429:2300,19.82,59.25,237.65,303.47,101.7,320.3,1.86,182.0,77190.0
20180430:0000,19.52,61.3,54.65,104.66,31.65,318.75,2.14,204.0,77200.0
20180430:0100,18.42,63.4,0.0,-0.0,0.0,307.8,1.79,198.0,77270.0
20180430:0200,17.4,70.3,0.0,-0.0,0.0,324.75,1.1,182.0,77320.0
20180430:0300,16.72,72.7,0.0,-0.0,0.0,312.75,0.97,167.0,77400.0
20180430:0400,15.13,77.8,0.0,-0.0,0.0,310.8,1.38,194.0,77470.0
20180430:0500,14.15,83.4,0.0,-0.0,0.0,304.6,1.66,220.0,77470.0
20180430:0600,13.19,86.3,0.0,-0.0,0.0,293.55,1.31,192.0,77470.0
20180430:0700,12.81,77.45,0.0,-0.0,0.0,281.0,1.66,191.0,77430.0
20180430:0800,12.55,77.45,0.0,-0.0,0.0,283.7,1.52,199.0,77410.0
20180430:0900,13.48,74.85,0.0,-0.0,0.0,285.85,1.17,188.0,77380.0
20180430:1000,13.6,77.6,0.0,-0.0,0.0,290.5,0.97,194.0,77370.0
20180430:1100,13.16,80.35,0.0,-0.0,0.0,290.3,0.97,202.0,77380.0
20180430:1200,12.83,83.25,0.0,-0.0,0.0,295.9,0.9,200.0,77410.0
20180430:1300,12.86,86.25,218.3,647.0,97.1,294.95,0.62,192.0,77460.0
20180430:1400,15.38,77.8,506.9,990.9,92.25,294.75,0.41,206.0,77470.0
20180430:1500,18.34,56.95,737.65,998.68,111.65,282.15,0.62,264.0,77470.0
20180430:1600,23.84,35.35,911.95,985.36,125.4,331.23,1.49,308.0,77460.0
20180430:1700,23.2,38.42,999.55,930.45,142.6,330.17,1.46,328.0,77430.0
20180430:1800,22.56,41.48,865.9,599.84,274.0,329.1,1.43,293.0,77360.0
20180430:1900,21.92,44.54,636.4,318.96,320.3,328.03,1.39,211.0,77300.0
20180430:2000,21.28,47.6,436.5,162.07,285.2,326.96,1.36,205.0,77250.0
20180430:2100,20.64,50.66,198.5,21.15,181.2,325.89,1.33,179.0,77330.0
20180430:2200,20.0,53.72,224.25,37.3,199.9,324.82,1.3,206.0,77300.0
20180430:2300,19.36,56.78,129.35,34.55,113.85,323.76,1.27,255.0,77290.0
20190501:0000,18.72,59.84,31.35,51.42,20.0,322.69,1.24,30.0,77170.0
20190501:0100,18.08,62.9,0.0,-0.0,0.0,321.62,1.21,272.0,77290.0
20190501:0200,17.44,65.96,0.0,-0.0,0.0,320.55,1.18,276.0,77350.0
20190501:0300,16.8,69.02,0.0,-0.0,0.0,319.48,1.15,289.0,77390.0
20190501:0400,16.16,72.08,0.0,-0.0,0.0,318.41,1.11,295.0,77440.0
20190501:0500,15.52,75.14,0.0,-0.0,0.0,317.35,1.08,313.0,77430.0
20190501:0600,14.88,78.2,0.0,-0.0,0.0,316.28,1.05,326.0,77400.0
20190501:0700,14.24,81.26,0.0,-0.0,0.0,315.21,1.02,243.0,77290.0
20190501:0800,13.53,80.4,0.0,-0.0,0.0,277.7,0.28,213.0,77260.0
20190501:0900,13.18,80.35,0.0,-0.0,0.0,273.65,0.28,204.0,77220.0
20190501:1000,12.8,83.25,0.0,-0.0,0.0,271.9,0.34,199.0,77200.0
20190501:1100,12.43,83.25,0.0,-0.0,0.0,269.75,0.55,184.0,77210.0
20190501:1200,12.09,83.15,0.0,-0.0,0.0,269.0,0.69,182.0,77240.0
20190501:1300,12.54,86.25,265.9,1053.55,66.35,269.0,0.62,184.0,77300.0
20190501:1400,16.48,77.95,515.75,1015.53,89.05,273.85,0.83,189.0,77320.0
20190501:1500,20.12,49.7,742.45,1017.3,103.4,283.7,1.17,209.0,77320.0
20190501:1600,22.45,37.75,900.2,976.73,119.55,295.1,1.03,223.0,77300.0
20190501:1700,24.28,33.0,1019.6,963.08,131.9,305.75,0.69,237.0,77260.0
20190501:1800,25.73,27.85,1058.2,927.41,142.6,316.05,0.41,262.0,77190.0
20190501:1900,26.84,26.95,1005.65,874.94,138.25,323.2,0.55,316.0,77130.0
20190501:2000,27.67,24.4,763.0,562.31,237.9,328.4,0.62,316.0,77030.0
20190501:2100,27.67,23.5,348.75,162.55,215.7,343.9,0.21,314.0,76940.0
20190501:2200,23.56,36.7,327.45,251.81,162.95,370.6,0.76,114.0,76990.0
20190501:2300,21.1,49.95,109.0,97.25,65.3,334.2,1.45,131.0,77120.0
20190502:0000,19.7,57.2,30.1,42.17,20.75,339.45,1.31,119.0,77150.0
20190502:0100,17.98,63.3,0.0,-0.0,0.0,329.9,1.03,218.0,77220.0
20190502:0200,17.12,70.2,0.0,-0.0,0.0,314.3,1.17,237.0,77270.0
20190502:0300,16.82,72.65,0.0,-0.0,0.0,315.45,0.62,315.0,77330.0
20190502:0400,15.05,77.8,0.0,-0.0,0.0,310.6,1.59,341.0,77360.0
20190502:0500,14.39,77.75,0.0,-0.0,0.0,307.5,2.07,346.0,77400.0
20190502:0600,13.66,80.4,0.0,-0.0,0.0,306.75,1.86,344.0,77390.0
20190502:0700,15.4,69.9,0.0,-0.0,0.0,297.05,0.55,64.0,77330.0
20190502:0800,15.1,69.9,0.0,-0.0,0.0,307.3,0.41,97.0,77260.0
20190502:0900,14.39,72.4,0.0,-0.0,0.0,281.4,0.14,143.0,77240.0
20190502:1000,13.7,77.6,0.0,-0.0,0.0,277.5,0.21,146.0,77210.0
20190502:1100,13.29,80.35,0.0,-0.0,0.0,278.1,0.48,147.0,77230.0
20190502:1200,12.94,80.35,0.0,-0.0,0.0,282.35,0.62,164.0,77240.0
20190502:1300,12.99,86.3,262.2,1000.42,70.7,274.05,0.55,176.0,77280.0
20190502:1400,16.73,80.75,513.4,1000.52,91.35,277.5,0.69,195.0,77310.0
20190502:1500,19.96,53.35,740.4,1009.01,105.25,286.4,0.76,229.0,77300.0
20190502:1600,22.8,39.15,912.85,996.98,115.05,298.05,0.97,283.0,77270.0
20190502:1700,24.85,27.6,958.25,813.91,207.5,308.1,1.79,341.0,77240.0
20190502:1800,25.85,23.15,942.55,694.12,256.95,327.25,2.41,350.0,77220.0
20190502:1900,26.8,19.25,929.25,701.11,233.95,342.15,2.9,344.0,77160.0
20190502:2000,27.31,17.95,595.85,393.21,228.55,341.75,3.03,337.0,77060.0
20190502:2100,26.19,19.9,646.9,587.06,166.2,340.0,2.69,337.0,77020.0
20190502:2200,26.1,19.9,435.65,499.2,109.3,326.65,2.0,346.0,76960.0
20190502:2300,25.44,19.9,171.6,194.96,83.85,324.35,1.86,357.0,76950.0
20190503:0000,22.06,31.3,44.7,74.3,28.15,341.2,2.14,32.0,77070.0
20190503:0100,20.2,39.95,0.0,-0.0,0.0,322.5,1.66,87.0,77170.0
20190503:0200,19.19,44.3,0.0,-0.0,0.0,335.95,1.31,134.0,77220.0
20190503:0300,17.58,56.75,0.0,-0.0,0.0,304.4,0.83,183.0,77250.0
20190503:0400,17.07,56.6,0.0,-0.0,0.0,294.95,0.83,188.0,77260.0
20190503:0500,16.68,58.6,0.0,-0.0,0.0,292.6,0.9,176.0,77250.0
20190503:0600,14.01,69.75,0.0,-0.0,0.0,278.85,1.38,181.0,77220.0
20190503:0700,12.58,89.4,0.0,-0.0,0.0,281.95,1.52,191.0,77190.0
20190503:0800,12.34,89.4,0.0,-0.0,0.0,280.05,1.45,198.0,77170.0
20190503:0900,12.04,92.6,0.0,-0.0,0.0,279.25,1.38,198.0,77140.0
20190503:1000,11.66,95.9,0.0,-0.0,0.0,283.1,1.31,189.0,77130.0
20190503:1100,10.92,99.35,0.0,-0.0,0.0,297.85,1.17,180.0,77130.0
20190503:1200,10.65,99.4,0.0,-0.0,0.0,301.5,0.97,174.0,77140.0
20190503:1300,12.11,92.6,219.15,547.66,113.25,301.3,0.69,175.0,77160.0
20190503:1400,16.48,75.25,455.7,690.1,163.5,304.4,0.97,192.0,77180.0
20190503:1500,19.59,53.25,738.05,1000.14,107.25,311.0,1.24,216.0,77180.0
20190503:1600,22.06,40.5,748.75,636.17,239.1,299.6,1.24,241.0,77180.0
20190503:1700,23.42,31.7,848.9,699.81,202.95,320.5,1.38,261.0,77170.0
20190503:1800,24.53,27.6,924.65,775.04,158.8,334.6,1.72,258.0,77130.0
20190503:1900,25.81,20.65,837.15,681.34,161.25,324.15,2.28,261.0,77070.0
20190503:2000,25.98,19.9,761.55,536.13,260.6,332.1,2.48,262.0,76990.0
20190503:2100,26.32,19.15,451.25,354.63,160.75,342.55,2.97,260.0,76900.0
20190503:2200,25.44,19.9,399.45,326.04,186.15,349.5,2.69,253.0,76880.0
20190503:2300,25.23,20.55,214.2,306.35,76.1,348.15,2.48,256.0,76850.0
20190504:0000,24.32,23.65,58.4,130.05,29.3,340.0,2.0,239.0,76860.0
20190504:0100,22.8,28.1,0.0,-0.0,0.0,308.95,1.79,207.0,76910.0
20190504:0200,20.58,35.9,0.0,-0.0,0.0,312.55,2.0,195.0,76990.0
20190504:0300,18.39,45.85,0.0,-0.0,0.0,305.4,2.0,195.0,77040.0
20190504:0400,16.45,54.45,0.0,-0.0,0.0,290.3,1.86,184.0,77080.0
20190504:0500,15.43,58.35,0.0,-0.0,0.0,284.3,1.66,183.0,77110.0
20190504:0600,14.55,58.25,0.0,-0.0,0.0,281.0,1.66,194.0,77100.0
20190504:0700,15.67,60.5,0.0,-0.0,0.0,290.1,1.45,204.0,77050.0
20190504:0800,15.05,60.5,0.0,-0.0,0.0,287.55,1.31,208.0,77010.0
20190504:0900,14.86,58.35,0.0,-0.0,0.0,287.0,1.17,210.0,77010.0
20190504:1000,14.88,56.25,0.0,-0.0,0.0,285.85,1.1,206.0,76970.0
20190504:1100,14.51,58.25,0.0,-0.0,0.0,276.55,1.1,204.0,76990.0
20190504:1200,14.27,58.1,0.0,-0.0,0.0,281.6,1.17,201.0,77010.0
20190504:1300,14.77,58.25,264.4,998.46,69.45,275.2,0.97,198.0,77050.0
20190504:1400,17.7,52.75,516.7,998.02,92.6,278.5,1.1,193.0,77060.0
20190504:1500,21.06,34.7,741.9,1004.06,107.45,284.1,0.9,223.0,77070.0
20190504:1600,23.06,27.2,766.95,734.75,177.7,294.55,1.1,277.0,77060.0
20190504:1700,24.1,24.55,942.25,823.45,181.7,324.75,1.52,276.0,77050.0
20190504:1800,25.12,23.0,929.6,681.42,256.0,314.5,1.86,261.0,77000.0
20190504:1900,26.25,19.15,831.15,569.95,265.6,327.85,2.07,258.0,76950.0
20190504:2000,26.37,19.9,672.1,425.25,274.65,331.9,2.28,250.0,76870.0
20190504:2100,26.13,20.65,498.45,291.16,259.85,332.85,2.69,247.0,76850.0
20190504:2200,25.67,21.45,346.3,271.19,168.75,341.4,2.9,237.0,76800.0
20190504:2300,25.25,22.15,169.85,151.16,101.6,351.65,2.62,239.0,76820.0
20190505:0000,24.08,25.5,38.6,46.26,28.2,337.9,2.34,225.0,76810.0
20190505:0100,22.34,30.15,0.0,-0.0,0.0,338.8,1.72,224.0,76880.0
20190505:0200,20.58,43.1,0.0,-0.0,0.0,325.9,0.83,230.0,76960.0
20190505:0300,20.78,37.25,0.0,-0.0,0.0,326.1,0.41,135.0,77030.0
20190505:0400,19.48,42.85,0.0,-0.0,0.0,325.3,1.03,117.0,77080.0
20190505:0500,18.29,49.15,0.0,-0.0,0.0,318.75,1.24,123.0,77120.0
20190505:0600,17.17,52.65,0.0,-0.0,0.0,304.4,1.38,131.0,77100.0
20190505:0700,14.11,69.75,0.0,-0.0,0.0,287.0,1.93,156.0,77080.0
20190505:0800,12.83,74.75,0.0,-0.0,0.0,285.05,2.14,157.0,77050.0
20190505:0900,12.37,74.7,0.0,-0.0,0.0,294.55,2.14,161.0,77020.0
20190505:1000,11.91,77.35,0.0,-0.0,0.0,277.5,1.86,170.0,77020.0
20190505:1100,11.78,77.3,0.0,-0.0,0.0,276.95,1.72,173.0,77000.0
20190505:1200,11.57,77.3,0.0,-0.0,0.0,277.1,1.59,176.0,77020.0
20190505:1300,12.99,74.75,264.05,966.68,73.55,278.1,1.31,186.0,77040.0
20190505:1400,17.3,60.85,509.9,961.3,100.0,278.85,1.45,196.0,77050.0
20190505:1500,20.42,40.1,731.0,967.23,118.75,287.6,1.59,206.0,77060.0
20190505:1600,22.55,33.85,864.8,902.62,140.2,299.4,1.79,211.0,77070.0
20190505:1700,23.82,31.7,858.0,697.07,213.8,307.3,2.28,214.0,77060.0
20190505:1800,24.71,27.6,667.0,356.01,314.95,331.3,2.83,218.0,77010.0
20190505:1900,25.23,22.15,758.2,483.11,278.7,355.5,2.62,211.0,76980.0
20190505:2000,25.84,22.3,662.7,493.92,200.95,323.4,2.55,186.0,76880.0
20190505:2100,25.65,22.3,694.65,648.45,163.05,323.2,2.69,200.0,76820.0
20190505:2200,25.74,23.15,453.55,484.06,136.4,332.1,3.17,212.0,76760.0
20190505:2300,24.3,25.5,210.25,309.57,70.25,335.75,3.31,216.0,76800.0
20190506:0000,22.79,29.2,50.45,125.97,22.0,332.3,2.69,203.0,76880.0
20190506:0100,21.46,31.15,0.0,-0.0,0.0,318.85,2.14,200.0,76930.0
20190506:0200,20.09,34.45,0.0,-0.0,0.0,301.3,2.0,192.0,77000.0
20190506:0300,17.92,40.9,0.0,-0.0,0.0,286.6,2.0,162.0,77060.0
20190506:0400,15.79,54.25,0.0,-0.0,0.0,288.35,2.07,154.0,77150.0
20190506:0500,14.1,67.25,0.0,-0.0,0.0,281.75,2.0,162.0,77210.0
20190506:0600,13.26,77.5,0.0,-0.0,0.0,285.45,1.79,170.0,77230.0
20190506:0700,13.47,72.2,0.0,-0.0,0.0,278.65,1.59,196.0,77140.0
20190506:0800,12.92,74.75,0.0,-0.0,0.0,276.55,1.52,199.0,77100.0
20190506:0900,12.54,77.45,0.0,-0.0,0.0,273.25,1.45,198.0,77100.0
20190506:1000,12.01,80.2,0.0,-0.0,0.0,270.75,1.45,196.0,77090.0
20190506:1100,11.66,80.15,0.0,-0.0,0.0,267.45,1.45,196.0,77080.0
20190506:1200,11.3,80.15,0.0,-0.0,0.0,264.95,1.52,193.0,77120.0
20190506:1300,12.45,77.45,273.2,1026.84,69.05,265.1,1.31,187.0,77160.0
20190506:1400,16.82,62.95,500.6,873.78,126.8,269.75,1.86,187.0,77210.0
20190506:1500,19.74,46.1,711.35,873.75,157.35,284.3,2.34,188.0,77220.0
20190506:1600,21.65,36.15,852.35,784.18,222.25,298.8,2.55,193.0,77210.0
20190506:1700,23.15,31.55,964.15,792.89,231.0,311.95,3.24,199.0,77190.0
20190506:1800,24.1,28.5,921.25,563.39,363.95,315.05,3.45,207.0,77190.0
20190506:1900,25.39,21.35,795.45,440.79,357.85,333.45,4.0,214.0,77150.0
20190506:2000,25.29,22.15,754.85,443.6,340.05,327.05,4.14,219.0,77070.0
20190506:2100,25.23,23.0,636.9,517.73,212.3,335.55,4.21,225.0,77060.0
20190506:2200,24.71,23.75,380.3,292.29,188.65,329.75,4.14,228.0,76980.0
20190506:2300,24.03,25.5,215.85,220.54,115.95,328.4,3.72,222.0,77010.0
20190507:0000,23.03,27.2,59.55,97.18,37.5,323.4,3.52,207.0,77030.0
20190507:0100,21.54,31.15,0.0,-0.0,0.0,302.8,2.48,191.0,77090.0
20190507:0200,20.01,34.45,0.0,-0.0,0.0,298.4,2.48,194.0,77160.0
20190507:0300,18.04,40.9,0.0,-0.0,0.0,287.0,1.93,207.0,77240.0
20190507:0400,16.07,48.65,0.0,-0.0,0.0,280.6,1.66,212.0,77270.0
20190507:0500,15.31,50.35,0.0,-0.0,0.0,275.75,1.45,208.0,77320.0
20190507:0600,15.3,48.55,0.0,-0.0,0.0,274.2,1.24,195.0,77300.0
20190507:0700,15.12,50.35,0.0,-0.0,0.0,272.1,1.45,196.0,77240.0
20190507:0800,14.34,50.25,0.0,-0.0,0.0,269.0,1.38,195.0,77190.0
20190507:0900,13.79,53.85,0.0,-0.0,0.0,265.5,1.38,196.0,77190.0
20190507:1000,13.69,51.9,0.0,-0.0,0.0,263.6,1.31,195.0,77190.0
20190507:1100,13.34,51.9,0.0,-0.0,0.0,262.8,1.31,194.0,77190.0
20190507:1200,12.47,55.65,0.0,-0.0,0.0,259.7,1.38,193.0,77230.0
20190507:1300,13.45,51.9,280.3,1065.85,66.6,259.9,1.17,190.0,77270.0
20190507:1400,17.12,48.9,530.6,1031.86,87.8,265.5,1.31,189.0,77290.0
20190507:1500,21.02,28.8,755.5,1029.78,101.55,275.2,1.93,196.0,77310.0
20190507:1600,22.99,23.4,931.15,1019.51,111.25,285.45,2.21,198.0,77300.0
20190507:1700,24.63,21.2,1044.45,1004.86,114.85,293.95,2.83,203.0,77290.0
20190507:1800,25.86,19.9,994.0,838.57,164.25,300.75,3.66,213.0,77250.0
20190507:1900,26.78,19.25,987.3,801.35,191.6,314.65,4.07,217.0,77180.0
20190507:2000,27.14,17.95,804.75,615.37,229.2,316.6,4.14,220.0,77100.0
20190507:2100,26.78,18.55,707.95,646.2,177.8,319.9,4.07,218.0,77080.0
20190507:2200,26.54,18.55,509.55,584.99,125.7,318.55,3.72,216.0,77030.0
20190507:2300,25.91,18.4,287.3,472.42,72.95,307.1,3.38,214.0,77030.0
20190508:0000,24.75,20.4,71.55,195.65,26.95,303.25,3.24,206.0,77050.0
20190508:0100,22.75,24.15,0.0,-0.0,0.0,291.75,2.14,198.0,77110.0
20190508:0200,20.72,28.65,0.0,-0.0,0.0,282.75,2.14,200.0,77170.0
20190508:0300,18.53,34.05,0.0,-0.0,0.0,277.7,2.28,203.0,77220.0
20190508:0400,16.09,41.9,0.0,-0.0,0.0,272.85,2.0,207.0,77270.0
20190508:0500,14.69,44.9,0.0,-0.0,0.0,268.8,1.86,208.0,77280.0
20190508:0600,13.67,46.35,0.0,-0.0,0.0,265.7,1.86,203.0,77270.0
20190508:0700,13.67,46.35,0.0,-0.0,0.0,262.8,1.72,202.0,77180.0
20190508:0800,13.45,44.65,0.0,-0.0,0.0,259.9,1.59,200.0,77130.0
20190508:0900,13.52,42.95,0.0,-0.0,0.0,257.0,1.52,200.0,77120.0
20190508:1000,12.83,44.5,0.0,-0.0,0.0,255.25,1.52,202.0,77110.0
20190508:1100,12.03,45.95,0.0,-0.0,0.0,253.3,1.59,201.0,77110.0
20190508:1200,11.69,49.45,0.0,-0.0,0.0,251.6,1.59,200.0,77150.0
20190508:1300,12.45,47.85,289.2,1101.37,66.6,251.0,1.45,196.0,77190.0
20190508:1400,17.14,37.65,543.75,1060.78,87.2,255.85,1.79,191.0,77190.0
20190508:1500,21.21,21.15,772.55,1057.2,100.2,264.75,2.69,195.0,77160.0
20190508:1600,23.3,19.3,951.1,1046.28,109.0,273.65,3.24,198.0,77140.0
20190508:1700,25.03,17.6,1064.2,1026.25,114.4,282.15,4.28,202.0,77110.0
20190508:1800,26.18,17.05,1102.0,997.04,115.2,288.55,4.76,205.0,77080.0
20190508:1900,27.28,16.0,1058.7,946.0,119.2,296.85,4.76,211.0,76980.0
20190508:2000,27.64,14.9,958.05,908.3,108.35,300.35,4.62,213.0,76930.0
20190508:2100,27.72,14.35,731.0,748.31,116.85,299.0,4.48,214.0,76860.0
20190508:2200,27.34,14.25,557.8,714.83,88.4,302.85,4.28,214.0,76830.0
20190508:2300,26.57,14.1,306.85,522.91,69.2,293.6,3.93,214.0,76840.0
20190509:0000,25.18,14.5,75.35,208.48,27.6,287.55,3.52,212.0,76850.0
20190509:0100,23.08,17.15,0.0,-0.0,0.0,279.0,2.07,205.0,76910.0
20190509:0200,20.83,21.9,0.0,-0.0,0.0,270.55,1.86,198.0,76970.0
20190509:0300,18.12,29.1,0.0,-0.0,0.0,263.95,1.66,192.0,77010.0
20190509:0400,16.89,29.95,0.0,-0.0,0.0,259.1,1.52,190.0,77050.0
20190509:0500,15.95,32.1,0.0,-0.0,0.0,256.05,1.45,198.0,77090.0
20190509:0600,15.26,33.2,0.0,-0.0,0.0,253.3,1.38,201.0,77070.0
20190509:0700,15.23,29.55,0.0,-0.0,0.0,252.75,1.45,199.0,77040.0
20190509:0800,14.09,30.45,0.0,-0.0,0.0,251.4,1.66,200.0,77010.0
20190509:0900,13.14,31.4,0.0,-0.0,0.0,249.45,1.79,198.0,76990.0
20190509:1000,12.41,31.25,0.0,-0.0,0.0,247.7,1.86,193.0,76970.0
20190509:1100,11.71,32.25,0.0,-0.0,0.0,245.95,1.93,190.0,76970.0
20190509:1200,11.07,34.75,0.0,-0.0,0.0,245.0,2.0,190.0,76990.0
20190509:1300,11.69,39.25,292.95,1109.7,66.95,245.2,1.86,189.0,77010.0
20190509:1400,17.22,28.8,547.4,1065.93,87.35,250.8,2.07,187.0,76990.0
20190509:1500,21.58,16.8,774.65,1058.96,100.25,259.9,2.9,190.0,76980.0
20190509:1600,23.52,15.35,951.0,1044.83,109.45,269.6,3.38,195.0,76980.0
20190509:1700,25.06,14.5,1020.65,922.91,166.15,278.5,4.48,199.0,76970.0
20190509:1800,25.94,14.6,1098.55,983.54,124.9,288.75,4.69,203.0,76960.0
20190509:1900,27.04,13.15,1065.35,959.49,112.3,291.25,4.41,213.0,76940.0
20190509:2000,27.42,14.25,954.1,901.82,110.3,294.95,4.48,214.0,76910.0
20190509:2100,27.36,14.8,771.95,792.18,121.55,296.3,4.41,212.0,76840.0
20190509:2200,26.94,14.8,553.4,699.22,93.9,297.45,4.28,207.0,76790.0
20190509:2300,26.2,15.15,305.75,519.94,69.05,293.75,4.14,203.0,76770.0
20190510:0000,24.9,16.2,75.25,206.85,27.65,288.75,3.86,198.0,76790.0
20190510:0100,22.66,18.45,0.0,-0.0,0.0,281.1,2.48,195.0,76840.0
20190510:0200,20.56,21.9,0.0,-0.0,0.0,273.25,2.28,195.0,76930.0
20190510:0300,18.33,26.9,0.0,-0.0,0.0,266.5,2.14,198.0,76970.0
20190510:0400,15.87,32.1,0.0,-0.0,0.0,260.3,1.93,200.0,77020.0
20190510:0500,14.68,34.35,0.0,-0.0,0.0,254.65,1.72,200.0,77050.0
20190510:0600,14.04,35.6,0.0,-0.0,0.0,250.8,1.59,198.0,77050.0
20190510:0700,14.09,34.25,0.0,-0.0,0.0,250.2,1.38,203.0,77030.0
20190510:0800,13.48,35.45,0.0,-0.0,0.0,245.2,1.38,205.0,77000.0
20190510:0900,13.22,36.7,0.0,-0.0,0.0,243.85,1.38,202.0,77000.0
20190510:1000,13.16,35.3,0.0,-0.0,0.0,241.15,1.31,201.0,76960.0
20190510:1100,12.79,36.55,0.0,-0.0,0.0,239.95,1.17,198.0,76980.0
20190510:1200,12.46,35.15,0.0,-0.0,0.0,238.6,1.1,197.0,77040.0
20190510:1300,13.02,36.7,296.9,1118.51,67.45,238.6,0.9,196.0,77050.0
20190510:1400,16.1,46.9,553.75,1076.65,87.85,244.05,0.9,201.0,77040.0
20190510:1500,20.73,20.25,782.85,1069.37,100.95,253.3,0.9,224.0,77030.0
20190510:1600,23.0,15.25,960.25,1055.17,109.8,263.4,0.62,245.0,77020.0
20190510:1700,24.73,12.75,1071.45,1032.72,114.95,273.65,0.55,226.0,77010.0
20190510:1800,26.12,11.95,1107.75,1000.88,116.75,282.55,0.97,210.0,76980.0
20190510:1900,27.53,11.3,1068.25,959.31,115.25,290.85,2.34,210.0,76930.0
20190510:2000,28.07,11.4,956.25,904.05,110.2,295.1,2.9,210.0,76870.0
20190510:2100,28.1,11.85,780.6,824.59,103.35,298.05,3.31,207.0,76800.0
20190510:2200,27.68,12.25,538.2,684.24,88.2,298.8,3.79,205.0,76780.0
20190510:2300,26.48,13.05,307.75,518.41,71.35,296.5,4.07,202.0,76790.0
20190511:0000,24.97,14.5,74.3,200.89,27.85,291.45,4.34,200.0,76800.0
20190511:0100,22.66,16.4,0.0,-0.0,0.0,284.2,2.97,202.0,76860.0
20190511:0200,20.66,19.45,0.0,-0.0,0.0,276.75,2.21,206.0,76960.0
20190511:0300,18.58,26.0,0.0,-0.0,0.0,271.1,1.66,208.0,77030.0
20190511:0400,17.81,27.85,0.0,-0.0,0.0,270.15,1.38,214.0,77100.0
20190511:0500,17.68,26.8,0.0,-0.0,0.0,269.6,1.24,221.0,77130.0
20190511:0600,17.02,28.8,0.0,-0.0,0.0,268.8,1.24,222.0,77130.0
20190511:0700,16.89,29.95,0.0,-0.0,0.0,274.6,1.03,229.0,77090.0
20190511:0800,16.61,31.0,0.0,-0.0,0.0,270.15,0.83,230.0,77040.0
20190511:0900,16.41,31.0,0.0,-0.0,0.0,267.85,0.69,249.0,77030.0
20190511:1000,16.05,33.35,0.0,-0.0,0.0,270.55,0.62,282.0,77030.0
20190511:1100,15.52,34.5,0.0,-0.0,0.0,264.55,0.41,326.0,77040.0
20190511:1200,15.03,34.5,0.0,-0.0,0.0,265.1,0.28,353.0,77080.0
20190511:1300,14.94,37.25,286.7,1062.2,67.3,265.3,0.21,16.0,77110.0
20190511:1400,18.01,47.4,535.5,1032.02,87.8,271.5,0.41,291.0,77100.0
20190511:1500,21.34,29.9,759.55,1031.13,101.25,279.05,1.03,308.0,77100.0
20190511:1600,23.43,24.4,934.9,1021.67,110.95,287.55,0.9,326.0,77080.0
20190511:1700,25.11,22.15,1046.5,1005.36,115.05,296.3,0.34,299.0,77050.0
20190511:1800,26.61,20.0,1053.05,899.33,162.45,304.4,0.83,243.0,77000.0
20190511:1900,28.01,14.45,873.2,572.6,304.3,313.5,2.14,279.0,76920.0
20190511:2000,28.44,13.9,822.4,562.5,295.9,335.2,2.28,268.0,76860.0
20190511:2100,28.63,13.45,598.8,414.12,258.55,341.4,2.48,251.0,76780.0
20190511:2200,27.87,16.1,416.0,332.59,197.1,345.45,2.83,224.0,76760.0
20190511:2300,26.81,19.25,245.45,314.04,102.0,336.15,3.17,212.0,76810.0
20190512:0000,25.24,20.55,63.15,137.09,31.3,322.4,2.9,201.0,76820.0
20190512:0100,23.59,22.65,0.0,-0.0,0.0,316.5,2.28,204.0,76880.0
20190512:0200,21.79,27.85,0.0,-0.0,0.0,297.45,1.38,204.0,76960.0
20190512:0300,20.37,33.15,0.0,-0.0,0.0,286.8,0.97,200.0,77030.0
20190512:0400,19.88,33.15,0.0,-0.0,0.0,283.7,1.03,203.0,77080.0
20190512:0500,18.27,37.95,0.0,-0.0,0.0,282.55,1.31,224.0,77140.0
20190512:0600,16.27,43.5,0.0,-0.0,0.0,279.45,1.59,234.0,77120.0
20190512:0700,16.25,43.5,0.0,-0.0,0.0,278.85,1.45,218.0,77100.0
20190512:0800,15.17,45.05,0.0,-0.0,0.0,274.4,1.45,201.0,77070.0
20190512:0900,14.14,48.25,0.0,-0.0,0.0,270.95,1.52,196.0,77050.0
20190512:1000,13.67,50.0,0.0,-0.0,0.0,268.8,1.52,201.0,77070.0
20190512:1100,13.53,50.0,0.0,-0.0,0.0,267.05,1.45,205.0,77090.0
20190512:1200,13.88,48.25,0.0,-0.0,0.0,265.9,1.31,205.0,77120.0
20190512:1300,14.77,46.6,283.0,1028.63,69.15,267.85,0.9,196.0,77170.0
20190512:1400,18.06,42.45,530.75,1013.41,90.1,271.5,0.97,203.0,77160.0
20190512:1500,21.36,29.9,750.8,1000.03,111.65,281.75,0.9,240.0,77160.0
20190512:1600,23.38,24.3,923.75,997.01,119.25,290.65,0.9,271.0,77130.0
20190512:1700,25.08,21.35,1038.0,992.63,118.1,300.55,1.1,250.0,77090.0
20190512:1800,26.62,20.0,973.75,772.7,208.45,305.55,1.66,234.0,77050.0
20190512:1900,27.68,18.75,827.3,549.14,281.65,315.25,2.76,216.0,76990.0
20190512:2000,27.64,18.75,698.6,470.0,258.6,343.9,3.1,211.0,76930.0
20190512:2100,27.43,20.1,532.65,344.2,249.75,355.1,3.66,206.0,76890.0
20190512:2200,26.84,21.55,394.95,454.32,95.7,340.2,4.0,205.0,76860.0
20190512:2300,25.94,22.3,267.6,375.78,95.65,332.85,3.86,204.0,76860.0
20190513:0000,24.99,23.0,72.7,173.92,32.1,321.85,3.03,201.0,76880.0
20190513:0100,23.15,26.2,0.0,-0.0,0.0,310.9,2.34,200.0,76960.0
20190513:0200,21.39,30.0,0.0,-0.0,0.0,302.85,2.28,205.0,77040.0
20190513:0300,19.51,34.3,0.0,-0.0,0.0,293.55,1.79,208.0,77100.0
20190513:0400,18.01,39.4,0.0,-0.0,0.0,287.0,1.38,207.0,77170.0
20190513:0500,17.66,40.75,0.0,-0.0,0.0,281.4,1.24,207.0,77210.0
20190513:0600,16.9,42.15,0.0,-0.0,0.0,286.8,1.24,211.0,77200.0
20190513:0700,16.15,43.5,0.0,-0.0,0.0,279.45,1.38,210.0,77140.0
20190513:0800,15.18,45.05,0.0,-0.0,0.0,275.95,1.52,210.0,77090.0
20190513:0900,14.45,46.6,0.0,-0.0,0.0,271.3,1.66,206.0,77090.0
20190513:1000,14.09,48.25,0.0,-0.0,0.0,269.0,1.66,202.0,77070.0
20190513:1100,13.82,48.25,0.0,-0.0,0.0,268.05,1.59,199.0,77100.0
20190513:1200,13.59,50.0,0.0,-0.0,0.0,266.1,1.59,198.0,77160.0
20190513:1300,14.37,50.25,284.55,1032.37,68.6,266.85,1.31,195.0,77220.0
20190513:1400,18.3,42.45,531.0,1010.28,90.75,272.3,1.52,194.0,77220.0
20190513:1500,21.46,31.15,752.3,1011.98,104.85,282.15,1.66,202.0,77210.0
20190513:1600,23.58,25.35,928.15,1009.46,113.2,292.2,1.93,202.0,77190.0
20190513:1700,25.46,20.65,1041.3,994.5,119.45,300.75,2.97,202.0,77160.0
20190513:1800,26.8,20.0,1071.2,938.44,141.65,306.55,3.79,205.0,77120.0
20190513:1900,28.05,18.2,1016.55,863.73,158.25,314.65,4.41,205.0,77020.0
20190513:2000,28.32,18.2,874.2,763.69,159.15,317.0,4.76,208.0,76970.0
20190513:2100,28.02,18.2,629.4,573.21,158.1,331.1,4.83,208.0,76940.0
20190513:2200,27.23,20.1,481.2,544.83,122.05,334.6,4.69,205.0,76900.0
20190513:2300,26.67,20.75,281.35,463.48,68.9,326.65,4.48,203.0,76900.0
20190514:0000,25.5,22.3,74.45,185.24,31.0,316.4,4.14,199.0,76950.0
20190514:0100,23.71,26.35,0.0,0.0,0.0,310.7,2.62,194.0,77000.0
20190514:0200,21.66,30.0,0.0,-0.0,0.0,294.95,2.34,199.0,77090.0
20190514:0300,19.74,35.6,0.0,-0.0,0.0,290.3,1.86,206.0,77160.0
20190514:0400,17.76,42.3,0.0,-0.0,0.0,284.65,1.52,208.0,77230.0
20190514:0500,17.44,42.3,0.0,-0.0,0.0,281.2,1.24,208.0,77270.0
20190514:0600,17.24,43.8,0.0,-0.0,0.0,277.7,1.17,215.0,77250.0
20190514:0700,16.96,42.15,0.0,-0.0,0.0,276.35,1.31,216.0,77200.0
20190514:0800,15.66,46.75,0.0,-0.0,0.0,274.05,1.45,209.0,77160.0
20190514:0900,14.96,46.75,0.0,-0.0,0.0,271.3,1.52,205.0,77150.0
20190514:1000,14.59,48.4,0.0,-0.0,0.0,269.95,1.52,202.0,77150.0
20190514:1100,14.5,46.6,0.0,-0.0,0.0,268.4,1.45,198.0,77160.0
20190514:1200,14.08,48.25,0.0,-0.0,0.0,264.55,1.45,195.0,77190.0
20190514:1300,14.8,50.25,295.45,1089.17,66.3,264.35,1.24,194.0,77230.0
20190514:1400,18.62,41.05,546.65,1060.78,83.45,269.2,1.45,195.0,77240.0
20190514:1500,22.04,29.05,762.0,1040.25,95.85,279.05,1.59,205.0,77240.0
20190514:1600,24.17,24.55,929.85,1014.03,110.85,291.25,1.79,209.0,77230.0
20190514:1700,26.04,22.3,1042.1,999.44,115.5,301.5,2.69,210.0,77200.0
20190514:1800,27.44,20.1,1085.8,978.14,116.85,308.3,3.24,209.0,77150.0
20190514:1900,28.79,15.7,1036.9,899.44,143.05,309.65,3.17,210.0,77090.0
20190514:2000,29.32,15.2,931.6,869.67,117.2,313.9,3.45,212.0,76990.0
20190514:2100,29.52,15.3,721.35,735.74,116.2,315.45,3.79,212.0,76940.0
20190514:2200,28.76,17.6,502.95,609.95,100.55,316.8,4.28,212.0,76890.0
20190514:2300,27.85,18.75,295.05,469.74,79.35,319.3,4.34,210.0,76890.0
20190515:0000,26.56,20.0,77.45,203.65,29.45,309.85,4.34,207.0,76900.0
20190515:0100,24.43,22.05,0.0,0.0,0.0,306.05,2.9,208.0,76990.0
20190515:0200,22.4,25.1,0.0,-0.0,0.0,297.05,1.93,209.0,77090.0
20190515:0300,20.46,32.1,0.0,-0.0,0.0,290.1,1.1,215.0,77160.0
20190515:0400,20.7,32.1,0.0,-0.0,0.0,287.55,0.9,247.0,77230.0
20190515:0500,18.22,37.95,0.0,-0.0,0.0,285.25,1.31,270.0,77250.0
20190515:0600,16.21,45.15,0.0,-0.0,0.0,280.6,1.59,279.0,77250.0
20190515:0700,18.33,37.95,0.0,-0.0,0.0,280.4,1.03,272.0,77200.0
20190515:0800,17.31,42.15,0.0,-0.0,0.0,278.1,1.03,271.0,77160.0
20190515:0900,16.74,43.65,0.0,-0.0,0.0,274.8,0.76,258.0,77150.0
20190515:1000,16.31,46.9,0.0,-0.0,0.0,273.05,0.55,228.0,77130.0
20190515:1100,15.97,46.9,0.0,-0.0,0.0,270.95,0.48,217.0,77130.0
20190515:1200,15.53,48.55,0.0,-0.0,0.0,269.2,0.34,227.0,77170.0
20190515:1300,15.38,50.35,288.7,1046.39,67.35,270.35,0.0,300.0,77250.0
20190515:1400,17.97,44.05,530.0,992.6,95.75,275.6,0.07,177.0,77270.0
20190515:1500,20.61,35.9,756.45,1021.81,101.55,289.3,0.55,208.0,77280.0
20190515:1600,23.11,28.25,903.75,959.81,128.25,294.15,1.17,206.0,77250.0
20190515:1700,25.01,23.0,1025.6,966.77,129.15,302.85,1.72,206.0,77220.0
20190515:1800,26.6,20.75,1042.95,921.46,130.1,312.35,2.48,209.0,77170.0
20190515:1900,27.64,21.0,963.2,743.94,223.85,322.4,1.93,225.0,77110.0
20190515:2000,28.06,20.35,663.3,433.65,257.15,335.75,2.62,222.0,77050.0
20190515:2100,26.61,23.25,445.6,291.5,205.75,344.85,2.9,207.0,77020.0
20190515:2200,26.41,23.15,385.7,434.38,98.9,347.95,3.24,195.0,76940.0
20190515:2300,26.05,23.15,256.0,381.96,80.3,331.1,3.03,201.0,76950.0
20190516:0000,24.89,25.6,67.9,165.09,28.8,322.6,1.52,202.0,77000.0
20190516:0100,23.24,29.3,0.0,0.0,0.0,325.6,0.76,3.0,77120.0
20190516:0200,21.45,37.5,0.0,-0.0,0.0,324.95,1.17,35.0,77190.0
20190516:0300,20.71,43.1,0.0,-0.0,0.0,316.8,0.34,19.0,77270.0
20190516:0400,20.01,46.2,0.0,-0.0,0.0,309.05,0.62,301.0,77310.0
20190516:0500,19.34,49.45,0.0,-0.0,0.0,302.3,0.34,242.0,77330.0
20190516:0600,18.63,51.15,0.0,-0.0,0.0,296.65,0.83,181.0,77320.0
20190516:0700,15.05,67.45,0.0,-0.0,0.0,295.7,1.86,175.0,77290.0
20190516:0800,14.64,67.35,0.0,-0.0,0.0,288.75,1.66,179.0,77240.0
20190516:0900,14.96,65.05,0.0,-0.0,0.0,287.75,1.31,187.0,77230.0
20190516:1000,15.6,65.05,0.0,-0.0,0.0,283.5,1.17,194.0,77230.0
20190516:1100,15.82,65.05,0.0,-0.0,0.0,308.5,0.9,195.0,77250.0
20190516:1200,15.76,65.05,0.0,-0.0,0.0,316.05,0.55,221.0,77270.0
20190516:1300,15.75,69.9,206.7,567.69,86.0,314.85,0.41,242.0,77320.0
20190516:1400,17.26,70.2,447.8,684.99,147.6,308.5,0.55,204.0,77350.0
20190516:1500,19.82,55.2,691.4,827.94,160.35,309.45,0.76,217.0,77350.0
20190516:1600,22.25,40.5,846.35,876.54,137.9,312.35,0.9,254.0,77340.0
20190516:1700,24.22,33.0,887.65,778.12,166.05,324.15,1.1,263.0,77310.0
20190516:1800,25.4,30.95,683.05,340.42,345.8,325.5,1.31,235.0,77250.0
20190516:1900,26.5,26.95,625.2,363.73,263.7,370.2,1.31,287.0,77170.0
20190516:2000,26.21,26.85,578.15,448.37,158.15,368.1,0.28,156.0,77100.0
20190516:2100,26.04,28.9,560.6,420.84,214.2,336.55,1.59,110.0,77050.0
20190516:2200,22.88,43.65,416.6,399.14,152.85,347.2,1.24,98.0,77080.0
20190516:2300,18.96,68.1,172.7,196.17,82.3,325.5,1.31,13.0,77240.0
20190517:0000,18.2,75.45,35.9,88.24,14.9,331.9,1.03,67.0,77250.0
20190517:0100,17.27,83.65,0.0,0.0,0.0,325.45,1.17,99.0,77270.0
20190517:0200,16.48,80.75,0.0,-0.0,0.0,308.3,1.03,110.0,77300.0
20190517:0300,16.14,80.65,0.0,-0.0,0.0,300.15,0.41,49.0,77340.0
20190517:0400,15.74,83.5,0.0,-0.0,0.0,319.5,0.83,344.0,77380.0
20190517:0500,16.04,77.85,0.0,-0.0,0.0,310.4,0.83,324.0,77390.0
20190517:0600,16.15,75.15,0.0,-0.0,0.0,307.9,0.48,276.0,77370.0
20190517:0700,13.33,89.45,0.0,-0.0,0.0,304.05,1.86,198.0,77390.0
20190517:0800,13.1,95.95,0.0,-0.0,0.0,314.3,1.59,189.0,77310.0
20190517:0900,12.86,95.95,0.0,-0.0,0.0,310.05,1.03,190.0,77250.0
20190517:1000,12.08,99.4,0.0,-0.0,0.0,300.95,0.9,195.0,77230.0
20190517:1100,12.06,99.4,0.0,-0.0,0.0,307.3,0.69,191.0,77190.0
20190517:1200,11.93,95.95,0.0,-0.0,0.0,297.25,0.48,173.0,77200.0
20190517:1300,12.69,95.95,241.0,624.68,107.55,293.0,0.41,144.0,77220.0
20190517:1400,16.19,83.55,487.05,776.61,146.15,297.85,0.48,179.0,77240.0
20190517:1500,19.35,55.05,677.0,864.85,121.9,308.3,0.83,223.0,77240.0
20190517:1600,21.82,40.35,913.3,984.47,117.4,303.85,0.76,255.0,77230.0
20190517:1700,23.82,32.9,935.4,791.91,200.95,307.3,0.97,289.0,77190.0
20190517:1800,25.04,27.7,591.75,278.59,315.75,328.6,1.24,284.0,77140.0
20190517:1900,24.53,31.95,396.65,147.55,250.0,368.1,1.1,289.0,77090.0
20190517:2000,22.55,39.15,448.1,182.26,277.35,374.3,2.07,274.0,77060.0
20190517:2100,20.33,47.9,443.5,330.64,171.25,347.55,1.45,248.0,77090.0
20190517:2200,21.17,48.2,359.05,291.15,166.5,342.55,2.55,250.0,77060.0
20190517:2300,20.58,48.05,217.35,290.48,83.25,337.5,3.17,283.0,77040.0
20190518:0000,20.01,49.7,52.35,113.32,25.25,317.4,1.79,267.0,77040.0
20190518:0100,19.58,49.55,0.0,0.0,0.0,316.7,0.9,271.0,77090.0
20190518:0200,18.85,54.95,0.0,-0.0,0.0,305.55,0.62,158.0,77150.0
20190518:0300,16.68,67.65,0.0,-0.0,0.0,296.1,1.24,182.0,77180.0
20190518:0400,15.62,72.45,0.0,-0.0,0.0,290.65,1.45,194.0,77230.0
20190518:0500,14.67,77.75,0.0,-0.0,0.0,290.5,1.52,192.0,77230.0
20190518:0600,13.86,80.45,0.0,-0.0,0.0,290.85,1.59,199.0,77220.0
20190518:0700,13.06,86.3,0.0,-0.0,0.0,282.75,1.66,198.0,77170.0
20190518:0800,12.69,89.4,0.0,-0.0,0.0,280.05,1.52,194.0,77150.0
20190518:0900,12.52,86.25,0.0,-0.0,0.0,276.35,1.38,196.0,77090.0
20190518:1000,12.17,86.2,0.0,-0.0,0.0,273.25,1.38,200.0,77090.0
20190518:1100,12.1,86.2,0.0,-0.0,0.0,271.9,1.31,204.0,77080.0
20190518:1200,12.87,80.35,0.0,-0.0,0.0,271.3,1.1,206.0,77120.0
20190518:1300,13.78,80.4,288.0,1028.52,67.3,269.6,0.83,209.0,77160.0
20190518:1400,16.73,67.65,534.75,1022.39,85.3,274.2,0.97,217.0,77170.0
20190518:1500,19.48,51.4,750.55,1010.07,101.85,282.95,0.9,262.0,77170.0
20190518:1600,21.58,38.9,707.8,573.5,244.05,293.4,1.52,316.0,77150.0
20190518:1700,22.66,33.85,958.15,846.53,173.0,314.65,1.38,319.0,77130.0
20190518:1800,24.22,28.5,994.6,835.03,167.35,319.9,1.1,306.0,77070.0
20190518:1900,25.62,23.15,897.5,686.83,214.85,318.75,1.45,268.0,77020.0
20190518:2000,25.88,24.0,856.95,738.45,165.05,333.25,1.72,251.0,76950.0
20190518:2100,25.53,26.85,561.9,387.81,242.45,324.55,1.72,244.0,76900.0
20190518:2200,24.53,29.7,334.2,273.46,153.2,351.05,1.31,227.0,76860.0
20190518:2300,23.47,32.9,148.7,237.62,38.8,360.75,1.17,203.0,76840.0
20190519:0000,21.17,46.5,63.25,120.27,34.35,337.9,1.72,224.0,76900.0
20190519:0100,19.69,57.2,0.0,0.0,0.0,312.25,2.41,208.0,76980.0
20190519:0200,18.08,67.95,0.0,-0.0,0.0,306.15,2.07,206.0,77030.0
20190519:0300,16.55,77.95,0.0,-0.0,0.0,291.45,1.66,201.0,77060.0
20190519:0400,14.99,86.5,0.0,-0.0,0.0,291.05,1.38,189.0,77120.0
20190519:0500,14.95,83.5,0.0,-0.0,0.0,288.95,1.24,182.0,77160.0
20190519:0600,14.13,86.4,0.0,-0.0,0.0,285.45,1.38,185.0,77150.0
20190519:0700,14.04,83.4,0.0,-0.0,0.0,285.85,1.52,199.0,77100.0
20190519:0800,13.41,83.35,0.0,-0.0,0.0,282.55,1.45,195.0,77070.0
20190519:0900,13.1,86.3,0.0,-0.0,0.0,281.6,1.38,194.0,77060.0
20190519:1000,13.25,83.25,0.0,-0.0,0.0,276.15,1.17,195.0,77050.0
20190519:1100,13.29,83.25,0.0,-0.0,0.0,278.85,0.9,193.0,77050.0
20190519:1200,12.84,83.25,0.0,-0.0,0.0,275.0,0.62,188.0,77110.0
20190519:1300,13.67,83.35,287.25,1005.97,70.5,278.3,0.34,180.0,77130.0
20190519:1400,17.38,65.45,532.7,1001.93,91.65,275.6,0.41,233.0,77140.0
20190519:1500,20.37,44.7,753.8,1009.86,104.9,285.05,1.31,328.0,77140.0
20190519:1600,22.78,32.6,917.5,983.89,121.75,293.4,2.0,347.0,77140.0
20190519:1700,24.62,25.6,931.35,813.74,176.6,307.1,2.41,2.0,77130.0
20190519:1800,25.73,24.0,1035.75,900.01,144.15,317.2,2.14,18.0,77100.0
20190519:1900,26.93,20.75,921.7,738.54,187.65,313.1,2.28,12.0,77050.0
20190519:2000,27.43,19.35,727.5,572.73,190.8,314.65,2.07,15.0,76980.0
20190519:2100,27.33,18.65,561.45,464.43,178.75,324.75,1.52,9.0,76920.0
20190519:2200,26.32,20.65,440.65,503.06,107.4,334.0,2.0,64.0,76890.0
20190519:2300,24.1,27.45,176.15,170.82,97.0,322.8,4.14,82.0,76960.0
20190520:0000,22.63,33.85,61.55,124.24,31.55,334.0,2.9,101.0,76970.0
20190520:0100,21.64,38.9,0.0,0.0,0.0,324.45,1.52,146.0,77020.0
20190520:0200,19.8,55.2,0.0,-0.0,0.0,295.3,1.17,175.0,77090.0
20190520:0300,18.21,58.9,0.0,-0.0,0.0,289.9,1.31,196.0,77150.0
20190520:0400,18.77,59.05,0.0,-0.0,0.0,286.05,1.03,195.0,77210.0
20190520:0500,18.1,63.3,0.0,-0.0,0.0,287.95,1.03,192.0,77250.0
20190520:0600,17.12,70.2,0.0,-0.0,0.0,282.15,0.97,182.0,77240.0
20190520:0700,14.63,77.75,0.0,-0.0,0.0,290.85,1.45,164.0,77200.0
20190520:0800,13.84,80.45,0.0,-0.0,0.0,284.3,1.38,169.0,77150.0
20190520:0900,13.25,83.25,0.0,-0.0,0.0,283.7,1.38,172.0,77130.0
20190520:1000,12.74,86.25,0.0,-0.0,0.0,279.25,1.45,174.0,77130.0
20190520:1100,12.61,83.25,0.0,-0.0,0.0,277.5,1.31,171.0,77120.0
20190520:1200,12.86,83.25,0.0,-0.0,0.0,274.4,1.17,168.0,77160.0
20190520:1300,14.3,80.45,288.65,1025.05,66.95,277.5,0.76,166.0,77190.0
20190520:1400,17.87,65.55,529.7,1002.2,88.0,279.25,0.9,188.0,77200.0
20190520:1500,20.55,48.05,729.9,965.38,109.3,289.9,0.69,222.0,77230.0
20190520:1600,22.22,40.5,765.1,733.3,171.95,301.1,1.03,312.0,77220.0
20190520:1700,23.7,32.9,986.1,894.67,156.3,319.9,1.45,331.0,77200.0
20190520:1800,25.36,27.7,952.4,794.32,165.55,318.35,1.52,357.0,77150.0
20190520:1900,26.72,24.15,994.4,869.59,130.1,339.05,1.59,9.0,77060.0
20190520:2000,27.52,21.8,814.05,622.38,230.75,326.5,1.24,27.0,76970.0
20190520:2100,27.75,21.0,476.3,332.27,202.4,336.15,0.83,55.0,76890.0
20190520:2200,26.67,22.4,357.95,314.18,149.65,353.4,1.03,158.0,76840.0
20190520:2300,24.01,31.85,116.95,73.35,82.9,336.15,1.1,138.0,76950.0
20190521:0000,21.8,43.4,51.2,72.33,33.65,347.95,1.31,133.0,76990.0
20190521:0100,21.1,48.2,0.0,0.0,0.0,326.0,1.1,191.0,77010.0
20190521:0200,19.41,61.4,0.0,-0.0,0.0,310.05,1.03,216.0,77040.0
20190521:0300,18.65,63.4,0.0,-0.0,0.0,299.2,0.83,199.0,77110.0
20190521:0400,18.05,67.95,0.0,-0.0,0.0,298.05,0.69,175.0,77150.0
20190521:0500,17.35,72.8,0.0,-0.0,0.0,296.65,0.55,170.0,77160.0
20190521:0600,16.71,77.95,0.0,-0.0,0.0,285.65,0.69,195.0,77140.0
20190521:0700,15.46,58.35,0.0,-0.0,0.0,293.2,1.38,196.0,77070.0
20190521:0800,14.32,60.4,0.0,-0.0,0.0,279.25,1.45,195.0,77030.0
20190521:0900,14.0,64.85,0.0,-0.0,0.0,275.4,1.38,195.0,77020.0
20190521:1000,13.9,64.85,0.0,-0.0,0.0,272.65,1.24,192.0,77000.0
20190521:1100,13.9,64.85,0.0,-0.0,0.0,270.95,1.17,195.0,77000.0
20190521:1200,13.35,67.15,0.0,-0.0,0.0,268.2,1.03,194.0,77020.0
20190521:1300,14.14,69.75,291.25,1024.01,69.0,267.05,0.83,189.0,77020.0
20190521:1400,17.49,63.2,538.15,1019.25,88.45,271.5,1.1,200.0,77030.0
20190521:1500,20.69,41.55,758.15,1018.51,103.15,279.85,0.97,234.0,77030.0
20190521:1600,22.97,31.55,929.85,1010.46,112.45,290.1,1.1,281.0,77010.0
20190521:1700,24.92,25.75,1020.35,973.42,117.55,299.95,1.17,304.0,76990.0
20190521:1800,26.44,22.4,1057.9,934.55,132.2,308.1,1.1,320.0,76960.0
20190521:1900,27.68,22.65,962.5,792.98,174.35,320.3,0.9,338.0,76870.0
20190521:2000,28.31,21.15,838.0,729.41,154.3,328.2,0.62,348.0,76790.0
20190521:2100,28.8,19.7,476.6,314.49,217.25,342.55,0.62,27.0,76700.0
20190521:2200,26.94,21.7,282.6,208.04,144.55,348.35,0.34,199.0,76720.0
20190521:2300,25.01,28.75,149.6,96.87,104.55,350.3,1.72,224.0,76760.0
20190522:0000,23.85,36.7,62.1,114.43,34.2,341.55,1.52,189.0,76790.0
20190522:0100,22.0,41.95,0.05,0.0,0.05,327.35,1.52,193.0,76840.0
20190522:0200,20.07,53.35,0.0,-0.0,0.0,301.5,1.72,198.0,76910.0
20190522:0300,18.38,63.4,0.0,-0.0,0.0,315.45,1.52,197.0,76990.0
20190522:0400,16.65,75.25,0.0,-0.0,0.0,297.45,1.31,201.0,77070.0
20190522:0500,16.38,72.65,0.0,-0.0,0.0,296.1,1.1,203.0,77100.0
20190522:0600,16.53,75.25,0.0,-0.0,0.0,296.85,0.9,193.0,77100.0
20190522:0700,14.06,89.5,0.0,-0.0,0.0,289.9,1.17,199.0,77060.0
20190522:0800,13.61,92.65,0.0,-0.0,0.0,283.9,1.17,192.0,77030.0
20190522:0900,13.42,89.45,0.0,-0.0,0.0,281.0,1.1,202.0,77010.0
20190522:1000,13.35,89.45,0.0,-0.0,0.0,277.7,0.97,209.0,77000.0
20190522:1100,13.03,92.65,0.0,-0.0,0.0,275.4,0.69,206.0,76990.0
20190522:1200,12.64,92.6,0.0,-0.0,0.0,272.85,0.55,196.0,77000.0
20190522:1300,13.61,92.65,294.45,1046.94,66.5,271.3,0.41,169.0,77010.0
20190522:1400,17.42,72.8,537.05,1028.58,82.8,276.75,0.62,202.0,77020.0
20190522:1500,20.36,57.3,752.4,1013.08,100.7,285.65,0.41,261.0,77040.0
20190522:1600,22.56,42.1,921.8,998.93,113.7,298.4,0.55,351.0,77050.0
20190522:1700,24.6,31.95,961.3,861.57,162.3,307.3,0.62,27.0,77040.0
20190522:1800,25.89,26.85,973.3,848.1,133.3,322.2,0.28,44.0,77020.0
20190522:1900,26.74,25.05,969.55,816.09,158.45,334.6,0.55,92.0,76970.0
20190522:2000,27.49,23.5,776.15,604.84,209.15,329.2,1.03,117.0,76900.0
20190522:2100,27.64,22.65,647.0,586.8,162.9,348.35,1.38,117.0,76840.0
20190522:2200,26.66,24.15,255.1,214.11,112.9,339.45,1.52,145.0,76810.0
20190522:2300,23.74,36.7,179.55,173.85,98.55,351.65,1.31,234.0,76910.0
20190523:0000,22.64,43.65,71.25,141.44,36.6,343.1,1.17,245.0,76900.0
20190523:0100,21.78,50.05,0.05,0.0,0.05,316.7,1.03,211.0,76930.0
20190523:0200,20.02,63.7,0.0,-0.0,0.0,309.05,0.62,191.0,77010.0
20190523:0300,19.08,65.75,0.0,-0.0,0.0,304.8,0.69,127.0,77070.0
20190523:0400,18.59,68.05,0.0,-0.0,0.0,297.85,0.48,136.0,77130.0
20190523:0500,18.16,70.35,0.0,-0.0,0.0,293.55,0.14,138.0,77170.0
20190523:0600,17.29,72.7,0.0,-0.0,0.0,290.3,0.34,164.0,77180.0
20190523:0700,17.67,65.45,0.0,-0.0,0.0,302.5,0.62,179.0,77130.0
20190523:0800,17.49,65.45,0.0,-0.0,0.0,300.75,0.62,176.0,77110.0
20190523:0900,17.12,67.75,0.0,-0.0,0.0,297.45,0.83,171.0,77090.0
20190523:1000,16.74,70.1,0.0,-0.0,0.0,303.45,0.83,176.0,77090.0
20190523:1100,16.25,75.15,0.0,-0.0,0.0,299.2,0.69,186.0,77090.0
20190523:1200,15.63,77.8,0.0,-0.0,0.0,288.55,0.41,184.0,77120.0
20190523:1300,15.63,80.6,285.15,978.43,71.5,286.05,0.28,163.0,77160.0
20190523:1400,17.95,70.35,513.2,929.88,102.2,288.35,0.55,202.0,77170.0
20190523:1500,20.14,59.35,612.75,695.33,165.35,297.65,0.69,220.0,77180.0
20190523:1600,21.93,48.45,707.55,637.92,191.5,314.85,0.48,262.0,77160.0
20190523:1700,23.16,42.25,941.8,824.88,176.9,336.55,0.28,317.0,77150.0
20190523:1800,24.76,34.4,978.65,797.04,189.3,324.55,0.55,17.0,77120.0
20190523:1900,26.95,25.2,871.35,667.65,207.8,339.45,1.17,25.0,77010.0
20190523:2000,27.23,23.4,771.6,606.2,203.25,332.3,1.03,58.0,76980.0
20190523:2100,27.01,22.5,553.5,456.25,176.95,333.65,0.9,88.0,76940.0
20190523:2200,26.28,24.0,365.8,377.07,115.15,342.75,1.38,108.0,76900.0
20190523:2300,25.57,24.0,154.9,201.58,60.8,344.3,1.31,115.0,76870.0
20190524:0000,24.16,30.7,61.1,122.28,31.0,353.4,1.1,166.0,76930.0
20190524:0100,22.26,41.95,0.05,0.0,0.05,332.95,0.76,149.0,76950.0
20190524:0200,20.58,51.65,0.0,-0.0,0.0,331.3,0.55,99.0,77060.0
20190524:0300,20.09,55.3,0.0,-0.0,0.0,342.15,0.0,320.0,77130.0
20190524:0400,19.32,61.3,0.0,-0.0,0.0,329.55,0.28,287.0,77170.0
20190524:0500,18.37,65.65,0.0,-0.0,0.0,322.6,0.48,9.0,77220.0
20190524:0600,17.06,72.7,0.0,-0.0,0.0,309.25,0.83,30.0,77230.0
20190524:0700,16.8,75.25,0.0,-0.0,0.0,295.9,0.34,87.0,77180.0
20190524:0800,16.09,77.85,0.0,-0.0,0.0,304.2,0.34,348.0,77150.0
20190524:0900,14.91,80.6,0.0,-0.0,0.0,288.55,0.55,345.0,77140.0
20190524:1000,13.92,86.4,0.0,-0.0,0.0,312.15,0.34,338.0,77120.0
20190524:1100,13.98,92.7,0.0,-0.0,0.0,330.15,0.34,328.0,77120.0
20190524:1200,14.19,92.7,0.0,-0.0,0.0,329.0,0.48,315.0,77140.0
20190524:1300,14.94,86.5,167.1,282.97,105.15,328.8,0.48,328.0,77190.0
20190524:1400,16.62,83.6,415.9,647.52,129.5,331.3,0.41,301.0,77230.0
20190524:1500,18.1,70.35,572.0,635.94,162.75,331.3,0.69,294.0,77230.0
20190524:1600,20.02,57.3,684.75,593.94,204.3,322.4,0.69,332.0,77220.0
20190524:1700,21.8,48.3,713.15,458.17,288.35,345.05,1.1,350.0,77210.0
20190524:1800,23.1,40.75,902.85,775.37,135.05,340.8,1.38,6.0,77180.0
20190524:1900,24.85,33.15,822.9,663.85,163.15,337.9,1.79,6.0,77110.0
20190524:2000,25.29,29.85,614.6,481.08,163.5,337.3,1.86,19.0,77040.0
20190524:2100,25.26,27.7,536.6,442.38,171.35,333.05,2.07,29.0,76970.0
20190524:2200,25.09,27.7,284.0,221.54,136.6,343.9,2.07,42.0,76930.0
20190524:2300,23.82,32.9,192.3,203.77,97.0,345.45,2.28,69.0,76960.0
20190525:0000,22.67,36.4,57.65,108.35,30.85,345.85,2.21,69.0,76980.0
20190525:0100,21.17,44.85,0.05,0.0,0.05,330.85,1.45,76.0,77040.0
20190525:0200,19.52,55.2,0.0,-0.0,0.0,316.4,0.69,104.0,77140.0
20190525:0300,18.86,59.15,0.0,-0.0,0.0,325.5,0.41,224.0,77190.0
20190525:0400,18.25,65.55,0.0,-0.0,0.0,325.9,0.41,294.0,77250.0
20190525:0500,17.51,67.85,0.0,-0.0,0.0,313.7,0.48,346.0,77280.0
20190525:0600,16.7,75.25,0.0,-0.0,0.0,309.65,0.34,313.0,77270.0
20190525:0700,15.9,80.65,0.0,-0.0,0.0,314.5,0.21,118.0,77240.0
20190525:0800,15.41,83.5,0.0,-0.0,0.0,326.5,0.34,243.0,77190.0
20190525:0900,15.31,86.5,0.0,-0.0,0.0,342.55,0.28,237.0,77150.0
20190525:1000,15.33,89.55,0.0,-0.0,0.0,341.55,0.28,269.0,77140.0
20190525:1100,14.85,89.55,0.0,-0.0,0.0,295.3,0.34,349.0,77130.0
20190525:1200,14.53,92.7,0.0,-0.0,0.0,302.65,0.48,11.0,77190.0
20190525:1300,14.64,92.7,223.8,593.12,93.65,307.5,0.34,31.0,77240.0
20190525:1400,16.14,86.5,442.1,743.4,113.1,313.1,0.14,289.0,77280.0
20190525:1500,18.3,70.35,568.85,542.81,219.5,306.95,0.21,256.0,77290.0
20190525:1600,19.98,57.3,624.0,510.42,211.15,338.65,0.41,344.0,77280.0
20190525:1700,21.5,46.6,699.9,468.81,265.3,344.1,1.24,2.0,77290.0
20190525:1800,22.93,39.3,922.2,779.2,150.7,339.65,1.66,1.0,77230.0
20190525:1900,25.01,29.85,906.45,712.63,198.25,328.2,2.07,10.0,77150.0
20190525:2000,25.94,26.85,705.5,506.24,230.75,326.85,1.86,11.0,77070.0
20190525:2100,26.3,24.9,540.95,428.34,187.15,329.95,1.52,7.0,77020.0
20190525:2200,26.15,24.0,446.25,452.3,145.05,343.7,1.17,12.0,76970.0
20190525:2300,26.06,23.15,250.95,378.81,73.45,340.6,0.9,43.0,76960.0
20190526:0000,24.83,27.6,66.3,149.08,29.25,340.6,0.97,83.0,76990.0
20190526:0100,22.95,35.25,0.1,0.0,0.1,337.6,0.9,54.0,77060.0
20190526:0200,21.33,43.25,0.0,-0.0,0.0,331.9,1.31,12.0,77130.0
20190526:0300,19.48,53.25,0.0,-0.0,0.0,329.2,1.03,2.0,77190.0
20190526:0400,18.26,58.9,0.0,-0.0,0.0,309.65,1.03,355.0,77270.0
20190526:0500,17.61,60.95,0.0,-0.0,0.0,301.9,0.97,337.0,77320.0
20190526:0600,17.32,65.35,0.0,-0.0,0.0,306.15,0.76,324.0,77320.0
20190526:0700,16.91,65.35,0.0,-0.0,0.0,319.5,0.14,264.0,77280.0
20190526:0800,16.45,67.65,0.0,-0.0,0.0,322.05,0.41,247.0,77250.0
20190526:0900,16.08,72.55,0.0,-0.0,0.0,325.3,0.55,270.0,77220.0
20190526:1000,15.63,75.1,0.0,-0.0,0.0,312.75,0.62,282.0,77210.0
20190526:1100,15.05,75.1,0.0,-0.0,0.0,296.5,0.62,292.0,77230.0
20190526:1200,14.63,77.75,0.0,-0.0,0.0,296.65,0.62,298.0,77280.0
20190526:1300,14.95,75.1,238.0,652.63,94.5,304.2,0.69,312.0,77330.0
20190526:1400,16.48,70.1,509.7,899.0,111.65,297.05,0.69,309.0,77360.0
20190526:1500,19.11,57.1,558.5,589.63,179.0,310.4,0.97,345.0,77340.0
20190526:1600,20.79,49.8,643.2,530.89,213.85,320.65,1.59,2.0,77330.0
20190526:1700,22.13,41.95,852.8,726.42,179.5,320.65,1.72,6.0,77300.0
20190526:1800,24.15,34.25,955.35,705.32,257.1,323.95,2.0,16.0,77250.0
20190526:1900,25.45,28.9,902.1,716.88,189.7,339.45,2.34,14.0,77220.0
20190526:2000,26.08,26.85,796.15,568.75,262.7,319.5,2.14,16.0,77140.0
20190526:2100,26.62,24.15,613.2,494.3,204.75,341.55,1.86,13.0,77070.0
20190526:2200,26.47,23.25,397.4,324.81,180.9,351.65,1.66,3.0,77000.0
20190526:2300,26.27,23.15,201.1,233.25,91.6,347.55,1.45,6.0,76980.0
20190527:0000,25.2,25.75,79.85,192.23,31.85,330.35,0.34,47.0,76970.0
20190527:0100,23.11,35.25,0.2,0.0,0.2,314.8,0.28,184.0,77050.0
20190527:0200,21.01,44.85,0.0,-0.0,0.0,296.65,0.14,306.0,77130.0
20190527:0300,19.58,51.4,0.0,-0.0,0.0,297.25,0.34,290.0,77220.0
20190527:0400,18.48,56.95,0.0,-0.0,0.0,304.05,0.62,308.0,77270.0
20190527:0500,17.24,65.35,0.0,-0.0,0.0,301.5,0.97,327.0,77310.0
20190527:0600,16.44,70.1,0.0,-0.0,0.0,298.05,0.83,329.0,77320.0
20190527:0700,16.16,70.0,0.0,-0.0,0.0,300.95,0.55,359.0,77250.0
20190527:0800,15.51,72.45,0.0,-0.0,0.0,290.65,0.21,214.0,77200.0
20190527:0900,14.88,75.1,0.0,-0.0,0.0,285.85,0.55,192.0,77160.0
20190527:1000,14.38,77.75,0.0,-0.0,0.0,282.55,0.55,223.0,77170.0
20190527:1100,14.22,83.4,0.0,-0.0,0.0,308.65,0.55,260.0,77170.0
20190527:1200,14.26,83.4,0.0,-0.0,0.0,330.95,0.41,313.0,77210.0
20190527:1300,14.75,83.45,212.7,537.98,94.2,332.1,0.55,2.0,77230.0
20190527:1400,16.4,75.25,442.75,675.51,143.55,329.75,0.55,355.0,77230.0
20190527:1500,18.58,61.2,612.2,637.04,202.2,316.8,0.62,354.0,77250.0
20190527:1600,20.54,49.8,712.25,562.02,257.8,339.65,0.83,349.0,77240.0
20190527:1700,22.3,40.5,904.3,698.02,257.45,343.3,1.38,350.0,77200.0
20190527:1800,24.17,31.85,996.65,824.28,180.75,344.85,1.52,359.0,77150.0
20190527:1900,25.64,26.85,944.75,766.07,183.5,331.3,1.1,8.0,77060.0
20190527:2000,26.76,23.25,796.15,655.67,181.1,334.05,1.1,20.0,76960.0
20190527:2100,27.09,21.7,620.6,554.09,162.55,330.75,0.97,20.0,76850.0
20190527:2200,27.01,21.7,337.35,316.87,125.95,332.3,0.69,53.0,76810.0
20190527:2300,26.17,23.15,246.45,275.54,116.85,342.95,0.55,105.0,76760.0
20190528:0000,24.49,28.65,74.9,171.2,31.95,331.9,0.83,163.0,76820.0
20190528:0100,22.07,40.5,0.15,0.0,0.15,334.7,1.1,167.0,76900.0
20190528:0200,20.24,53.35,0.0,-0.0,0.0,336.75,1.24,173.0,77010.0
20190528:0300,18.9,63.5,0.0,-0.0,0.0,322.2,1.24,179.0,77070.0
20190528:0400,17.44,75.4,0.0,-0.0,0.0,313.3,1.03,213.0,77130.0
20190528:0500,17.02,80.8,0.0,-0.0,0.0,326.1,0.83,235.0,77160.0
20190528:0600,15.4,86.5,0.0,-0.0,0.0,319.9,1.24,244.0,77150.0
20190528:0700,16.16,86.5,0.0,-0.0,0.0,328.8,0.76,205.0,77050.0
20190528:0800,15.47,92.75,0.0,-0.0,0.0,356.3,0.83,212.0,77020.0
20190528:0900,15.61,92.75,0.0,-0.0,0.0,363.45,0.97,220.0,76990.0
20190528:1000,15.21,92.75,0.0,-0.0,0.0,345.45,0.69,216.0,76970.0
20190528:1100,15.31,92.75,0.0,-0.0,0.0,341.4,0.48,214.0,76980.0
20190528:1200,15.18,92.75,0.0,-0.0,0.0,340.6,0.41,218.0,77010.0
20190528:1300,15.33,92.75,162.0,308.94,93.85,359.2,0.62,233.0,77050.0
20190528:1400,16.26,86.5,389.0,533.37,152.7,332.85,0.62,284.0,77060.0
20190528:1500,18.46,65.65,652.65,732.36,181.35,332.3,1.17,323.0,77070.0
20190528:1600,20.73,49.8,804.9,772.54,180.35,307.9,1.38,324.0,77040.0
20190528:1700,22.64,39.15,993.85,892.83,166.65,324.35,1.45,326.0,77000.0
20190528:1800,24.87,29.7,906.6,635.71,277.45,316.6,1.86,337.0,76920.0
20190528:1900,25.84,27.85,730.5,522.66,211.15,336.95,1.66,353.0,76860.0
20190528:2000,26.12,24.0,591.8,389.58,226.3,353.4,1.59,2.0,76780.0
20190528:2100,26.4,22.3,456.1,184.4,303.6,355.3,1.31,333.0,76700.0
20190528:2200,26.78,20.75,340.6,276.44,156.0,366.95,1.72,335.0,76640.0
20190528:2300,26.59,20.0,214.95,215.39,113.45,338.85,0.9,352.0,76580.0
20190529:0000,24.92,24.8,50.15,32.53,41.95,334.0,0.69,152.0,76620.0
20190529:0100,21.84,41.85,0.2,0.0,0.2,340.15,0.9,156.0,76750.0
20190529:0200,19.95,55.3,0.0,-0.0,0.0,344.1,1.1,161.0,76840.0
20190529:0300,18.41,65.65,0.0,-0.0,0.0,324.15,1.24,161.0,76920.0
20190529:0400,17.54,75.4,0.0,-0.0,0.0,347.4,1.38,169.0,76990.0
20190529:0500,16.86,80.8,0.0,-0.0,0.0,344.1,1.79,181.0,77020.0
20190529:0600,16.59,83.6,0.0,-0.0,0.0,347.95,1.93,188.0,76990.0
20190529:0700,15.52,89.55,0.0,-0.0,0.0,347.55,1.93,194.0,76960.0
20190529:0800,15.2,89.55,0.0,-0.0,0.0,357.25,1.79,195.0,76920.0
20190529:0900,14.98,89.55,0.0,-0.0,0.0,357.05,1.59,197.0,76900.0
20190529:1000,14.81,92.7,0.0,-0.0,0.0,351.05,1.24,196.0,76880.0
20190529:1100,14.79,92.7,0.0,-0.0,0.0,351.05,0.9,183.0,76880.0
20190529:1200,14.54,92.7,0.0,-0.0,0.0,340.8,0.69,165.0,76890.0
20190529:1300,14.72,89.5,217.5,444.84,119.25,318.15,0.9,165.0,76950.0
20190529:1400,16.37,75.25,514.3,853.77,136.0,326.65,1.03,201.0,76980.0
20190529:1500,18.56,61.2,673.9,747.86,192.7,302.1,0.9,218.0,76990.0
20190529:1600,20.82,48.05,897.45,900.41,169.7,293.95,0.62,245.0,76950.0
20190529:1700,23.24,35.25,1024.55,945.61,148.65,304.8,0.55,281.0,76920.0
20190529:1800,25.27,27.7,1014.7,845.47,178.1,310.8,0.62,309.0,76870.0
20190529:1900,26.32,28.9,881.5,611.3,274.1,324.35,0.62,22.0,76770.0
20190529:2000,27.25,24.25,768.85,599.69,206.15,343.5,0.97,29.0,76680.0
20190529:2100,27.83,21.8,621.65,509.31,200.25,339.65,0.9,54.0,76600.0
20190529:2200,27.66,21.8,405.3,377.25,153.15,356.3,0.69,96.0,76540.0
20190529:2300,26.36,25.85,196.7,166.9,117.9,351.25,0.62,148.0,76540.0
20190530:0000,23.96,35.5,63.6,83.72,42.4,347.75,1.1,198.0,76640.0
20190530:0100,21.31,53.6,0.2,0.0,0.2,339.95,1.17,180.0,76760.0
20190530:0200,19.13,68.1,0.0,-0.0,0.0,347.75,1.38,171.0,76880.0
20190530:0300,18.3,78.15,0.0,-0.0,0.0,352.8,1.45,164.0,76960.0
20190530:0400,18.25,78.15,0.0,-0.0,0.0,375.05,1.24,167.0,77010.0
20190530:0500,17.68,80.85,0.0,-0.0,0.0,353.4,1.17,182.0,77040.0
20190530:0600,17.52,80.85,0.0,-0.0,0.0,361.7,1.31,195.0,77010.0
20190530:0700,16.62,86.55,0.0,-0.0,0.0,355.1,1.59,188.0,76990.0
20190530:0800,16.63,86.55,0.0,-0.0,0.0,371.0,1.59,197.0,76950.0
20190530:0900,16.46,86.55,0.0,-0.0,0.0,365.4,1.17,193.0,76920.0
20190530:1000,16.41,86.55,0.0,-0.0,0.0,371.75,0.97,194.0,76930.0
20190530:1100,16.12,89.6,0.0,-0.0,0.0,370.2,0.41,195.0,76930.0
20190530:1200,15.6,92.75,0.0,-0.0,0.0,339.25,0.28,15.0,76970.0
20190530:1300,15.54,89.55,241.7,629.2,102.6,320.5,0.41,24.0,76990.0
20190530:1400,17.14,80.8,473.55,733.35,148.6,322.8,0.48,30.0,77030.0
20190530:1500,19.1,61.3,717.1,877.2,152.8,303.85,0.97,7.0,77060.0
20190530:1600,21.58,44.95,922.75,1002.57,112.65,305.75,1.45,4.0,77040.0
20190530:1700,23.88,32.9,1041.05,993.68,120.85,299.55,2.0,8.0,77030.0
20190530:1800,25.58,24.0,1087.55,944.88,152.75,304.8,2.28,17.0,76980.0
20190530:1900,27.51,20.25,950.8,753.95,201.7,313.5,2.69,32.0,76910.0
20190530:2000,28.46,18.3,798.65,625.12,212.0,329.55,2.41,34.0,76780.0
20190530:2100,28.7,16.95,526.7,283.66,291.9,340.6,1.93,44.0,76710.0
20190530:2200,28.43,16.85,414.6,379.44,160.75,358.2,1.59,34.0,76620.0
20190530:2300,27.7,18.05,211.4,225.77,104.6,359.0,2.0,47.0,76630.0
20190531:0000,25.38,24.8,65.5,115.57,36.1,346.6,2.41,51.0,76740.0
20190531:0100,23.08,34.0,0.2,0.0,0.2,335.5,1.03,44.0,76840.0
20190531:0200,20.89,44.85,0.0,-0.0,0.0,352.0,0.41,174.0,76950.0
20190531:0300,19.55,55.2,0.0,-0.0,0.0,341.95,0.62,165.0,77080.0
20190531:0400,18.37,61.2,0.0,-0.0,0.0,341.75,0.28,106.0,77150.0
20190531:0500,17.76,70.3,0.0,-0.0,0.0,335.95,0.69,346.0,77160.0
20190531:0600,17.11,72.7,0.0,-0.0,0.0,335.55,0.83,326.0,77160.0
20190531:0700,17.31,78.0,0.0,-0.0,0.0,335.55,0.21,311.0,77110.0
20190531:0800,16.79,83.6,0.0,-0.0,0.0,325.9,0.62,30.0,77070.0
20190531:0900,15.93,86.5,0.0,-0.0,0.0,321.45,0.9,7.0,77050.0
20190531:1000,16.04,86.5,0.0,-0.0,0.0,331.9,0.76,7.0,77070.0
20190531:1100,15.54,89.55,0.0,-0.0,0.0,335.55,0.83,12.0,77060.0
20190531:1200,14.92,89.55,0.0,-0.0,0.0,323.0,1.03,1.0,77090.0
20190531:1300,15.2,89.55,223.25,630.11,83.85,320.85,1.38,1.0,77120.0
20190531:1400,17.47,75.4,449.7,738.38,122.55,306.15,1.59,10.0,77150.0
20190531:1500,19.36,65.75,677.9,868.34,119.45,321.25,1.45,23.0,77160.0
20190531:1600,25.57,29.99,634.2,590.63,157.1,351.08,1.66,41.0,77150.0
20190531:1700,24.92,32.54,767.75,658.29,158.3,346.61,1.65,56.0,77140.0
20190531:1800,24.27,35.08,812.0,663.95,155.25,342.14,1.64,66.0,77090.0
20190531:1900,23.61,37.62,810.85,621.33,193.55,337.67,1.64,51.0,77060.0
20190531:2000,22.96,40.17,591.3,426.65,190.85,333.2,1.63,70.0,76980.0
20190531:2100,22.31,42.71,615.95,487.9,211.9,328.73,1.62,38.0,76880.0
20190531:2200,21.65,45.26,382.1,382.88,125.7,324.26,1.62,42.0,76860.0
20190531:2300,21.0,47.8,161.85,117.94,105.95,319.79,1.61,73.0,76850.0
20130601:0000,20.35,50.34,75.5,169.83,32.1,315.31,1.6,23.0,76850.0
20130601:0100,19.7,52.89,0.4,0.0,0.4,310.84,1.6,22.0,76940.0
20130601:0200,19.04,55.43,0.0,-0.0,0.0,306.37,1.59,17.0,77020.0
20130601:0300,18.39,57.98,0.0,-0.0,0.0,301.9,1.58,2.0,77060.0
20130601:0400,17.74,60.52,0.0,-0.0,0.0,297.43,1.58,0.0,77120.0
20130601:0500,17.08,63.06,0.0,-0.0,0.0,292.96,1.57,2.0,77140.0
20130601:0600,16.43,65.61,0.0,-0.0,0.0,288.49,1.56,354.0,77130.0
20130601:0700,15.78,68.15,0.0,-0.0,0.0,284.02,1.56,360.0,77090.0
20130601:0800,14.12,83.35,0.0,-0.0,0.0,274.2,1.03,358.0,77060.0
20130601:0900,13.39,86.3,0.0,-0.0,0.0,279.05,1.1,352.0,77040.0
20130601:1000,12.65,89.4,0.0,-0.0,0.0,273.85,1.03,355.0,77030.0
20130601:1100,11.97,99.4,0.0,-0.0,0.0,265.3,0.97,359.0,77030.0
20130601:1200,11.59,99.4,0.0,-0.0,0.0,271.3,0.9,3.0,77040.0
20130601:1300,12.67,95.95,281.2,871.99,88.2,293.4,0.69,357.0,77080.0
20130601:1400,14.86,86.45,524.9,941.12,108.0,285.45,0.97,344.0,77070.0
20130601:1500,17.44,67.85,749.95,1008.84,101.35,280.4,1.17,349.0,77070.0
20130601:1600,19.61,55.2,919.9,1002.03,110.75,282.75,1.31,348.0,77050.0
20130601:1700,21.35,46.6,885.75,755.72,186.3,290.65,1.72,350.0,77010.0
20130601:1800,22.48,43.5,818.8,599.26,226.15,308.85,2.41,1.0,76970.0
20130601:1900,22.99,40.6,920.15,758.6,166.5,320.3,2.28,14.0,76950.0
20130601:2000,24.04,35.4,859.1,757.23,148.25,323.4,2.83,12.0,76880.0
20130601:2100,24.79,31.95,596.55,543.86,145.95,319.7,3.03,10.0,76800.0
20130601:2200,24.64,31.85,431.3,482.33,108.0,323.55,2.76,16.0,76760.0
20130601:2300,24.42,30.7,198.6,269.02,70.85,321.05,2.83,16.0,76740.0
20130602:0000,22.95,36.4,68.25,131.67,34.45,328.6,2.62,24.0,76780.0
20130602:0100,21.02,43.25,0.5,0.0,0.5,322.9,1.66,45.0,76860.0
20130602:0200,19.29,51.4,0.0,-0.0,0.0,305.4,0.97,30.0,76940.0
20130602:0300,17.51,58.8,0.0,-0.0,0.0,303.65,1.17,6.0,77020.0
20130602:0400,16.5,62.95,0.0,-0.0,0.0,295.5,1.24,2.0,77090.0
20130602:0500,14.84,72.4,0.0,-0.0,0.0,293.2,1.31,355.0,77120.0
20130602:0600,13.47,80.35,0.0,-0.0,0.0,290.85,1.45,355.0,77120.0
20130602:0700,13.45,89.4,0.0,-0.0,0.0,330.95,1.38,2.0,77080.0
20130602:0800,12.91,92.6,0.0,-0.0,0.0,301.1,1.31,6.0,77060.0
20130602:0900,12.68,95.95,0.0,-0.0,0.0,308.5,1.24,7.0,77050.0
20130602:1000,12.42,99.4,0.0,-0.0,0.0,313.7,1.24,8.0,77020.0
20130602:1100,12.36,99.4,0.0,-0.0,0.0,335.95,1.45,9.0,77030.0
20130602:1200,12.76,99.4,0.0,-0.0,0.0,353.95,1.59,10.0,77050.0
20130602:1300,13.46,99.4,218.65,474.75,113.55,339.25,1.86,12.0,77080.0
20130602:1400,14.65,89.5,438.5,699.54,128.7,330.35,2.28,11.0,77110.0
20130602:1500,16.95,72.7,660.9,767.73,167.5,299.95,2.34,10.0,77110.0
20130602:1600,19.03,61.3,747.35,658.0,216.2,311.2,2.28,18.0,77090.0
20130602:1700,20.39,53.5,849.1,690.18,210.5,330.35,2.21,21.0,77080.0
20130602:1800,21.67,50.05,846.3,632.29,221.1,326.3,2.07,24.0,77040.0
20130602:1900,21.71,48.45,828.6,617.51,215.15,328.6,1.52,21.0,77010.0
20130602:2000,22.53,48.45,633.95,417.08,242.35,331.1,1.59,21.0,76970.0
20130602:2100,23.06,45.25,528.75,359.51,230.75,344.1,2.69,20.0,76890.0
20130602:2200,22.62,45.1,304.4,199.5,170.55,339.25,3.03,22.0,76830.0
20130602:2300,22.1,43.5,161.1,64.32,130.5,335.0,2.83,24.0,76830.0
20130603:0000,20.94,48.2,33.0,10.67,30.25,347.75,2.69,31.0,76900.0
20130603:0100,19.12,55.05,0.2,0.0,0.2,338.95,2.34,26.0,76990.0
20130603:0200,17.91,63.3,0.0,-0.0,0.0,355.1,1.86,22.0,77070.0
20130603:0300,17.04,70.2,0.0,-0.0,0.0,361.3,1.66,19.0,77130.0
20130603:0400,15.88,77.85,0.0,-0.0,0.0,330.35,1.52,9.0,77160.0
20130603:0500,14.81,83.45,0.0,-0.0,0.0,321.45,1.72,8.0,77190.0
20130603:0600,14.05,89.45,0.0,-0.0,0.0,324.35,1.72,12.0,77210.0
20130603:0700,12.9,95.95,0.0,-0.0,0.0,310.8,1.72,9.0,77170.0
20130603:0800,12.28,95.95,0.0,-0.0,0.0,308.1,1.59,7.0,77120.0
20130603:0900,12.19,95.95,0.0,-0.0,0.0,323.0,1.38,3.0,77080.0
20130603:1000,12.48,99.4,0.0,-0.0,0.0,338.1,1.45,4.0,77070.0
20130603:1100,11.98,99.4,0.0,-0.0,0.0,319.5,1.45,4.0,77080.0
20130603:1200,11.9,99.4,0.0,-0.0,0.0,330.35,1.31,4.0,77100.0
20130603:1300,12.56,99.4,192.45,255.22,135.95,327.85,1.38,6.0,77130.0
20130603:1400,13.77,86.35,437.9,540.9,198.45,317.95,1.72,11.0,77140.0
20130603:1500,16.16,72.65,675.75,799.26,162.3,311.4,1.93,16.0,77140.0
20130603:1600,18.54,59.05,855.45,809.33,202.4,297.25,2.14,22.0,77120.0
20130603:1700,20.66,48.05,789.4,525.85,303.0,311.4,2.28,25.0,77100.0
20130603:1800,21.89,40.5,866.0,614.66,258.35,342.35,2.55,20.0,77050.0
20130603:1900,22.31,40.5,713.95,491.0,226.2,325.5,2.69,16.0,77040.0
20130603:2000,22.86,37.75,734.45,566.05,202.9,332.65,2.62,24.0,76970.0
20130603:2100,23.6,34.0,517.5,304.05,265.35,329.55,2.34,22.0,76890.0
20130603:2200,23.94,31.7,344.25,317.23,131.2,346.6,2.83,18.0,76840.0
20130603:2300,23.51,32.75,175.4,143.91,106.8,339.25,2.83,29.0,76830.0
20130604:0000,22.12,36.3,54.9,52.32,41.35,357.65,2.83,30.0,76860.0
20130604:0100,20.72,40.2,0.4,0.0,0.4,347.5,2.62,36.0,76960.0
20130604:0200,19.04,49.45,0.0,-0.0,0.0,334.4,2.0,29.0,77100.0
20130604:0300,17.19,58.8,0.0,-0.0,0.0,323.4,1.79,7.0,77140.0
20130604:0400,15.49,72.45,0.0,-0.0,0.0,315.25,1.72,1.0,77190.0
20130604:0500,14.43,77.65,0.0,-0.0,0.0,316.2,1.66,359.0,77230.0
20130604:0600,13.77,80.4,0.0,-0.0,0.0,312.15,1.45,358.0,77220.0
20130604:0700,12.86,89.4,0.0,-0.0,0.0,299.2,1.38,358.0,77160.0
20130604:0800,12.19,89.35,0.0,-0.0,0.0,293.55,1.38,1.0,77130.0
20130604:0900,12.16,92.6,0.0,-0.0,0.0,291.45,1.24,4.0,77100.0
20130604:1000,12.07,95.9,0.0,-0.0,0.0,283.1,1.1,359.0,77120.0
20130604:1100,11.99,95.9,0.0,-0.0,0.0,283.3,1.03,356.0,77110.0
20130604:1200,10.89,99.35,0.0,-0.0,0.0,292.4,0.97,6.0,77120.0
20130604:1300,11.71,95.9,234.2,551.48,112.15,306.95,0.83,11.0,77140.0
20130604:1400,14.22,89.5,497.25,803.2,141.85,320.85,0.9,3.0,77140.0
20130604:1500,17.04,72.7,747.3,990.73,111.15,296.3,0.69,2.0,77140.0
20130604:1600,19.41,57.2,913.45,990.18,114.8,286.8,0.48,355.0,77110.0
20130604:1700,21.52,44.95,1033.35,995.63,112.7,294.15,0.76,359.0,77070.0
20130604:1800,23.25,36.55,963.4,779.75,192.7,299.4,1.38,4.0,77030.0
20130604:1900,24.19,34.1,861.7,589.67,275.95,318.55,1.52,353.0,76980.0
20130604:2000,24.8,29.7,779.2,602.36,213.45,320.85,1.86,351.0,76900.0
20130604:2100,25.59,27.7,688.8,633.78,162.95,323.55,2.21,353.0,76830.0
20130604:2200,26.12,24.0,320.35,222.61,170.7,318.75,2.83,2.0,76760.0
20130604:2300,25.02,25.6,218.4,279.54,84.9,350.1,2.28,10.0,76760.0
20130605:0000,23.83,29.45,75.2,146.29,37.15,321.25,2.14,21.0,76790.0
20130605:0100,21.68,36.15,0.55,0.0,0.55,325.45,1.66,30.0,76870.0
20130605:0200,19.2,49.55,0.0,-0.0,0.0,317.55,1.24,13.0,76960.0
20130605:0300,17.64,52.75,0.0,-0.0,0.0,298.8,1.17,351.0,77050.0
20130605:0400,16.37,56.5,0.0,-0.0,0.0,290.5,1.24,355.0,77140.0
20130605:0500,14.85,64.95,0.0,-0.0,0.0,287.2,1.38,352.0,77210.0
20130605:0600,12.97,74.7,0.0,-0.0,0.0,284.65,1.59,348.0,77190.0
20130605:0700,11.46,80.15,0.0,-0.0,0.0,263.2,1.59,358.0,77170.0
20130605:0800,11.01,83.05,0.0,-0.0,0.0,260.1,1.45,360.0,77150.0
20130605:0900,11.5,83.1,0.0,-0.0,0.0,253.9,1.17,0.0,77090.0
20130605:1000,11.5,86.15,0.0,-0.0,0.0,253.9,0.83,358.0,77090.0
20130605:1100,11.05,89.3,0.0,-0.0,0.0,250.4,0.48,354.0,77060.0
20130605:1200,10.68,89.3,0.0,-0.0,0.0,251.0,0.34,345.0,77080.0
20130605:1300,11.48,89.3,300.8,1065.98,65.0,247.5,0.14,27.0,77110.0
20130605:1400,15.05,69.85,547.25,1058.39,79.2,249.25,0.41,320.0,77100.0
20130605:1500,17.82,49.15,771.75,1045.47,100.8,255.65,0.97,327.0,77090.0
20130605:1600,20.2,34.55,946.55,1044.94,104.1,264.75,1.38,337.0,77040.0
20130605:1700,22.14,26.95,1063.25,1037.83,103.9,270.15,1.66,347.0,77010.0
20130605:1800,23.73,23.4,1095.3,1004.76,102.4,275.95,2.28,356.0,76950.0
20130605:1900,24.97,20.4,1060.4,961.43,105.4,282.95,2.55,357.0,76910.0
20130605:2000,25.79,18.4,974.45,936.72,94.5,286.05,2.83,358.0,76840.0
20130605:2100,26.34,17.15,807.75,869.35,86.1,286.6,2.9,357.0,76770.0
20130605:2200,26.49,16.5,597.7,772.7,77.75,287.4,2.97,357.0,76710.0
20130605:2300,26.08,16.4,320.95,479.75,91.4,286.4,2.76,0.0,76650.0
20130606:0000,25.0,18.9,98.65,205.57,44.95,296.1,2.0,358.0,76670.0
20130606:0100,22.51,36.3,0.65,0.0,0.65,290.6,0.9,334.0,76720.0
20130606:0200,20.12,34.45,0.0,-0.0,0.0,285.25,0.97,338.0,76840.0
20130606:0300,16.98,48.9,0.0,-0.0,0.0,288.75,1.52,355.0,76960.0
20130606:0400,15.34,54.25,0.0,-0.0,0.0,283.5,1.59,356.0,77070.0
20130606:0500,14.04,62.45,0.0,-0.0,0.0,281.6,1.59,348.0,77140.0
20130606:0600,13.14,64.65,0.0,-0.0,0.0,271.1,1.52,345.0,77140.0
20130606:0700,13.98,67.15,0.0,-0.0,0.0,276.95,1.03,344.0,77070.0
20130606:0800,13.26,72.1,0.0,-0.0,0.0,262.8,0.76,341.0,77040.0
20130606:0900,12.4,77.35,0.0,-0.0,0.0,256.6,0.69,346.0,76990.0
20130606:1000,11.7,80.15,0.0,-0.0,0.0,252.35,0.55,351.0,76980.0
20130606:1100,11.08,83.05,0.0,-0.0,0.0,249.45,0.41,7.0,76960.0
20130606:1200,10.32,86.05,0.0,-0.0,0.0,257.0,0.28,54.0,76970.0
20130606:1300,11.24,83.1,292.95,1000.93,71.7,253.3,0.34,94.0,76990.0
20130606:1400,15.14,65.05,555.75,1067.23,84.1,254.3,0.21,297.0,76960.0
20130606:1500,18.3,42.6,780.15,1070.54,93.5,253.7,0.76,290.0,76970.0
20130606:1600,20.67,32.1,950.0,1052.8,101.6,260.5,0.83,313.0,76960.0
20130606:1700,22.7,24.95,1060.05,1031.42,106.95,268.4,1.03,333.0,76960.0
20130606:1800,24.33,18.8,1095.65,998.23,109.4,272.65,1.52,352.0,76920.0
20130606:1900,25.86,14.0,1071.8,972.08,106.25,277.9,1.93,354.0,76870.0
20130606:2000,26.75,13.6,981.35,943.78,94.6,278.1,2.14,360.0,76790.0
20130606:2100,27.19,12.65,808.05,864.82,89.8,280.05,2.41,0.0,76730.0
20130606:2200,27.39,11.75,599.75,767.79,82.6,280.05,2.69,0.0,76670.0
20130606:2300,27.03,12.15,349.25,578.87,71.75,278.5,2.48,0.0,76630.0
20130607:0000,25.9,14.6,107.75,272.37,36.3,279.85,1.86,4.0,76640.0
20130607:0100,23.78,18.65,0.8,0.0,0.8,278.6,0.48,348.0,76750.0
20130607:0200,20.23,32.1,0.0,-0.0,0.0,276.95,1.1,358.0,76850.0
20130607:0300,19.51,33.05,0.0,-0.0,0.0,279.45,0.9,8.0,76960.0
20130607:0400,18.12,39.4,0.0,-0.0,0.0,290.65,0.69,16.0,77060.0
20130607:0500,16.9,45.45,0.0,-0.0,0.0,284.3,0.9,25.0,77110.0
20130607:0600,15.93,52.4,0.0,-0.0,0.0,303.45,1.03,3.0,77120.0
20130607:0700,14.69,56.15,0.0,-0.0,0.0,281.2,0.83,15.0,77100.0
20130607:0800,13.78,62.45,0.0,-0.0,0.0,274.4,0.83,8.0,77090.0
20130607:0900,12.87,69.45,0.0,-0.0,0.0,263.0,0.83,4.0,77070.0
20130607:1000,12.29,74.6,0.0,-0.0,0.0,267.65,0.83,359.0,77050.0
20130607:1100,12.19,77.35,0.0,-0.0,0.0,285.05,0.69,349.0,77060.0
20130607:1200,11.98,80.15,0.0,-0.0,0.0,280.4,0.69,335.0,77080.0
20130607:1300,12.74,77.45,276.55,848.82,89.1,264.55,0.34,338.0,77120.0
20130607:1400,16.04,58.45,542.7,1028.05,88.7,269.95,0.41,343.0,77100.0
20130607:1500,18.45,45.85,686.7,858.17,136.6,268.6,0.55,346.0,77110.0
20130607:1600,20.38,38.65,934.4,1028.29,106.15,288.15,0.76,352.0,77110.0
20130607:1700,22.42,31.3,1045.0,1009.37,112.6,284.5,0.97,2.0,77080.0
20130607:1800,24.13,26.35,1089.35,990.69,110.75,287.2,1.24,2.0,77040.0
20130607:1900,25.53,17.6,1064.05,961.83,108.7,286.2,2.0,2.0,76980.0
20130607:2000,26.49,14.1,974.0,928.54,101.4,287.4,2.28,1.0,76910.0
20130607:2100,27.01,12.15,817.8,873.11,92.3,284.85,2.28,359.0,76810.0
20130607:2200,27.18,10.35,596.95,764.81,81.3,280.05,2.21,355.0,76770.0
20130607:2300,26.76,10.7,354.2,598.82,66.6,274.6,2.14,357.0,76700.0
20130608:0000,25.72,12.35,112.9,291.36,36.15,271.7,1.52,355.0,76730.0
20130608:0100,23.68,17.15,0.95,0.0,0.95,268.7,0.48,328.0,76800.0
20130608:0200,19.76,29.6,0.0,-0.0,0.0,269.75,1.45,352.0,76910.0
20130608:0300,18.16,35.2,0.0,-0.0,0.0,274.8,1.38,355.0,77020.0
20130608:0400,16.44,43.65,0.0,-0.0,0.0,277.9,1.52,348.0,77140.0
20130608:0500,14.73,52.15,0.0,-0.0,0.0,283.3,1.59,346.0,77210.0
20130608:0600,14.09,60.2,0.0,-0.0,0.0,283.1,1.38,343.0,77220.0
20130608:0700,14.72,52.15,0.0,-0.0,0.0,270.55,0.97,352.0,77200.0
20130608:0800,12.67,62.2,0.0,-0.0,0.0,273.05,1.38,354.0,77170.0
20130608:0900,13.08,64.55,0.0,-0.0,0.0,268.4,1.1,357.0,77130.0
20130608:1000,12.44,66.85,0.0,-0.0,0.0,261.05,0.34,351.0,77090.0
20130608:1100,11.9,69.25,0.0,-0.0,0.0,258.75,0.14,160.0,77070.0
20130608:1200,11.54,69.25,0.0,-0.0,0.0,254.3,0.48,194.0,77100.0
20130608:1300,12.49,69.35,240.85,656.91,95.95,258.55,0.34,193.0,77120.0
20130608:1400,15.81,58.45,500.75,842.28,129.1,297.25,0.48,230.0,77130.0
20130608:1500,18.16,54.85,722.0,919.84,132.75,294.75,0.41,229.0,77140.0
20130608:1600,20.29,46.35,910.85,1001.79,104.35,298.8,0.41,254.0,77120.0
20130608:1700,22.42,39.05,1024.35,993.92,106.55,300.95,0.34,295.0,77090.0
20130608:1800,24.21,31.7,965.35,767.21,207.65,305.55,0.55,359.0,77040.0
20130608:1900,24.94,27.6,724.35,370.25,356.6,326.5,0.41,10.0,77010.0
20130608:2000,25.12,25.6,775.5,631.47,181.95,351.25,0.9,41.0,76930.0
20130608:2100,26.04,21.45,679.55,566.72,208.4,327.85,1.31,38.0,76820.0
20130608:2200,26.4,20.0,455.0,406.89,180.4,335.75,1.24,53.0,76790.0
20130608:2300,25.59,21.35,135.15,120.13,77.35,335.2,0.97,131.0,76770.0
20130609:0000,22.83,33.85,61.05,79.78,39.95,350.1,1.66,186.0,76870.0
20130609:0100,20.67,49.8,0.75,0.0,0.75,341.7,1.86,184.0,76940.0
20130609:0200,19.11,63.5,0.0,-0.0,0.0,326.3,1.52,180.0,77010.0
20130609:0300,17.26,75.4,0.0,-0.0,0.0,303.05,1.45,176.0,77110.0
20130609:0400,15.67,83.55,0.0,-0.0,0.0,317.55,1.45,180.0,77180.0
20130609:0500,14.85,92.7,0.0,-0.0,0.0,325.7,1.52,201.0,77250.0
20130609:0600,14.63,92.7,0.0,-0.0,0.0,307.5,0.97,211.0,77240.0
20130609:0700,15.47,86.5,0.0,-0.0,0.0,313.3,0.76,203.0,77210.0
20130609:0800,14.46,89.5,0.0,-0.0,0.0,311.55,0.9,177.0,77180.0
20130609:0900,13.59,95.95,0.0,-0.0,0.0,333.85,0.97,179.0,77130.0
20130609:1000,13.65,92.65,0.0,-0.0,0.0,345.45,0.83,197.0,77120.0
20130609:1100,13.94,92.65,0.0,-0.0,0.0,335.2,0.76,191.0,77120.0
20130609:1200,13.31,95.95,0.0,-0.0,0.0,345.05,0.83,212.0,77150.0
20130609:1300,13.65,92.65,139.5,180.0,99.85,341.75,0.76,228.0,77180.0
20130609:1400,14.89,86.45,370.1,459.57,167.5,349.3,0.69,237.0,77210.0
20130609:1500,17.27,70.3,614.0,731.14,145.95,343.7,0.83,281.0,77210.0
20130609:1600,19.73,53.35,892.9,924.26,149.2,317.2,0.83,302.0,77160.0
20130609:1700,22.25,41.95,898.9,743.6,212.5,312.15,0.34,273.0,77120.0
20130609:1800,23.63,37.9,498.8,166.35,334.55,328.6,0.28,143.0,77060.0
20130609:1900,20.43,59.5,478.6,119.81,359.6,369.25,1.79,236.0,77130.0
20130609:2000,20.61,59.5,540.65,276.92,280.3,353.75,1.38,196.0,77070.0
20130609:2100,21.42,57.65,398.05,127.13,292.3,349.5,2.0,165.0,76990.0
20130609:2200,19.64,63.6,262.6,134.19,171.95,352.6,2.0,199.0,77000.0
20130609:2300,19.12,65.75,116.65,65.76,84.95,345.25,2.21,223.0,76990.0
20130610:0000,18.35,70.45,51.55,46.13,39.3,342.95,1.59,222.0,77000.0
20130610:0100,17.51,78.1,0.8,0.0,0.8,328.7,1.52,202.0,77050.0
20130610:0200,16.62,83.6,0.0,-0.0,0.0,331.1,1.59,198.0,77120.0
20130610:0300,15.68,89.6,0.0,-0.0,0.0,327.65,1.38,187.0,77180.0
20130610:0400,14.77,96.0,0.0,-0.0,0.0,323.55,1.1,210.0,77210.0
20130610:0500,13.82,95.95,0.0,-0.0,0.0,306.35,0.97,229.0,77270.0
20130610:0600,12.87,99.4,0.0,-0.0,0.0,320.5,0.97,260.0,77320.0
20130610:0700,13.89,92.65,0.0,-0.0,0.0,303.05,0.55,275.0,77220.0
20130610:0800,13.18,92.65,0.0,-0.0,0.0,331.9,0.62,314.0,77220.0
20130610:0900,13.17,92.65,0.0,-0.0,0.0,345.05,0.62,314.0,77160.0
20130610:1000,12.86,95.95,0.0,-0.0,0.0,340.4,0.83,322.0,77140.0
20130610:1100,13.01,99.4,0.0,-0.0,0.0,353.2,1.03,348.0,77160.0
20130610:1200,12.62,95.95,0.0,-0.0,0.0,340.6,0.9,8.0,77160.0
20130610:1300,12.8,99.4,195.05,384.45,110.5,322.05,0.48,5.0,77170.0
20130610:1400,14.46,86.4,415.8,561.3,168.6,326.3,0.21,18.0,77180.0
20130610:1500,16.66,70.2,570.3,546.27,220.85,319.9,0.41,182.0,77190.0
20130610:1600,18.26,65.65,651.6,400.33,329.65,324.55,0.83,190.0,77200.0
20130610:1700,19.65,63.6,761.4,455.49,341.1,345.05,1.1,204.0,77160.0
20130610:1800,20.77,61.7,904.3,726.14,187.45,346.2,1.38,209.0,77130.0
20130610:1900,22.0,48.45,549.6,285.79,265.75,327.05,1.52,192.0,77080.0
20130610:2000,21.38,51.9,420.2,141.06,287.55,377.55,1.38,180.0,76990.0
20130610:2100,19.98,55.3,322.75,80.81,255.5,354.55,1.66,220.0,76960.0
20130610:2200,18.17,67.95,226.3,41.85,198.0,344.3,1.66,224.0,77020.0
20130610:2300,18.03,67.95,124.8,24.12,113.15,337.1,0.76,172.0,77030.0
20130611:0000,17.47,72.8,39.7,13.32,36.15,343.7,0.34,146.0,77070.0
20130611:0100,16.58,75.25,0.75,0.0,0.75,340.35,1.17,271.0,77100.0
20130611:0200,15.59,80.6,0.0,-0.0,0.0,332.65,1.1,293.0,77190.0
20130611:0300,15.08,86.45,0.0,-0.0,0.0,336.15,0.28,333.0,77250.0
20130611:0400,14.29,92.7,0.0,-0.0,0.0,336.35,0.48,12.0,77300.0
20130611:0500,14.34,92.7,0.0,-0.0,0.0,352.8,0.21,110.0,77350.0
20130611:0600,14.03,92.65,0.0,-0.0,0.0,352.2,0.97,184.0,77350.0
20130611:0700,13.38,95.95,0.0,-0.0,0.0,337.7,0.62,193.0,77320.0
20130611:0800,13.09,99.4,0.0,-0.0,0.0,336.15,0.97,196.0,77250.0
20130611:0900,12.75,95.95,0.0,-0.0,0.0,332.1,1.03,215.0,77240.0
20130611:1000,13.03,99.4,0.0,-0.0,0.0,346.6,1.03,222.0,77240.0
20130611:1100,13.31,95.95,0.0,-0.0,0.0,354.15,0.83,236.0,77230.0
20130611:1200,13.68,95.95,0.0,-0.0,0.0,360.55,0.48,220.0,77240.0
20130611:1300,14.07,95.95,60.5,20.5,56.0,358.6,0.69,154.0,77270.0
20130611:1400,14.75,92.7,183.2,100.13,139.15,354.75,0.76,144.0,77300.0
20130611:1500,15.76,89.6,299.45,154.17,200.9,349.3,0.69,165.0,77300.0
20130611:1600,17.09,86.6,447.95,216.67,273.8,363.45,0.97,166.0,77320.0
20130611:1700,18.36,75.55,578.65,312.45,290.45,355.9,1.38,163.0,77340.0
20130611:1800,19.53,70.65,659.1,231.3,430.8,346.8,1.59,165.0,77310.0
20130611:1900,19.2,75.7,664.75,360.2,307.0,366.35,1.24,194.0,77310.0
20130611:2000,19.68,73.15,507.2,253.25,269.0,340.0,1.59,211.0,77250.0
20130611:2100,18.85,63.5,439.4,181.7,288.1,341.55,1.72,189.0,77140.0
20130611:2200,19.02,61.3,210.35,65.3,166.15,331.5,2.21,202.0,77160.0
20130611:2300,18.44,63.4,127.35,19.53,117.9,332.1,1.72,210.0,77150.0
20130612:0000,18.27,63.4,41.9,11.77,38.75,335.55,1.03,200.0,77170.0
20130612:0100,17.77,67.95,0.85,0.0,0.85,332.6,0.48,197.0,77230.0
20130612:0200,15.65,83.55,0.0,-0.0,0.0,326.5,0.83,134.0,77310.0
20130612:0300,15.56,80.6,0.0,-0.0,0.0,320.1,0.34,151.0,77400.0
20130612:0400,15.1,83.45,0.0,-0.0,0.0,319.1,0.62,236.0,77460.0
20130612:0500,14.96,83.45,0.0,-0.0,0.0,325.5,0.55,200.0,77500.0
20130612:0600,14.74,83.45,0.0,-0.0,0.0,325.5,0.62,180.0,77500.0
20130612:0700,12.99,95.95,0.0,-0.0,0.0,323.75,1.03,177.0,77470.0
20130612:0800,12.46,99.4,0.0,-0.0,0.0,317.4,0.97,173.0,77420.0
20130612:0900,12.34,99.4,0.0,-0.0,0.0,308.85,0.83,154.0,77400.0
20130612:1000,12.21,99.4,0.0,-0.0,0.0,306.15,0.62,129.0,77380.0
20130612:1100,11.42,99.4,0.0,-0.0,0.0,321.85,0.55,115.0,77390.0
20130612:1200,10.93,99.35,0.0,-0.0,0.0,337.7,0.62,120.0,77400.0
20130612:1300,11.86,99.4,205.2,370.16,124.1,330.15,0.55,120.0,77440.0
20130612:1400,14.91,92.7,441.55,648.67,156.5,337.1,0.34,148.0,77440.0
20130612:1500,16.77,78.0,594.7,697.43,149.25,317.75,0.41,162.0,77460.0
20130612:1600,18.35,65.65,666.45,614.33,172.95,326.3,0.34,151.0,77450.0
20130612:1700,19.68,59.25,716.7,549.91,209.65,329.2,0.21,215.0,77430.0
20130612:1800,20.68,57.45,791.95,486.56,311.8,329.75,0.21,212.0,77420.0
20130612:1900,21.93,53.85,743.2,463.55,282.8,357.65,0.97,270.0,77350.0
20130612:2000,22.22,55.8,589.4,334.4,274.8,353.75,1.17,293.0,77270.0
20130612:2100,21.7,59.7,408.95,176.03,262.3,363.25,0.62,175.0,77210.0
20130612:2200,20.55,63.8,143.4,66.42,98.4,370.4,2.07,111.0,77130.0
20130612:2300,17.97,75.45,33.7,10.32,28.7,359.75,1.17,116.0,77270.0
20130613:0000,16.5,89.65,14.85,5.77,13.3,355.7,0.97,265.0,77390.0
20130613:0100,15.63,92.75,0.35,0.0,0.35,350.95,0.69,285.0,77400.0
20130613:0200,15.4,92.75,0.0,-0.0,0.0,348.55,0.41,29.0,77440.0
20130613:0300,15.3,92.75,0.0,-0.0,0.0,344.1,0.34,152.0,77460.0
20130613:0400,15.04,96.0,0.0,-0.0,0.0,336.75,0.41,248.0,77500.0
20130613:0500,14.54,96.0,0.0,-0.0,0.0,333.85,0.14,241.0,77510.0
20130613:0600,14.06,99.4,0.0,-0.0,0.0,329.95,0.21,155.0,77500.0
20130613:0700,13.31,99.4,0.0,-0.0,0.0,342.75,0.48,190.0,77460.0
20130613:0800,13.07,100.0,0.0,-0.0,0.0,341.55,0.48,172.0,77400.0
20130613:0900,13.23,99.4,0.0,-0.0,0.0,352.6,0.41,143.0,77390.0
20130613:1000,12.66,99.4,0.0,-0.0,0.0,343.3,0.34,152.0,77360.0
20130613:1100,12.39,100.0,0.0,-0.0,0.0,334.6,0.14,149.0,77360.0
20130613:1200,11.94,100.0,0.0,-0.0,0.0,330.15,0.14,64.0,77400.0
20130613:1300,12.56,99.4,194.7,296.64,129.85,328.0,0.21,24.0,77440.0
20130613:1400,15.04,96.0,404.85,510.13,180.95,336.95,0.55,3.0,77410.0
20130613:1500,16.73,75.3,580.0,703.02,131.35,345.65,0.9,11.0,77430.0
20130613:1600,18.38,65.65,718.15,680.76,171.6,320.1,0.9,11.0,77430.0
20130613:1700,20.04,59.35,735.05,583.27,197.45,337.3,0.69,10.0,77400.0
20130613:1800,20.8,57.55,714.4,410.84,309.05,340.2,0.97,357.0,77380.0
20130613:1900,20.81,73.35,684.0,365.12,321.35,352.4,0.34,242.0,77320.0
20130613:2000,20.61,78.5,470.65,150.53,329.0,353.95,0.9,122.0,77290.0
20130613:2100,19.82,68.3,297.35,123.69,194.25,357.85,0.69,166.0,77260.0
20130613:2200,18.01,78.15,104.45,7.37,99.45,343.1,0.9,145.0,77250.0
20130613:2300,16.73,83.65,70.25,0.0,70.25,349.1,0.76,74.0,77290.0
20130614:0000,16.46,83.6,17.8,0.0,17.8,347.95,1.03,320.0,77300.0
20130614:0100,16.03,89.6,0.6,0.0,0.6,346.5,0.83,320.0,77280.0
20130614:0200,15.34,92.75,0.0,-0.0,0.0,335.75,0.69,2.0,77300.0
20130614:0300,14.49,96.0,0.0,-0.0,0.0,326.1,1.03,358.0,77320.0
20130614:0400,14.19,96.0,0.0,-0.0,0.0,324.15,0.97,345.0,77370.0
20130614:0500,14.14,92.7,0.0,-0.0,0.0,317.2,0.83,343.0,77400.0
20130614:0600,13.85,99.4,0.0,-0.0,0.0,320.5,0.69,341.0,77400.0
20130614:0700,12.66,99.4,0.0,-0.0,0.0,332.3,0.28,76.0,77360.0
20130614:0800,12.13,99.4,0.0,-0.0,0.0,341.95,0.55,114.0,77310.0
20130614:0900,12.61,100.0,0.0,-0.0,0.0,350.65,0.48,120.0,77290.0
20130614:1000,13.13,95.95,0.0,-0.0,0.0,351.45,0.21,158.0,77260.0
20130614:1100,12.65,99.4,0.0,-0.0,0.0,330.35,0.34,199.0,77250.0
20130614:1200,12.51,99.4,0.0,-0.0,0.0,325.7,0.21,136.0,77270.0
20130614:1300,13.25,95.95,209.85,371.86,128.75,318.15,0.14,84.0,77280.0
20130614:1400,15.4,96.0,433.65,624.28,160.0,327.85,0.14,258.0,77280.0
20130614:1500,17.11,83.65,572.5,657.67,153.15,341.95,0.28,245.0,77290.0
20130614:1600,18.6,75.55,724.25,698.98,163.4,326.85,0.34,206.0,77280.0
20130614:1700,19.98,73.2,788.0,640.79,197.6,329.4,0.55,184.0,77270.0
20130614:1800,20.87,73.35,713.05,372.44,345.65,342.35,0.48,156.0,77240.0
20130614:1900,21.25,71.0,522.6,181.78,342.05,362.3,0.69,305.0,77180.0
20130614:2000,19.08,73.05,449.75,175.19,284.85,374.1,0.41,53.0,77070.0
20130614:2100,19.18,70.65,120.95,4.38,117.3,334.0,0.76,189.0,77180.0
20130614:2200,17.86,80.9,160.5,26.37,142.6,357.45,0.76,35.0,77140.0
20130614:2300,17.2,78.1,121.95,52.94,96.2,345.25,0.97,27.0,77160.0
20130615:0000,16.88,83.65,35.75,7.02,33.85,336.75,0.76,336.0,77190.0
20130615:0100,16.46,86.55,0.9,0.0,0.9,345.55,0.9,342.0,77190.0
20130615:0200,15.57,92.75,0.0,-0.0,0.0,323.0,0.55,314.0,77230.0
20130615:0300,15.14,92.7,0.0,-0.0,0.0,317.55,0.55,326.0,77270.0
20130615:0400,14.79,92.7,0.0,-0.0,0.0,317.4,0.48,349.0,77310.0
20130615:0500,13.35,99.4,0.0,-0.0,0.0,320.5,0.34,74.0,77360.0
20130615:0600,12.38,99.4,0.0,-0.0,0.0,330.95,0.55,105.0,77350.0
20130615:0700,12.03,100.0,0.0,-0.0,0.0,332.85,0.48,100.0,77270.0
20130615:0800,11.68,99.4,0.0,-0.0,0.0,332.1,0.55,125.0,77270.0
20130615:0900,11.72,99.4,0.0,-0.0,0.0,340.8,0.55,139.0,77250.0
20130615:1000,11.61,99.4,0.0,-0.0,0.0,336.75,0.76,156.0,77260.0
20130615:1100,11.69,99.4,0.0,-0.0,0.0,338.1,0.62,155.0,77270.0
20130615:1200,11.76,99.4,0.0,-0.0,0.0,341.2,0.34,102.0,77270.0
20130615:1300,12.71,99.4,217.8,523.15,104.0,336.75,0.21,53.0,77310.0
20130615:1400,15.26,92.75,416.3,467.73,211.55,323.95,0.41,359.0,77330.0
20130615:1500,16.83,78.0,662.1,832.64,131.65,336.75,0.9,9.0,77320.0
20130615:1600,18.8,65.75,801.9,849.92,120.35,304.05,1.1,0.0,77300.0
20130615:1700,20.38,57.45,866.0,753.79,171.75,308.3,1.38,1.0,77270.0
20130615:1800,21.41,51.9,718.85,536.97,189.25,322.8,1.45,20.0,77240.0
20130615:1900,21.57,50.05,731.6,557.4,177.95,337.5,1.45,21.0,77210.0
20130615:2000,21.7,50.05,725.8,621.62,140.55,333.25,1.72,27.0,77150.0
20130615:2100,21.76,50.2,462.15,345.91,173.5,334.4,1.31,19.0,77140.0
20130615:2200,20.77,55.55,364.7,307.49,155.75,343.5,0.9,25.0,77110.0
20130615:2300,19.88,61.5,149.4,162.26,70.35,348.15,0.21,14.0,77090.0
20130616:0000,17.98,78.15,57.5,85.63,34.25,346.8,1.24,295.0,77170.0
20130616:0100,16.8,86.6,0.95,0.0,0.95,338.95,0.48,269.0,77230.0
20130616:0200,15.86,92.75,0.0,-0.0,0.0,328.6,0.21,161.0,77270.0
20130616:0300,15.27,96.0,0.0,-0.0,0.0,332.85,0.21,301.0,77330.0
20130616:0400,14.37,99.35,0.0,-0.0,0.0,329.0,0.69,309.0,77380.0
20130616:0500,14.01,99.4,0.0,-0.0,0.0,330.95,0.69,311.0,77430.0
20130616:0600,14.2,96.0,0.0,-0.0,0.0,331.9,0.55,291.0,77400.0
20130616:0700,13.96,95.95,0.0,-0.0,0.0,329.2,1.03,177.0,77330.0
20130616:0800,14.01,95.95,0.0,-0.0,0.0,316.05,0.97,168.0,77300.0
20130616:0900,13.94,95.95,0.0,-0.0,0.0,296.65,0.9,168.0,77290.0
20130616:1000,13.58,95.95,0.0,-0.0,0.0,290.5,0.55,149.0,77280.0
20130616:1100,13.05,99.4,0.0,-0.0,0.0,282.55,0.21,99.0,77300.0
20130616:1200,12.69,95.95,0.0,-0.0,0.0,295.1,0.55,48.0,77330.0
20130616:1300,13.28,95.95,274.3,925.18,73.6,289.9,0.55,47.0,77370.0
20130616:1400,15.68,83.55,454.55,802.5,103.75,281.6,0.76,26.0,77360.0
20130616:1500,17.26,72.8,651.2,789.25,148.85,298.6,0.69,8.0,77360.0
20130616:1600,18.77,63.5,782.2,752.73,178.95,309.65,0.83,10.0,77350.0
20130616:1700,20.3,53.5,912.65,793.18,182.4,324.95,1.1,16.0,77330.0
20130616:1800,21.55,48.3,1049.3,888.34,173.3,313.1,1.38,18.0,77300.0
20130616:1900,22.76,42.1,1047.3,953.84,99.85,309.45,2.0,18.0,77230.0
20130616:2000,23.41,39.3,918.2,837.44,129.55,298.4,2.14,18.0,77170.0
20130616:2100,23.71,37.9,696.3,686.28,123.3,312.15,2.14,18.0,77140.0
20130616:2200,23.41,36.55,474.55,493.03,139.2,312.15,2.07,24.0,77100.0
20130616:2300,22.94,37.75,262.75,327.25,103.05,322.4,2.0,36.0,77110.0
20130617:0000,21.97,40.5,84.15,157.46,41.25,324.75,2.07,12.0,77120.0
20130617:0100,20.14,53.35,1.2,0.0,1.2,308.2,1.38,3.0,77160.0
20130617:0200,18.32,61.2,0.0,-0.0,0.0,310.05,0.9,11.0,77210.0
20130617:0300,17.91,61.05,0.0,-0.0,0.0,319.5,0.76,18.0,77270.0
20130617:0400,17.34,63.2,0.0,-0.0,0.0,323.95,0.62,3.0,77360.0
20130617:0500,16.76,67.75,0.0,-0.0,0.0,323.4,0.28,286.0,77420.0
20130617:0600,16.19,72.65,0.0,-0.0,0.0,327.05,0.28,209.0,77420.0
20130617:0700,15.58,77.8,0.0,-0.0,0.0,307.3,0.55,224.0,77350.0
20130617:0800,14.91,80.55,0.0,-0.0,0.0,308.85,0.55,238.0,77320.0
20130617:0900,14.22,83.4,0.0,-0.0,0.0,287.2,0.28,254.0,77320.0
20130617:1000,13.67,86.35,0.0,-0.0,0.0,281.6,0.28,229.0,77300.0
20130617:1100,13.12,92.6,0.0,-0.0,0.0,275.95,0.28,205.0,77300.0
20130617:1200,12.55,95.95,0.0,-0.0,0.0,275.95,0.21,191.0,77330.0
20130617:1300,12.92,92.6,259.1,811.63,83.55,283.3,0.14,99.0,77330.0
20130617:1400,15.18,80.6,513.1,970.58,89.45,299.55,0.21,353.0,77320.0
20130617:1500,17.54,70.3,744.9,1018.8,97.05,279.25,0.55,17.0,77290.0
20130617:1600,19.47,61.4,876.8,905.02,151.95,286.8,1.03,12.0,77270.0
20130617:1700,20.89,55.55,1000.85,954.78,122.15,306.55,1.52,14.0,77250.0
20130617:1800,22.13,48.45,963.85,766.47,208.15,316.4,1.93,17.0,77230.0
20130617:1900,22.66,43.5,882.75,690.9,196.45,315.85,2.07,16.0,77210.0
20130617:2000,22.99,42.1,743.05,568.32,207.7,315.05,2.14,20.0,77160.0
20130617:2100,23.04,43.65,664.7,645.8,125.2,321.05,2.55,21.0,77120.0
20130617:2200,22.66,43.5,485.95,555.57,107.7,311.55,2.62,24.0,77070.0
20130617:2300,22.45,43.5,286.65,416.01,83.3,319.5,2.69,30.0,77030.0
20130618:0000,21.83,41.95,97.05,216.03,38.0,317.0,2.21,30.0,77030.0
20130618:0100,20.42,51.65,1.55,4.22,1.35,326.4,0.76,22.0,77070.0
20130618:0200,19.0,53.15,0.0,-0.0,0.0,304.2,0.55,7.0,77120.0
20130618:0300,16.54,67.65,0.0,-0.0,0.0,298.2,1.1,357.0,77190.0
20130618:0400,14.86,77.75,0.0,-0.0,0.0,320.3,1.45,346.0,77270.0
20130618:0500,14.0,83.35,0.0,-0.0,0.0,311.95,1.45,347.0,77320.0
20130618:0600,14.1,86.35,0.0,-0.0,0.0,323.95,1.17,344.0,77310.0
20130618:0700,14.56,86.4,0.0,-0.0,0.0,340.0,0.9,359.0,77250.0
20130618:0800,14.69,83.45,0.0,-0.0,0.0,312.75,0.69,334.0,77230.0
20130618:0900,14.16,86.4,0.0,-0.0,0.0,307.5,0.76,321.0,77160.0
20130618:1000,13.75,89.45,0.0,-0.0,0.0,303.65,0.76,328.0,77160.0
20130618:1100,13.3,92.65,0.0,-0.0,0.0,303.45,0.69,348.0,77170.0
20130618:1200,12.94,95.95,0.0,-0.0,0.0,313.7,0.83,360.0,77220.0
20130618:1300,13.15,92.65,207.7,611.03,75.95,309.65,0.76,8.0,77250.0
20130618:1400,15.14,86.45,462.8,796.65,115.6,296.85,1.03,1.0,77250.0
20130618:1500,17.35,72.8,721.25,936.11,126.55,308.5,1.38,2.0,77250.0
20130618:1600,19.09,63.5,874.05,894.84,157.8,307.3,1.66,10.0,77210.0
20130618:1700,20.54,53.5,973.55,884.0,160.3,299.55,1.72,16.0,77190.0
20130618:1800,21.79,45.1,1082.7,997.13,99.75,305.75,1.72,19.0,77170.0
20130618:1900,23.42,37.9,1047.75,945.46,108.55,294.15,2.62,18.0,77100.0
20130618:2000,24.08,31.7,946.7,885.28,112.55,298.8,2.62,22.0,77010.0
20130618:2100,24.6,29.55,751.2,739.72,132.9,293.75,2.69,16.0,76970.0
20130618:2200,24.25,28.5,518.65,615.73,99.05,304.05,2.48,21.0,76910.0
20130618:2300,23.98,29.45,266.35,364.58,87.85,308.5,2.41,21.0,76890.0
20130619:0000,22.63,35.0,104.95,226.29,42.9,313.7,2.69,20.0,76900.0
20130619:0100,20.33,38.65,1.9,7.25,1.55,298.9,2.41,20.0,76970.0
20130619:0200,17.56,50.85,0.0,-0.0,0.0,291.45,1.93,12.0,77050.0
20130619:0300,15.03,67.35,0.0,-0.0,0.0,291.45,1.79,360.0,77120.0
20130619:0400,13.34,74.75,0.0,-0.0,0.0,289.7,1.66,352.0,77210.0
20130619:0500,12.28,80.2,0.0,-0.0,0.0,287.95,1.72,352.0,77260.0
20130619:0600,12.01,86.15,0.0,-0.0,0.0,304.4,1.59,350.0,77260.0
20130619:0700,12.45,89.35,0.0,-0.0,0.0,312.75,1.1,350.0,77210.0
20130619:0800,12.52,89.35,0.0,-0.0,0.0,326.85,1.1,349.0,77180.0
20130619:0900,12.21,92.6,0.0,-0.0,0.0,330.35,1.31,356.0,77120.0
20130619:1000,12.34,92.6,0.0,-0.0,0.0,336.35,1.45,358.0,77120.0
20130619:1100,12.01,95.9,0.0,-0.0,0.0,325.7,1.38,350.0,77100.0
20130619:1200,11.56,95.9,0.0,-0.0,0.0,318.35,1.31,349.0,77120.0
20130619:1300,12.23,95.95,239.6,714.94,85.95,305.95,1.66,358.0,77130.0
20130619:1400,14.25,83.4,477.6,811.71,124.4,301.5,1.66,12.0,77160.0
20130619:1500,16.3,70.1,626.15,749.61,150.4,303.25,1.72,17.0,77170.0
20130619:1600,18.02,63.3,698.3,517.43,284.4,312.35,1.72,22.0,77140.0
20130619:1700,19.48,55.2,734.6,516.51,259.6,333.05,1.79,20.0,77120.0
20130619:1800,20.36,51.65,813.25,612.09,209.95,339.25,1.72,16.0,77070.0
20130619:1900,21.25,50.05,794.1,574.62,223.25,341.75,1.79,8.0,77020.0
20130619:2000,21.96,50.2,596.25,357.77,259.05,338.65,2.55,10.0,76950.0
20130619:2100,21.93,48.45,569.3,492.57,157.35,351.65,3.59,11.0,76880.0
20130619:2200,20.77,53.6,372.15,318.35,155.0,331.3,3.52,22.0,76860.0
20130619:2300,19.01,61.3,105.2,53.63,78.9,327.45,2.9,36.0,76900.0
20130620:0000,18.53,63.4,36.2,7.09,34.25,347.55,2.07,20.0,76970.0
20130620:0100,17.52,67.85,0.75,0.0,0.75,346.15,2.14,19.0,77040.0
20130620:0200,16.67,70.2,0.0,-0.0,0.0,341.4,2.07,13.0,77100.0
20130620:0300,15.74,77.85,0.0,-0.0,0.0,330.75,2.0,10.0,77150.0
20130620:0400,14.91,83.45,0.0,-0.0,0.0,328.2,1.86,6.0,77180.0
20130620:0500,14.87,86.45,0.0,-0.0,0.0,353.55,1.59,356.0,77230.0
20130620:0600,14.32,86.4,0.0,-0.0,0.0,335.2,1.86,356.0,77240.0
20130620:0700,13.17,95.95,0.0,-0.0,0.0,333.45,1.66,351.0,77180.0
20130620:0800,13.0,99.4,0.0,-0.0,0.0,336.15,1.72,351.0,77150.0
20130620:0900,12.81,99.4,0.0,-0.0,0.0,336.55,1.72,346.0,77090.0
20130620:1000,12.92,99.4,0.0,-0.0,0.0,355.3,1.72,352.0,77110.0
20130620:1100,12.78,99.4,0.0,-0.0,0.0,352.2,1.66,349.0,77100.0
20130620:1200,12.79,99.4,0.0,-0.0,0.0,359.0,1.52,335.0,77120.0
20130620:1300,12.92,99.4,91.8,66.54,77.55,348.95,1.59,342.0,77120.0
20130620:1400,13.63,95.95,127.2,28.66,114.75,343.1,1.59,344.0,77160.0
20130620:1500,14.1,99.4,84.25,0.0,84.25,354.95,1.17,2.0,77210.0
20130620:1600,14.01,95.95,104.65,1.56,103.4,359.95,0.9,17.0,77230.0
20130620:1700,14.17,92.7,313.1,113.35,208.9,364.4,0.97,26.0,77240.0
20130620:1800,15.29,86.5,163.7,0.0,163.7,360.35,1.1,4.0,77190.0
20130620:1900,15.22,96.0,413.35,136.74,277.5,369.85,1.79,0.0,77160.0
20130620:2000,16.42,92.8,220.3,22.59,199.0,346.8,1.93,345.0,77100.0
20130620:2100,15.82,92.75,204.25,39.74,171.0,366.95,1.93,343.0,77030.0
20130620:2200,15.76,92.75,104.15,4.91,100.8,351.85,2.07,348.0,77000.0
20130620:2300,14.62,96.0,50.6,2.14,49.55,351.05,2.28,333.0,77010.0
20130621:0000,14.09,95.95,10.05,0.0,10.05,355.9,2.21,318.0,77010.0
20130621:0100,13.62,100.0,0.15,0.0,0.15,364.15,1.72,315.0,77050.0
20130621:0200,13.45,100.0,0.0,-0.0,0.0,366.15,1.45,318.0,77090.0
20130621:0300,13.48,100.0,0.0,-0.0,0.0,369.25,1.17,317.0,77150.0
20130621:0400,13.5,100.0,0.0,-0.0,0.0,368.3,0.48,300.0,77190.0
20130621:0500,13.54,100.0,0.0,-0.0,0.0,367.3,0.41,161.0,77230.0
20130621:0600,13.73,99.4,0.0,-0.0,0.0,366.55,0.69,152.0,77230.0
20130621:0700,13.14,99.4,0.0,-0.0,0.0,362.65,0.21,124.0,77200.0
20130621:0800,13.16,99.4,0.0,-0.0,0.0,362.3,0.62,126.0,77180.0
20130621:0900,13.01,99.4,0.0,-0.0,0.0,358.2,0.83,127.0,77160.0
20130621:1000,13.03,99.4,0.0,-0.0,0.0,359.4,0.48,119.0,77160.0
20130621:1100,13.19,95.95,0.0,-0.0,0.0,351.65,0.07,140.0,77120.0
20130621:1200,13.17,95.95,0.0,-0.0,0.0,356.1,0.41,352.0,77160.0
20130621:1300,13.28,95.95,124.75,177.84,86.8,349.5,0.62,43.0,77190.0
20130621:1400,14.24,92.7,238.15,199.92,151.45,350.85,0.55,35.0,77240.0
20130621:1500,14.95,96.0,450.35,307.16,255.8,350.5,0.41,339.0,77290.0
20130621:1600,16.41,92.8,276.2,120.6,179.85,348.55,0.41,318.0,77280.0
20130621:1700,16.26,89.65,510.2,206.05,320.85,365.75,0.48,334.0,77320.0
20130621:1800,17.2,86.65,539.85,160.1,382.1,359.0,0.28,18.0,77320.0
20130621:1900,17.54,89.7,445.0,175.43,270.7,361.3,0.55,317.0,77290.0
20130621:2000,17.67,83.75,285.3,7.48,278.25,358.6,0.41,327.0,77260.0
20130621:2100,16.89,83.65,279.4,28.84,255.25,359.75,0.76,18.0,77230.0
20130621:2200,16.64,89.65,247.5,65.92,202.45,353.2,0.97,346.0,77190.0
20130621:2300,16.3,86.55,105.8,24.6,93.7,347.4,1.38,4.0,77190.0
20130622:0000,15.25,89.55,38.4,34.34,28.9,348.55,0.76,333.0,77200.0
20130622:0100,14.39,96.0,1.1,0.0,1.1,338.6,0.97,1.0,77280.0
20130622:0200,13.8,95.95,0.0,-0.0,0.0,336.75,1.1,352.0,77330.0
20130622:0300,13.63,95.95,0.0,-0.0,0.0,350.65,0.97,360.0,77350.0
20130622:0400,13.49,99.4,0.0,-0.0,0.0,346.4,1.1,3.0,77380.0
20130622:0500,13.16,99.4,0.0,-0.0,0.0,337.9,1.24,3.0,77380.0
20130622:0600,12.54,100.0,0.0,-0.0,0.0,324.35,1.24,4.0,77360.0
20130622:0700,11.82,99.4,0.0,-0.0,0.0,323.75,0.9,340.0,77290.0
20130622:0800,12.11,100.0,0.0,-0.0,0.0,345.65,0.76,353.0,77240.0
20130622:0900,12.28,99.4,0.0,-0.0,0.0,349.3,0.9,358.0,77220.0
20130622:1000,12.76,99.4,0.0,-0.0,0.0,358.0,1.17,4.0,77210.0
20130622:1100,12.84,99.4,0.0,-0.0,0.0,354.75,1.24,5.0,77210.0
20130622:1200,12.87,99.4,0.0,-0.0,0.0,350.65,1.52,6.0,77230.0
20130622:1300,13.11,99.4,157.95,302.69,93.6,350.85,1.72,10.0,77250.0
20130622:1400,13.51,92.65,345.7,487.5,134.65,327.25,1.45,19.0,77270.0
20130622:1500,15.12,86.45,352.7,328.42,144.9,315.25,1.31,20.0,77290.0
20130622:1600,16.1,80.65,537.1,364.36,246.2,348.35,1.17,16.0,77290.0
20130622:1700,17.5,75.4,563.8,296.53,291.4,343.5,1.03,22.0,77300.0
20130622:1800,18.55,72.95,499.05,152.66,348.65,356.5,1.03,26.0,77260.0
20130622:1900,18.66,72.95,462.15,145.68,317.4,357.25,1.59,357.0,77220.0
20130622:2000,18.51,75.55,209.55,0.05,209.5,347.0,1.31,332.0,77210.0
20130622:2100,17.11,80.8,273.7,20.65,256.4,359.2,0.28,35.0,77110.0
20130622:2200,16.74,83.65,145.6,0.07,145.55,335.55,0.9,100.0,77110.0
20130622:2300,16.15,86.5,92.15,6.7,88.85,349.3,0.97,169.0,77100.0
20130623:0000,15.23,89.55,22.05,2.34,21.4,340.0,0.41,245.0,77150.0
20130623:0100,14.72,92.7,0.6,0.0,0.6,344.4,0.14,195.0,77180.0
20130623:0200,14.37,96.0,0.0,-0.0,0.0,340.4,0.14,237.0,77220.0
20130623:0300,13.74,95.95,0.0,-0.0,0.0,335.2,0.14,287.0,77250.0
20130623:0400,13.12,100.0,0.0,-0.0,0.0,346.0,0.41,169.0,77310.0
20130623:0500,12.9,99.4,0.0,-0.0,0.0,339.85,0.34,213.0,77340.0
20130623:0600,12.75,99.4,0.0,-0.0,0.0,347.4,0.34,163.0,77320.0
20130623:0700,12.79,99.4,0.0,-0.0,0.0,344.65,0.48,86.0,77250.0
20130623:0800,12.6,100.0,0.0,-0.0,0.0,352.0,0.69,101.0,77190.0
20130623:0900,12.9,99.4,0.0,-0.0,0.0,362.1,0.76,101.0,77170.0
20130623:1000,13.09,100.0,0.0,-0.0,0.0,361.1,0.62,81.0,77140.0
20130623:1100,13.12,100.0,0.0,-0.0,0.0,358.2,0.76,47.0,77160.0
20130623:1200,13.08,99.4,0.0,-0.0,0.0,356.85,0.9,46.0,77170.0
20130623:1300,13.51,95.95,145.6,198.58,103.55,357.65,0.9,40.0,77230.0
20130623:1400,14.47,89.5,305.45,335.76,160.35,351.25,1.03,40.0,77220.0
20130623:1500,15.73,83.55,584.0,602.47,203.2,349.5,0.97,27.0,77220.0
20130623:1600,17.39,75.4,704.2,571.64,248.1,334.05,0.97,30.0,77190.0
20130623:1700,18.75,70.55,740.8,510.79,271.75,337.3,0.55,35.0,77190.0
20130623:1800,19.61,68.2,583.6,290.84,297.1,334.8,0.14,166.0,77180.0
20130623:1900,19.76,68.3,596.35,300.94,297.3,351.05,0.76,246.0,77120.0
20130623:2000,19.59,73.15,463.6,105.87,363.7,358.4,0.97,212.0,77080.0
20130623:2100,17.71,72.9,252.7,41.64,217.8,352.6,1.03,183.0,77050.0
20130623:2200,17.55,80.85,196.8,33.6,173.8,335.95,1.72,194.0,77070.0
20130623:2300,16.58,80.75,73.6,0.0,73.6,344.85,0.83,171.0,77060.0
20130624:0000,15.18,89.55,33.5,0.0,33.5,332.5,0.48,136.0,77140.0
20130624:0100,14.69,92.7,0.95,0.0,0.95,332.4,0.55,277.0,77160.0
20130624:0200,14.22,96.0,0.0,-0.0,0.0,332.1,0.48,333.0,77200.0
20130624:0300,13.61,100.0,0.0,-0.0,0.0,323.2,0.55,42.0,77240.0
20130624:0400,13.39,99.4,0.0,-0.0,0.0,325.3,0.55,55.0,77300.0
20130624:0500,12.97,99.4,0.0,-0.0,0.0,324.55,0.48,86.0,77340.0
20130624:0600,12.75,99.4,0.0,-0.0,0.0,338.5,0.48,120.0,77340.0
20130624:0700,13.73,95.95,0.0,-0.0,0.0,354.95,0.62,136.0,77310.0
20130624:0800,13.59,95.95,0.0,-0.0,0.0,355.1,0.48,148.0,77260.0
20130624:0900,13.52,99.4,0.0,-0.0,0.0,361.7,0.41,134.0,77230.0
20130624:1000,13.39,95.95,0.0,-0.0,0.0,348.95,0.28,143.0,77230.0
20130624:1100,13.08,99.4,0.0,-0.0,0.0,349.3,0.41,43.0,77230.0
20130624:1200,12.99,99.4,0.0,-0.0,0.0,354.55,0.83,44.0,77250.0
20130624:1300,13.37,95.95,172.35,224.05,125.1,347.75,1.03,48.0,77270.0
20130624:1400,14.29,86.4,316.45,261.15,203.8,335.2,0.97,47.0,77300.0
20130624:1500,15.69,77.85,619.9,669.94,196.9,341.0,0.76,63.0,77310.0
20130624:1600,17.57,70.3,782.6,767.08,170.95,318.95,0.83,90.0,77320.0
20130624:1700,18.98,68.1,753.7,544.19,254.15,320.85,0.41,126.0,77310.0
20130624:1800,19.9,68.3,823.8,571.18,261.2,340.2,0.62,170.0,77290.0
20130624:1900,20.36,63.8,676.9,429.75,249.8,336.55,1.1,177.0,77270.0
20130624:2000,20.31,66.05,596.35,361.1,255.5,340.2,0.76,178.0,77200.0
20130624:2100,20.7,66.15,440.8,252.37,229.15,357.65,1.24,197.0,77140.0
20130624:2200,19.48,63.6,232.3,65.17,187.65,353.75,1.59,193.0,77100.0
20130624:2300,17.74,70.35,59.25,0.0,59.25,349.9,1.59,187.0,77190.0
20130625:0000,16.72,80.8,24.05,0.0,24.05,358.2,1.31,194.0,77210.0
20130625:0100,15.57,86.5,0.85,0.0,0.85,345.35,1.17,202.0,77250.0
20130625:0200,14.99,92.7,0.0,-0.0,0.0,346.6,1.24,182.0,77310.0
20130625:0300,14.38,92.7,0.0,-0.0,0.0,345.65,1.31,173.0,77360.0
20130625:0400,13.96,95.95,0.0,-0.0,0.0,341.75,0.83,168.0,77430.0
20130625:0500,14.07,95.95,0.0,-0.0,0.0,351.85,0.48,217.0,77470.0
20130625:0600,13.63,95.95,0.0,-0.0,0.0,344.1,0.76,215.0,77470.0
20130625:0700,13.31,95.95,0.0,-0.0,0.0,337.3,1.17,194.0,77410.0
20130625:0800,13.19,95.95,0.0,-0.0,0.0,343.7,1.03,189.0,77370.0
20130625:0900,13.09,99.4,0.0,-0.0,0.0,341.95,0.97,177.0,77340.0
20130625:1000,13.38,95.95,0.0,-0.0,0.0,356.5,0.9,174.0,77320.0
20130625:1100,13.26,95.95,0.0,-0.0,0.0,346.2,0.83,175.0,77320.0
20130625:1200,13.72,89.45,0.0,-0.0,0.0,343.9,0.48,162.0,77350.0
20130625:1300,13.8,92.65,150.0,190.0,110.1,354.35,0.55,117.0,77390.0
20130625:1400,14.35,89.5,387.5,546.27,152.3,336.75,0.9,93.0,77410.0
20130625:1500,15.72,83.55,478.25,430.07,207.0,318.15,0.62,86.0,77420.0
20130625:1600,16.92,78.0,738.8,630.54,236.35,330.15,0.34,181.0,77410.0
20130625:1700,18.2,75.55,633.65,424.51,244.1,314.85,0.69,204.0,77390.0
20130625:1800,18.92,78.3,771.35,523.98,255.3,333.45,0.83,226.0,77360.0
20130625:1900,19.37,61.4,821.8,522.02,302.95,329.0,1.59,178.0,77370.0
20130625:2000,19.73,63.7,704.3,431.16,297.2,340.4,1.45,190.0,77310.0
20130625:2100,20.01,65.95,458.45,263.8,237.1,346.6,1.59,208.0,77230.0
20130625:2200,18.55,68.05,386.75,240.25,222.0,338.65,1.31,190.0,77200.0
20130625:2300,18.16,70.35,177.5,111.59,122.3,330.95,1.31,179.0,77230.0
20130626:0000,17.56,75.4,51.0,24.51,44.15,341.0,1.24,198.0,77190.0
20130626:0100,16.48,77.95,1.8,0.0,1.8,334.15,1.1,210.0,77250.0
20130626:0200,15.06,89.5,0.0,-0.0,0.0,316.4,1.24,205.0,77320.0
20130626:0300,13.94,92.65,0.0,-0.0,0.0,318.35,1.24,191.0,77370.0
20130626:0400,13.85,95.95,0.0,-0.0,0.0,342.35,1.31,198.0,77450.0
20130626:0500,13.56,95.95,0.0,-0.0,0.0,339.65,1.03,222.0,77480.0
20130626:0600,13.57,99.4,0.0,-0.0,0.0,348.55,0.97,200.0,77470.0
20130626:0700,13.14,95.95,0.0,-0.0,0.0,327.45,1.03,192.0,77380.0
20130626:0800,12.97,92.6,0.0,-0.0,0.0,320.65,0.97,197.0,77360.0
20130626:0900,13.23,89.4,0.0,-0.0,0.0,323.4,0.76,193.0,77350.0
20130626:1000,13.35,89.4,0.0,-0.0,0.0,335.4,0.55,163.0,77340.0
20130626:1100,12.99,92.6,0.0,-0.0,0.0,317.55,0.48,140.0,77350.0
20130626:1200,12.62,92.6,0.0,-0.0,0.0,316.8,0.34,158.0,77380.0
20130626:1300,12.85,95.95,166.7,234.11,117.75,319.9,0.28,181.0,77410.0
20130626:1400,14.18,92.7,357.3,372.56,197.2,335.0,0.21,213.0,77400.0
20130626:1500,15.68,86.5,559.55,518.07,233.15,333.65,0.28,284.0,77410.0
20130626:1600,17.37,80.85,743.75,670.69,209.65,332.1,0.28,270.0,77390.0
20130626:1700,18.89,75.65,779.25,605.39,223.9,329.2,0.21,225.0,77380.0
20130626:1800,19.67,73.15,858.45,647.11,221.2,329.2,0.21,240.0,77350.0
20130626:1900,20.41,70.8,889.05,673.92,219.15,336.55,0.48,352.0,77320.0
20130626:2000,21.0,70.9,650.45,439.76,235.1,341.2,0.76,15.0,77250.0
20130626:2100,20.47,73.3,586.45,508.61,159.45,355.5,0.97,71.0,77190.0
20130626:2200,18.48,72.95,318.3,252.65,144.9,340.0,1.1,65.0,77180.0
20130626:2300,17.26,72.8,130.15,79.15,90.95,320.65,1.1,350.0,77250.0
20130627:0000,16.82,75.3,84.35,122.48,50.05,336.15,1.66,307.0,77230.0
20130627:0100,16.42,77.95,2.25,7.4,1.85,324.85,1.59,286.0,77260.0
20130627:0200,15.18,83.5,0.0,-0.0,0.0,300.55,1.1,254.0,77310.0
20130627:0300,13.83,92.65,0.0,-0.0,0.0,294.35,0.97,285.0,77360.0
20130627:0400,14.19,86.4,0.0,-0.0,0.0,305.95,0.55,323.0,77400.0
20130627:0500,13.96,89.45,0.0,-0.0,0.0,305.4,0.41,320.0,77470.0
20130627:0600,13.19,89.4,0.0,-0.0,0.0,293.4,0.21,254.0,77500.0
20130627:0700,11.64,99.4,0.0,-0.0,0.0,298.8,0.9,350.0,77430.0
20130627:0800,11.75,99.4,0.0,-0.0,0.0,310.2,0.41,300.0,77390.0
20130627:0900,11.21,95.9,0.0,-0.0,0.0,315.85,0.28,152.0,77390.0
20130627:1000,11.52,95.9,0.0,-0.0,0.0,334.4,0.55,159.0,77400.0
20130627:1100,11.95,95.9,0.0,-0.0,0.0,330.15,0.14,121.0,77380.0
20130627:1200,12.01,95.9,0.0,-0.0,0.0,325.5,0.34,19.0,77380.0
20130627:1300,12.31,95.95,268.95,941.17,73.05,296.5,0.48,26.0,77350.0
20130627:1400,14.42,89.5,487.25,874.93,112.0,280.6,0.62,22.0,77330.0
20130627:1500,16.28,75.25,698.1,887.51,139.55,288.55,0.34,2.0,77340.0
20130627:1600,17.79,65.55,771.5,801.16,133.9,306.95,0.9,10.0,77330.0
20130627:1700,19.02,59.15,890.25,783.83,171.45,309.05,1.31,25.0,77320.0
20130627:1800,20.0,53.35,954.1,785.59,180.55,317.95,1.24,29.0,77290.0
20130627:1900,20.87,49.95,948.1,768.45,184.15,311.75,1.45,20.0,77250.0
20130627:2000,21.52,50.05,851.75,685.07,204.5,318.35,1.93,25.0,77220.0
20130627:2100,21.37,50.05,536.5,432.74,173.0,319.5,2.21,26.0,77140.0
20130627:2200,20.93,49.95,260.35,160.87,149.85,336.75,1.86,30.0,77110.0
20130627:2300,19.78,49.7,197.85,205.39,96.0,364.6,2.0,14.0,77120.0
20130628:0000,18.93,55.05,44.05,19.6,38.55,343.7,1.66,349.0,77140.0
20130628:0100,17.74,61.05,1.6,1.83,1.5,335.7,0.83,327.0,77220.0
20130628:0200,15.98,80.65,0.0,-0.0,0.0,326.5,0.9,78.0,77310.0
20130628:0300,14.84,83.45,0.0,-0.0,0.0,333.05,1.1,83.0,77380.0
20130628:0400,14.97,77.75,0.0,-0.0,0.0,317.2,0.28,90.0,77460.0
20130628:0500,14.5,80.45,0.0,-0.0,0.0,321.65,0.21,289.0,77500.0
20130628:0600,13.24,89.4,0.0,-0.0,0.0,324.15,1.03,349.0,77470.0
20130628:0700,12.5,99.4,0.0,-0.0,0.0,326.65,0.14,127.0,77410.0
20130628:0800,12.09,99.4,0.0,-0.0,0.0,336.55,0.21,40.0,77370.0
20130628:0900,11.89,99.4,0.0,-0.0,0.0,326.1,0.34,53.0,77330.0
20130628:1000,11.58,99.4,0.0,-0.0,0.0,327.85,0.34,49.0,77320.0
20130628:1100,11.28,95.9,0.0,-0.0,0.0,332.1,0.21,35.0,77320.0
20130628:1200,11.19,95.9,0.0,-0.0,0.0,328.8,0.21,354.0,77330.0
20130628:1300,11.71,99.4,176.55,265.95,121.45,322.8,0.48,342.0,77350.0
20130628:1400,13.45,92.65,386.35,431.62,201.6,328.4,1.1,350.0,77360.0
20130628:1500,15.26,77.8,588.2,575.76,226.25,320.65,1.17,0.0,77330.0
20130628:1600,16.86,67.75,836.95,789.92,208.7,307.9,1.52,6.0,77300.0
20130628:1700,18.7,55.05,927.3,652.31,329.3,299.0,1.79,17.0,77270.0
20130628:1800,19.71,47.9,1006.5,792.36,226.35,303.25,1.72,23.0,77230.0
20130628:1900,20.72,41.7,869.65,622.88,250.35,297.85,2.14,29.0,77190.0
20130628:2000,20.87,40.2,682.65,464.45,243.7,310.8,2.28,23.0,77120.0
20130628:2100,20.39,41.55,503.65,398.25,168.95,315.65,2.21,10.0,77100.0
20130628:2200,20.16,41.45,340.0,235.37,178.2,328.4,1.93,15.0,77050.0
20130628:2300,20.12,41.45,143.05,45.32,120.55,332.5,2.34,12.0,77010.0
20130629:0000,19.26,46.1,77.7,98.17,50.1,322.8,1.72,345.0,77010.0
20130629:0100,17.86,67.95,2.05,0.0,2.05,312.05,1.03,353.0,77050.0
20130629:0200,17.27,54.7,0.0,-0.0,0.0,304.6,0.14,273.0,77110.0
20130629:0300,15.89,65.15,0.0,-0.0,0.0,297.85,0.48,302.0,77180.0
20130629:0400,14.19,74.95,0.0,-0.0,0.0,303.45,1.1,336.0,77260.0
20130629:0500,13.14,80.35,0.0,-0.0,0.0,303.85,1.17,352.0,77290.0
20130629:0600,12.76,83.25,0.0,-0.0,0.0,301.3,1.17,344.0,77270.0
20130629:0700,13.75,77.6,0.0,-0.0,0.0,303.85,0.28,292.0,77240.0
20130629:0800,13.41,80.35,0.0,-0.0,0.0,315.65,0.28,332.0,77240.0
20130629:0900,12.94,86.25,0.0,-0.0,0.0,318.95,0.69,344.0,77210.0
20130629:1000,12.41,89.35,0.0,-0.0,0.0,297.85,0.76,3.0,77190.0
20130629:1100,11.49,89.3,0.0,-0.0,0.0,292.05,0.97,7.0,77180.0
20130629:1200,11.56,92.55,0.0,-0.0,0.0,307.5,0.9,8.0,77170.0
20130629:1300,12.13,92.6,197.95,486.19,97.7,306.95,0.62,15.0,77220.0
20130629:1400,13.78,86.35,386.8,580.9,138.65,319.9,0.76,17.0,77240.0
20130629:1500,15.63,75.1,628.55,717.33,178.1,323.2,0.48,24.0,77220.0
20130629:1600,17.27,65.45,732.15,691.59,182.45,317.0,0.34,22.0,77180.0
20130629:1700,18.57,59.05,783.5,586.28,246.2,311.55,0.34,81.0,77170.0
20130629:1800,19.37,53.25,846.8,682.01,175.35,320.65,0.62,59.0,77140.0
20130629:1900,20.26,49.8,816.3,604.7,215.0,315.45,0.69,36.0,77110.0
20130629:2000,20.86,48.2,685.35,530.84,183.5,330.95,1.17,30.0,77020.0
20130629:2100,20.66,49.8,582.1,439.01,212.95,337.5,1.31,29.0,76970.0
20130629:2200,20.59,49.8,219.95,77.91,166.35,320.85,0.9,44.0,76960.0
20130629:2300,19.81,47.9,151.1,77.86,112.4,345.65,1.31,2.0,76940.0
20130630:0000,19.07,51.25,38.9,26.1,31.55,335.95,0.76,332.0,76980.0
20130630:0100,17.33,60.95,1.1,0.0,1.1,337.25,0.41,227.0,77050.0
20130630:0200,15.83,77.85,0.0,-0.0,0.0,340.2,0.41,166.0,77130.0
20130630:0300,15.74,72.55,0.0,-0.0,0.0,344.1,0.34,141.0,77170.0
20130630:0400,15.25,77.8,0.0,-0.0,0.0,320.1,0.14,283.0,77210.0
20130630:0500,14.87,80.55,0.0,-0.0,0.0,325.9,0.48,275.0,77250.0
20130630:0600,14.31,83.4,0.0,-0.0,0.0,306.75,0.34,257.0,77250.0
20130630:0700,13.19,89.4,0.0,-0.0,0.0,321.85,0.07,180.0,77250.0
20130630:0800,12.9,92.6,0.0,-0.0,0.0,311.4,0.48,294.0,77200.0
20130630:0900,12.43,95.95,0.0,-0.0,0.0,331.3,0.41,324.0,77160.0
20130630:1000,11.88,95.9,0.0,-0.0,0.0,313.5,0.28,33.0,77130.0
20130630:1100,11.07,95.9,0.0,-0.0,0.0,311.95,0.21,52.0,77120.0
20130630:1200,9.95,99.4,0.0,-0.0,0.0,299.95,0.21,73.0,77140.0
20130630:1300,11.37,92.55,191.85,339.94,122.1,308.1,0.28,100.0,77170.0
20130630:1400,13.83,92.65,400.35,487.44,192.55,329.0,0.21,57.0,77180.0
20130630:1500,15.12,83.45,652.0,779.75,162.9,331.5,0.83,359.0,77200.0
20130630:1600,20.72,41.37,751.8,749.81,156.2,304.69,1.19,12.0,77170.0
20130630:1700,20.2,45.54,819.5,701.56,176.75,308.51,1.17,31.0,77170.0
20130630:1800,19.68,49.72,821.75,646.1,185.7,312.32,1.15,50.0,77150.0
20130630:1900,19.16,53.89,698.2,478.53,222.3,316.14,1.13,346.0,77120.0
20130630:2000,18.64,58.07,718.6,481.08,263.65,319.95,1.11,342.0,77100.0
20130630:2100,18.13,62.24,586.0,442.0,214.15,323.77,1.1,335.0,77050.0
20130630:2200,17.61,66.42,373.85,294.79,170.9,327.58,1.08,346.0,76990.0
20130630:2300,17.09,70.59,134.95,69.04,100.6,331.4,1.06,3.0,76980.0
20210701:0000,16.57,74.77,31.15,17.9,26.1,335.21,1.04,340.0,77020.0
20210701:0100,16.05,78.94,0.8,0.0,0.8,339.03,1.02,343.0,77090.0
20210701:0200,15.54,83.12,0.0,-0.0,0.0,342.84,1.0,313.0,77130.0
20210701:0300,15.02,87.29,0.0,-0.0,0.0,346.66,0.98,12.0,77160.0
20210701:0400,14.5,91.47,0.0,-0.0,0.0,350.47,0.96,342.0,77180.0
20210701:0500,13.98,95.65,0.0,-0.0,0.0,354.29,0.94,341.0,77180.0
20210701:0600,13.46,99.82,0.0,-0.0,0.0,358.1,0.92,352.0,77160.0
20210701:0700,12.95,100.0,0.0,-0.0,0.0,361.92,0.9,349.0,77090.0
20210701:0800,13.07,95.95,0.0,-0.0,0.0,342.55,0.97,7.0,77030.0
20210701:0900,13.22,99.4,0.0,-0.0,0.0,358.6,0.97,4.0,77020.0
20210701:1000,13.21,99.4,0.0,-0.0,0.0,353.75,1.17,1.0,77000.0
20210701:1100,13.4,95.95,0.0,-0.0,0.0,365.2,1.03,353.0,76990.0
20210701:1200,13.3,95.95,0.0,-0.0,0.0,359.75,0.69,8.0,77000.0
20210701:1300,13.58,95.95,122.3,156.5,90.35,363.05,0.76,30.0,77060.0
20210701:1400,14.35,96.0,336.65,432.04,152.85,344.3,0.62,12.0,77090.0
20210701:1500,15.69,96.0,411.85,337.0,200.7,323.75,0.62,343.0,77100.0
20210701:1600,16.58,89.65,507.7,355.86,225.2,339.25,0.62,318.0,77080.0
20210701:1700,17.02,89.65,574.7,321.49,280.25,341.2,0.55,290.0,77070.0
20210701:1800,17.72,86.65,477.1,135.06,344.15,344.65,0.69,283.0,77030.0
20210701:1900,17.36,83.7,277.45,52.73,225.0,346.2,0.9,289.0,77070.0
20210701:2000,16.89,86.6,458.05,100.37,363.1,361.5,1.38,4.0,77000.0
20210701:2100,17.3,86.65,204.05,20.43,186.85,326.85,0.76,6.0,76980.0
20210701:2200,16.38,83.6,186.05,20.32,172.05,349.9,1.1,356.0,76950.0
20210701:2300,16.18,89.6,65.65,0.0,65.65,332.3,0.97,355.0,76970.0
20210702:0000,14.99,92.7,51.2,21.06,45.25,355.1,0.62,1.0,76970.0
20210702:0100,14.12,96.0,0.85,0.0,0.85,338.4,0.62,352.0,77050.0
20210702:0200,13.89,96.0,0.0,-0.0,0.0,346.8,0.48,311.0,77090.0
20210702:0300,13.28,95.95,0.0,-0.0,0.0,334.4,0.76,304.0,77130.0
20210702:0400,12.58,99.4,0.0,-0.0,0.0,334.4,0.48,329.0,77180.0
20210702:0500,12.46,99.4,0.0,-0.0,0.0,343.9,0.41,28.0,77190.0
20210702:0600,12.54,99.4,0.0,-0.0,0.0,348.75,0.41,19.0,77170.0
20210702:0700,12.71,95.95,0.0,-0.0,0.0,338.5,0.69,7.0,77140.0
20210702:0800,12.49,95.95,0.0,-0.0,0.0,347.0,0.62,20.0,77100.0
20210702:0900,12.45,95.95,0.0,-0.0,0.0,347.95,0.07,346.0,77050.0
20210702:1000,12.64,99.4,0.0,-0.0,0.0,353.75,0.34,356.0,77060.0
20210702:1100,12.5,99.4,0.0,-0.0,0.0,354.35,0.62,355.0,77080.0
20210702:1200,12.62,99.4,0.0,-0.0,0.0,356.45,0.76,347.0,77100.0
20210702:1300,13.0,95.95,41.7,0.0,41.7,365.2,0.76,2.0,77120.0
20210702:1400,13.48,92.65,65.65,0.0,65.65,362.85,0.69,16.0,77160.0
20210702:1500,14.04,92.7,119.45,15.74,109.6,363.25,0.76,21.0,77190.0
20210702:1600,14.6,96.0,222.4,44.56,187.05,367.5,0.69,10.0,77190.0
20210702:1700,15.25,99.4,512.3,214.22,316.15,368.5,0.69,2.0,77180.0
20210702:1800,16.86,92.8,658.0,305.28,357.5,350.1,0.55,353.0,77120.0
20210702:1900,17.94,86.7,656.15,246.79,410.65,347.4,1.1,222.0,77100.0
20210702:2000,18.38,83.8,558.0,279.89,293.15,341.0,1.52,226.0,76980.0
20210702:2100,18.33,78.25,312.5,135.19,198.65,337.3,1.31,178.0,76990.0
20210702:2200,16.21,83.55,226.3,93.63,161.75,346.2,1.86,149.0,77010.0
20210702:2300,15.3,86.5,87.0,18.25,77.9,328.4,0.48,177.0,77040.0
20210703:0000,14.88,89.5,32.85,0.53,32.7,342.15,1.17,240.0,77080.0
20210703:0100,14.35,96.0,1.65,0.0,1.65,327.95,1.24,180.0,77110.0
20210703:0200,13.57,95.95,0.0,-0.0,0.0,315.45,1.24,188.0,77170.0
20210703:0300,13.33,95.95,0.0,-0.0,0.0,335.95,1.17,186.0,77230.0
20210703:0400,13.25,95.95,0.0,-0.0,0.0,351.45,1.1,166.0,77240.0
20210703:0500,13.46,92.65,0.0,-0.0,0.0,361.5,1.17,164.0,77280.0
20210703:0600,13.55,95.95,0.0,-0.0,0.0,363.65,1.31,163.0,77250.0
20210703:0700,11.73,99.4,0.0,-0.0,0.0,346.0,0.69,158.0,77250.0
20210703:0800,11.6,95.9,0.0,-0.0,0.0,346.8,0.62,164.0,77210.0
20210703:0900,11.39,95.9,0.0,-0.0,0.0,341.2,0.48,166.0,77190.0
20210703:1000,11.53,99.4,0.0,-0.0,0.0,348.75,0.48,144.0,77190.0
20210703:1100,11.7,99.4,0.0,-0.0,0.0,348.95,0.62,166.0,77190.0
20210703:1200,12.04,95.95,0.0,-0.0,0.0,352.8,0.76,175.0,77210.0
20210703:1300,12.34,92.6,55.55,0.0,55.55,353.0,0.76,171.0,77230.0
20210703:1400,13.03,92.65,135.05,26.67,123.75,345.05,1.1,182.0,77250.0
20210703:1500,13.55,92.65,405.75,292.17,223.1,357.25,1.38,203.0,77260.0
20210703:1600,15.31,89.55,393.0,109.41,306.25,340.8,1.1,195.0,77240.0
20210703:1700,16.02,89.6,572.6,290.7,306.5,364.4,1.38,184.0,77240.0
20210703:1800,17.1,92.8,822.05,566.15,264.8,351.45,1.38,191.0,77230.0
20210703:1900,19.11,75.65,689.9,397.26,294.65,342.15,1.86,190.0,77190.0
20210703:2000,18.16,72.9,604.2,350.9,272.05,349.7,1.93,183.0,77130.0
20210703:2100,18.76,70.45,464.35,270.85,236.15,348.15,2.41,183.0,77100.0
20210703:2200,18.42,65.65,353.85,217.22,204.0,334.2,2.0,201.0,77120.0
20210703:2300,17.71,70.3,155.75,103.51,104.1,341.0,2.14,214.0,77100.0
20210704:0000,16.93,70.2,53.75,54.37,38.35,320.65,0.69,216.0,77210.0
20210704:0100,15.85,80.65,2.0,1.77,1.9,334.7,0.55,204.0,77280.0
20210704:0200,14.68,92.7,0.0,-0.0,0.0,317.0,0.76,208.0,77320.0
20210704:0300,14.82,86.45,0.0,-0.0,0.0,321.25,0.48,188.0,77360.0
20210704:0400,14.45,89.5,0.0,-0.0,0.0,312.35,0.41,181.0,77370.0
20210704:0500,14.01,89.5,0.0,-0.0,0.0,305.55,0.07,93.0,77380.0
20210704:0600,13.55,89.45,0.0,-0.0,0.0,299.75,0.07,191.0,77340.0
20210704:0700,10.23,99.4,0.0,-0.0,0.0,321.85,0.55,139.0,77340.0
20210704:0800,9.91,99.4,0.0,-0.0,0.0,325.1,0.83,144.0,77290.0
20210704:0900,9.67,99.4,0.0,-0.0,0.0,317.55,0.9,147.0,77280.0
20210704:1000,9.44,99.4,0.0,-0.0,0.0,320.85,0.76,143.0,77280.0
20210704:1100,9.08,99.4,0.0,-0.0,0.0,310.2,0.69,141.0,77280.0
20210704:1200,8.97,99.4,0.0,-0.0,0.0,313.5,0.76,152.0,77280.0
20210704:1300,10.18,99.4,223.7,579.45,107.25,310.05,0.69,156.0,77260.0
20210704:1400,14.28,96.0,393.15,386.54,229.75,324.95,0.28,158.0,77260.0
20210704:1500,16.01,86.5,675.75,831.69,156.4,347.2,0.07,335.0,77250.0
20210704:1600,18.21,67.95,740.1,759.15,138.55,315.45,0.55,331.0,77240.0
20210704:1700,19.39,61.4,807.65,690.9,175.4,323.2,0.69,330.0,77220.0
20210704:1800,20.23,59.35,774.65,637.65,147.05,329.95,0.34,339.0,77220.0
20210704:1900,20.84,51.75,882.7,743.41,142.95,327.85,0.62,271.0,77210.0
20210704:2000,21.13,51.75,722.25,555.99,195.8,329.95,0.55,252.0,77150.0
20210704:2100,21.07,51.75,667.95,610.27,153.55,328.8,0.62,196.0,77110.0
20210704:2200,20.78,53.5,459.75,470.83,134.75,338.65,0.34,96.0,77070.0
20210704:2300,20.31,55.3,236.75,259.92,106.95,332.3,0.9,177.0,77010.0
20210705:0000,19.5,59.25,57.6,71.25,37.4,323.0,0.76,207.0,77090.0
20210705:0100,17.71,70.3,1.2,0.0,1.2,325.05,0.55,156.0,77160.0
20210705:0200,16.06,86.5,0.0,-0.0,0.0,325.9,0.69,154.0,77250.0
20210705:0300,15.22,89.5,0.0,-0.0,0.0,324.95,0.83,157.0,77290.0
20210705:0400,15.34,83.5,0.0,-0.0,0.0,321.65,0.62,178.0,77290.0
20210705:0500,14.4,89.5,0.0,-0.0,0.0,296.3,0.9,180.0,77320.0
20210705:0600,11.89,95.95,0.0,-0.0,0.0,306.55,0.97,167.0,77290.0
20210705:0700,11.55,99.4,0.0,-0.0,0.0,328.4,0.83,173.0,77250.0
20210705:0800,11.17,99.35,0.0,-0.0,0.0,328.6,0.83,165.0,77210.0
20210705:0900,11.59,99.4,0.0,-0.0,0.0,344.1,0.76,163.0,77190.0
20210705:1000,11.73,99.4,0.0,-0.0,0.0,340.2,0.62,166.0,77160.0
20210705:1100,11.78,99.4,0.0,-0.0,0.0,344.1,0.41,146.0,77180.0
20210705:1200,11.86,99.4,0.0,-0.0,0.0,349.5,0.41,133.0,77190.0
20210705:1300,12.35,99.4,192.2,335.71,125.1,348.95,0.21,145.0,77210.0
20210705:1400,13.89,96.0,371.9,363.78,218.45,340.8,0.28,171.0,77230.0
20210705:1500,16.35,86.55,553.0,438.15,279.7,351.45,0.34,297.0,77230.0
20210705:1600,17.92,75.45,806.55,786.12,184.0,342.75,1.03,349.0,77250.0
20210705:1700,19.6,65.85,882.15,740.05,205.1,312.95,1.24,359.0,77250.0
20210705:1800,20.72,66.05,1014.25,868.97,159.0,317.95,1.1,356.0,77230.0
20210705:1900,21.95,53.85,956.25,808.06,152.05,321.25,0.76,339.0,77190.0
20210705:2000,22.19,55.8,817.75,628.2,222.75,331.1,0.48,327.0,77110.0
20210705:2100,22.17,57.75,485.55,324.27,212.1,328.8,0.21,23.0,77050.0
20210705:2200,21.62,59.7,187.3,59.8,146.0,349.5,0.28,44.0,76950.0
20210705:2300,18.41,78.25,112.05,10.21,106.95,369.25,0.76,316.0,77070.0
20210706:0000,16.45,89.65,40.35,22.03,34.1,347.75,0.55,292.0,77160.0
20210706:0100,15.78,92.75,1.45,0.0,1.45,335.3,0.34,336.0,77210.0
20210706:0200,15.44,96.0,0.0,-0.0,0.0,337.3,0.48,348.0,77230.0
20210706:0300,14.75,99.35,0.0,-0.0,0.0,328.2,0.69,104.0,77260.0
20210706:0400,14.41,96.0,0.0,-0.0,0.0,323.0,0.69,140.0,77300.0
20210706:0500,13.61,99.4,0.0,-0.0,0.0,320.85,0.07,112.0,77340.0
20210706:0600,12.44,99.4,0.0,-0.0,0.0,318.15,0.28,169.0,77300.0
20210706:0700,13.47,95.95,0.0,-0.0,0.0,287.0,0.28,170.0,77250.0
20210706:0800,12.62,95.95,0.0,-0.0,0.0,297.45,0.83,182.0,77200.0
20210706:0900,11.25,95.9,0.0,-0.0,0.0,301.3,1.1,183.0,77190.0
20210706:1000,11.04,99.35,0.0,-0.0,0.0,315.65,1.1,186.0,77170.0
20210706:1100,11.66,99.4,0.0,-0.0,0.0,306.15,0.76,179.0,77190.0
20210706:1200,11.67,99.4,0.0,-0.0,0.0,306.15,0.62,188.0,77210.0
20210706:1300,12.16,99.4,219.15,579.58,103.95,305.0,0.41,175.0,77230.0
20210706:1400,15.0,96.0,439.25,684.96,150.95,308.65,0.21,205.0,77230.0
20210706:1500,17.1,83.65,619.95,692.07,188.75,303.05,0.55,283.0,77220.0
20210706:1600,18.78,75.55,757.85,770.73,147.85,313.7,0.76,318.0,77200.0
20210706:1700,20.01,70.7,869.15,800.48,137.0,321.85,0.62,326.0,77180.0
20210706:1800,20.92,66.15,860.75,651.04,220.0,319.1,0.62,311.0,77130.0
20210706:1900,21.71,57.65,815.0,621.98,195.9,317.2,0.9,1.0,77100.0
20210706:2000,21.95,55.8,727.95,634.56,126.75,334.0,0.83,342.0,77000.0
20210706:2100,21.57,57.65,634.45,573.29,150.8,336.15,0.0,182.0,76880.0
20210706:2200,21.23,61.7,385.45,330.22,157.25,327.05,0.48,179.0,76870.0
20210706:2300,19.27,73.05,167.05,141.08,96.5,338.1,1.59,291.0,76910.0
20210707:0000,17.34,80.85,38.2,45.08,25.4,346.4,1.38,323.0,77010.0
20210707:0100,16.71,83.6,1.25,1.76,1.15,346.7,0.69,340.0,76990.0
20210707:0200,16.22,92.75,0.0,-0.0,0.0,336.95,0.34,34.0,77060.0
20210707:0300,16.01,86.5,0.0,-0.0,0.0,332.3,0.41,95.0,77100.0
20210707:0400,15.26,89.5,0.0,-0.0,0.0,303.45,0.28,127.0,77160.0
20210707:0500,14.66,92.7,0.0,-0.0,0.0,305.0,0.28,146.0,77190.0
20210707:0600,14.11,89.5,0.0,-0.0,0.0,302.65,0.62,172.0,77180.0
20210707:0700,14.05,89.5,0.0,-0.0,0.0,299.0,0.9,178.0,77090.0
20210707:0800,13.17,95.95,0.0,-0.0,0.0,308.65,0.76,182.0,77080.0
20210707:0900,12.33,95.95,0.0,-0.0,0.0,312.55,0.48,146.0,77050.0
20210707:1000,11.95,99.4,0.0,-0.0,0.0,327.45,0.28,73.0,77020.0
20210707:1100,11.81,95.95,0.0,-0.0,0.0,329.75,0.34,128.0,76990.0
20210707:1200,12.02,99.4,0.0,-0.0,0.0,337.5,0.34,140.0,77010.0
20210707:1300,12.36,99.4,170.25,343.04,102.45,340.8,0.14,141.0,77060.0
20210707:1400,14.71,99.35,372.7,451.81,182.95,332.3,0.07,190.0,77070.0
20210707:1500,16.61,89.65,559.1,616.76,175.25,335.95,0.34,244.0,77090.0
20210707:1600,18.11,83.75,729.4,654.1,212.0,326.3,0.48,203.0,77080.0
20210707:1700,19.25,83.85,753.85,505.35,291.75,329.55,0.83,147.0,77030.0
20210707:1800,19.89,86.85,835.8,592.28,252.9,340.4,1.1,167.0,76980.0
20210707:1900,20.54,68.4,826.7,622.79,206.7,340.8,0.97,232.0,76940.0
20210707:2000,20.72,73.3,745.75,576.28,199.6,338.3,0.76,223.0,76870.0
20210707:2100,20.95,75.95,522.0,275.01,289.9,341.55,0.76,232.0,76780.0
20210707:2200,20.66,73.3,225.5,96.33,158.9,356.85,1.1,201.0,76750.0
20210707:2300,18.65,78.25,106.65,2.7,105.3,375.85,1.03,202.0,76700.0
20210708:0000,16.91,86.6,28.45,7.74,26.25,344.65,0.55,220.0,76860.0
20210708:0100,15.59,96.0,0.85,0.0,0.85,348.85,0.69,207.0,76930.0
20210708:0200,15.03,96.0,0.0,-0.0,0.0,348.35,0.55,262.0,76970.0
20210708:0300,14.8,96.0,0.0,-0.0,0.0,362.85,0.69,210.0,77020.0
20210708:0400,14.11,96.0,0.0,-0.0,0.0,357.25,0.97,183.0,77110.0
20210708:0500,13.86,96.0,0.0,-0.0,0.0,347.75,0.9,170.0,77110.0
20210708:0600,13.89,96.0,0.0,-0.0,0.0,352.2,0.83,183.0,77070.0
20210708:0700,14.01,96.0,0.0,-0.0,0.0,350.85,1.38,182.0,76990.0
20210708:0800,14.16,96.0,0.0,-0.0,0.0,370.4,1.17,186.0,76970.0
20210708:0900,14.22,96.0,0.0,-0.0,0.0,371.75,1.17,180.0,76950.0
20210708:1000,14.17,96.0,0.0,-0.0,0.0,368.45,0.97,202.0,76920.0
20210708:1100,13.96,96.0,0.0,-0.0,0.0,365.2,0.9,184.0,76920.0
20210708:1200,13.84,96.0,0.0,-0.0,0.0,362.5,1.03,175.0,76940.0
20210708:1300,13.7,99.4,114.5,91.34,96.55,353.75,1.45,172.0,76980.0
20210708:1400,14.08,96.0,226.7,114.06,178.9,351.65,1.66,176.0,77040.0
20210708:1500,15.22,96.0,325.0,180.48,212.8,345.65,1.52,180.0,77070.0
20210708:1600,16.27,92.75,615.1,341.72,344.95,353.2,1.52,193.0,77080.0
20210708:1700,17.88,86.7,437.95,115.57,332.3,352.2,1.72,199.0,77080.0
20210708:1800,17.31,83.7,704.75,258.09,450.75,357.65,1.86,193.0,77070.0
20210708:1900,19.09,78.3,687.1,296.83,391.55,355.3,1.59,195.0,77040.0
20210708:2000,19.52,73.15,536.45,186.19,359.95,347.95,1.93,203.0,76990.0
20210708:2100,18.53,75.55,374.25,104.29,286.2,359.95,2.14,196.0,76940.0
20210708:2200,18.15,75.45,215.9,26.67,197.45,355.3,1.79,195.0,76900.0
20210708:2300,17.95,72.9,84.6,18.78,75.2,343.3,1.1,175.0,76950.0
20210709:0000,16.64,80.75,38.1,20.94,32.15,337.5,1.03,192.0,77000.0
20210709:0100,16.37,83.6,1.45,0.0,1.45,329.3,1.1,220.0,77050.0
20210709:0200,15.31,92.75,0.0,-0.0,0.0,331.1,0.97,199.0,77130.0
20210709:0300,14.7,92.7,0.0,-0.0,0.0,330.95,0.97,200.0,77190.0
20210709:0400,14.73,92.7,0.0,-0.0,0.0,339.05,0.76,168.0,77230.0
20210709:0500,14.35,92.7,0.0,-0.0,0.0,322.8,0.76,166.0,77250.0
20210709:0600,13.55,92.65,0.0,-0.0,0.0,323.55,0.97,183.0,77250.0
20210709:0700,12.86,95.95,0.0,-0.0,0.0,331.9,1.24,184.0,77200.0
20210709:0800,12.91,95.95,0.0,-0.0,0.0,341.0,1.17,175.0,77170.0
20210709:0900,13.12,99.4,0.0,-0.0,0.0,353.4,1.17,180.0,77150.0
20210709:1000,13.4,99.4,0.0,-0.0,0.0,362.5,1.03,191.0,77110.0
20210709:1100,13.38,95.95,0.0,-0.0,0.0,358.4,1.03,202.0,77130.0
20210709:1200,13.44,95.95,0.0,-0.0,0.0,362.1,1.03,202.0,77150.0
20210709:1300,13.67,99.4,122.7,103.39,102.5,357.85,1.1,202.0,77190.0
20210709:1400,14.54,96.0,300.8,237.6,201.45,348.15,0.9,188.0,77240.0
20210709:1500,16.32,86.55,495.65,362.4,270.6,342.15,0.55,190.0,77270.0
20210709:1600,17.92,80.9,580.3,317.87,329.15,341.2,0.41,174.0,77250.0
20210709:1700,18.84,75.65,699.5,435.13,301.8,349.5,0.41,150.0,77270.0
20210709:1800,19.84,75.75,870.0,580.76,298.45,339.65,0.41,194.0,77230.0
20210709:1900,21.27,68.5,791.7,414.98,378.45,328.8,1.31,168.0,77170.0
20210709:2000,21.22,70.9,606.25,247.67,371.4,353.55,1.17,168.0,77120.0
20210709:2100,19.92,70.7,503.9,244.01,297.8,366.55,1.66,152.0,77090.0
20210709:2200,19.53,75.7,332.85,187.64,203.0,356.65,1.52,191.0,77080.0
20210709:2300,18.49,78.25,184.7,107.72,130.75,342.75,1.24,207.0,77080.0
20210710:0000,17.09,83.65,59.8,80.76,36.85,333.05,0.9,230.0,77140.0
20210710:0100,16.18,92.75,1.95,2.65,1.8,324.65,0.55,289.0,77210.0
20210710:0200,15.1,99.4,0.0,-0.0,0.0,317.2,0.41,318.0,77280.0
20210710:0300,13.97,96.0,0.0,-0.0,0.0,318.35,0.69,292.0,77340.0
20210710:0400,14.22,96.0,0.0,-0.0,0.0,328.6,0.41,274.0,77410.0
20210710:0500,13.86,92.7,0.0,-0.0,0.0,334.8,0.76,196.0,77440.0
20210710:0600,13.92,96.0,0.0,-0.0,0.0,363.25,0.69,186.0,77420.0
20210710:0700,13.68,99.4,0.0,-0.0,0.0,343.3,0.62,38.0,77340.0
20210710:0800,14.09,99.35,0.0,-0.0,0.0,360.55,0.28,133.0,77290.0
20210710:0900,14.08,99.35,0.0,-0.0,0.0,365.95,0.76,173.0,77260.0
20210710:1000,14.05,96.0,0.0,-0.0,0.0,365.95,1.03,182.0,77260.0
20210710:1100,13.85,96.0,0.0,-0.0,0.0,358.8,0.83,176.0,77280.0
20210710:1200,13.86,96.0,0.0,-0.0,0.0,361.5,0.55,136.0,77270.0
20210710:1300,14.19,99.35,183.6,401.59,105.6,363.65,0.83,111.0,77310.0
20210710:1400,14.99,92.7,402.25,578.72,160.8,317.55,0.9,122.0,77320.0
20210710:1500,16.73,80.75,626.75,777.19,144.65,311.75,1.45,155.0,77320.0
20210710:1600,18.28,70.35,822.0,827.68,168.4,300.55,1.24,170.0,77290.0
20210710:1700,19.63,59.25,910.7,759.6,216.6,309.05,1.03,168.0,77250.0
20210710:1800,20.36,53.5,876.35,637.97,248.5,306.75,0.83,151.0,77220.0
20210710:1900,21.23,49.95,831.6,655.73,178.5,315.45,0.55,65.0,77210.0
20210710:2000,21.73,50.05,808.95,640.54,201.4,321.45,0.34,41.0,77160.0
20210710:2100,21.42,51.9,615.15,573.14,130.9,335.4,0.07,278.0,77090.0
20210710:2200,20.06,61.5,453.1,471.19,126.9,315.85,0.62,153.0,77070.0
20210710:2300,19.37,65.85,212.95,224.03,100.7,340.6,0.97,116.0,77070.0
20210711:0000,18.01,72.9,70.3,105.22,40.4,335.75,1.17,120.0,77060.0
20210711:0100,17.01,80.8,1.5,0.89,1.45,323.7,0.83,181.0,77150.0
20210711:0200,15.86,86.5,0.0,-0.0,0.0,330.95,0.9,257.0,77230.0
20210711:0300,14.76,96.0,0.0,-0.0,0.0,320.5,0.55,281.0,77290.0
20210711:0400,14.69,89.5,0.0,-0.0,0.0,324.95,0.34,249.0,77340.0
20210711:0500,14.24,86.4,0.0,-0.0,0.0,329.0,0.07,43.0,77380.0
20210711:0600,13.96,89.5,0.0,-0.0,0.0,325.5,0.55,27.0,77370.0
20210711:0700,13.21,95.95,0.0,-0.0,0.0,338.1,0.9,359.0,77300.0
20210711:0800,13.45,92.65,0.0,-0.0,0.0,316.05,0.69,346.0,77270.0
20210711:0900,12.78,95.95,0.0,-0.0,0.0,324.75,0.69,346.0,77210.0
20210711:1000,13.31,95.95,0.0,-0.0,0.0,348.75,0.48,343.0,77200.0
20210711:1100,13.78,92.7,0.0,-0.0,0.0,364.6,0.28,335.0,77170.0
20210711:1200,13.77,92.7,0.0,-0.0,0.0,352.4,0.34,347.0,77190.0
20210711:1300,13.85,92.7,131.75,244.99,84.45,359.75,0.48,47.0,77210.0
20210711:1400,14.17,92.7,412.35,733.14,107.15,346.8,0.97,64.0,77250.0
20210711:1500,15.1,89.5,618.15,805.31,119.15,302.85,1.03,61.0,77260.0
20210711:1600,17.11,72.7,858.45,924.48,128.8,296.1,0.83,46.0,77220.0
20210711:1700,18.9,61.3,810.9,742.63,132.45,298.6,0.83,57.0,77200.0
20210711:1800,19.78,55.2,922.95,773.97,161.25,315.85,0.69,47.0,77170.0
20210711:1900,20.53,51.65,949.7,812.04,140.8,305.55,1.24,22.0,77160.0
20210711:2000,20.65,49.8,923.9,821.4,144.6,303.45,1.31,19.0,77090.0
20210711:2100,21.38,44.95,591.55,524.2,148.5,307.1,0.48,61.0,77030.0
20210711:2200,20.86,46.5,422.15,363.52,170.4,321.25,0.14,97.0,76970.0
20210711:2300,20.16,49.7,245.05,300.99,94.2,327.05,0.76,118.0,76940.0
20210712:0000,18.87,59.15,77.0,147.66,35.05,330.75,1.03,181.0,76970.0
20210712:0100,16.93,75.3,1.3,1.79,1.2,334.15,0.83,207.0,77050.0
20210712:0200,15.51,89.55,0.0,-0.0,0.0,331.7,0.83,216.0,77140.0
20210712:0300,14.69,96.0,0.0,-0.0,0.0,327.45,0.83,225.0,77220.0
20210712:0400,13.73,92.65,0.0,-0.0,0.0,324.55,0.83,224.0,77270.0
20210712:0500,13.2,95.95,0.0,-0.0,0.0,328.05,1.03,202.0,77330.0
20210712:0600,13.18,95.95,0.0,-0.0,0.0,331.7,0.9,204.0,77320.0
20210712:0700,12.81,92.65,0.0,-0.0,0.0,321.05,1.1,212.0,77260.0
20210712:0800,12.55,92.6,0.0,-0.0,0.0,322.4,0.97,213.0,77210.0
20210712:0900,12.63,95.95,0.0,-0.0,0.0,305.0,0.69,207.0,77240.0
20210712:1000,12.06,95.95,0.0,-0.0,0.0,284.5,0.55,174.0,77220.0
20210712:1100,11.51,99.4,0.0,-0.0,0.0,281.6,0.34,130.0,77240.0
20210712:1200,10.93,99.35,0.0,-0.0,0.0,291.65,0.34,94.0,77230.0
20210712:1300,11.26,95.9,182.1,285.81,127.25,305.2,0.41,82.0,77270.0
20210712:1400,13.53,92.65,432.15,635.94,168.0,321.65,0.34,56.0,77290.0
20210712:1500,15.28,80.6,647.85,735.74,192.45,299.0,0.28,3.0,77300.0
20210712:1600,17.0,67.75,857.4,843.97,191.65,297.05,0.55,50.0,77280.0
20210712:1700,18.77,59.05,948.8,834.53,186.55,296.65,0.55,57.0,77270.0
20210712:1800,19.89,51.5,980.95,659.45,331.95,298.8,0.69,72.0,77230.0
20210712:1900,20.85,48.2,890.95,537.45,355.5,311.75,0.48,64.0,77230.0
20210712:2000,21.02,46.5,840.9,565.19,304.55,318.95,0.41,81.0,77160.0
20210712:2100,21.11,46.5,649.85,476.73,246.8,321.65,0.41,96.0,77100.0
20210712:2200,20.89,43.25,422.65,406.07,141.35,323.0,0.21,208.0,77060.0
20210712:2300,20.38,44.7,251.75,261.24,120.8,319.1,0.76,235.0,77030.0
20210713:0000,19.3,51.25,89.0,167.45,41.45,332.65,0.34,241.0,77090.0
20210713:0100,18.09,56.85,2.0,3.59,1.8,318.25,0.34,298.0,77150.0
20210713:0200,16.95,63.05,0.0,-0.0,0.0,321.05,0.48,306.0,77210.0
20210713:0300,16.43,65.25,0.0,-0.0,0.0,326.65,0.07,157.0,77290.0
20210713:0400,15.77,72.45,0.0,-0.0,0.0,314.85,0.21,23.0,77320.0
20210713:0500,15.01,77.75,0.0,-0.0,0.0,315.05,0.83,9.0,77360.0
20210713:0600,13.91,83.4,0.0,-0.0,0.0,329.55,1.03,1.0,77330.0
20210713:0700,13.76,89.5,0.0,-0.0,0.0,346.6,0.76,9.0,77320.0
20210713:0800,13.59,95.95,0.0,-0.0,0.0,349.7,0.76,353.0,77260.0
20210713:0900,13.37,95.95,0.0,-0.0,0.0,346.4,0.83,354.0,77230.0
20210713:1000,13.08,95.95,0.0,-0.0,0.0,339.85,0.83,4.0,77250.0
20210713:1100,12.5,95.95,0.0,-0.0,0.0,331.7,0.83,22.0,77260.0
20210713:1200,12.58,99.4,0.0,-0.0,0.0,344.5,0.9,13.0,77290.0
20210713:1300,12.92,95.95,151.5,284.94,97.15,333.45,1.17,17.0,77340.0
20210713:1400,14.1,89.5,376.55,626.86,116.75,338.65,1.52,24.0,77370.0
20210713:1500,15.48,83.5,641.8,798.96,147.8,315.25,1.59,23.0,77370.0
20210713:1600,17.02,75.3,781.65,795.26,154.65,301.7,1.38,23.0,77360.0
20210713:1700,18.39,65.65,791.45,672.52,177.3,324.15,1.1,22.0,77350.0
20210713:1800,19.32,63.6,817.15,587.1,239.35,324.75,0.97,2.0,77330.0
20210713:1900,20.27,70.7,766.9,563.36,205.55,332.65,0.69,26.0,77290.0
20210713:2000,20.44,70.8,545.65,302.1,258.9,337.7,1.03,23.0,77190.0
20210713:2100,18.89,70.55,334.2,72.96,272.5,351.05,0.34,89.0,77170.0
20210713:2200,17.31,72.8,69.5,12.92,60.55,340.4,0.69,208.0,77260.0
20210713:2300,16.31,80.75,51.45,19.55,41.65,348.15,0.34,197.0,77260.0
20210714:0000,16.05,83.55,41.15,17.79,36.1,341.55,0.69,148.0,77290.0
20210714:0100,15.31,86.5,1.85,0.0,1.85,331.05,0.28,205.0,77300.0
20210714:0200,14.88,89.5,0.0,-0.0,0.0,316.8,0.48,13.0,77370.0
20210714:0300,14.32,89.5,0.0,-0.0,0.0,298.8,0.69,17.0,77430.0
20210714:0400,13.0,92.65,0.0,-0.0,0.0,303.85,0.76,41.0,77480.0
20210714:0500,12.01,95.95,0.0,-0.0,0.0,316.6,0.69,54.0,77560.0
20210714:0600,11.72,99.4,0.0,-0.0,0.0,316.8,0.55,63.0,77580.0
20210714:0700,10.23,95.9,0.0,-0.0,0.0,305.2,0.76,1.0,77520.0
20210714:0800,10.23,95.9,0.0,-0.0,0.0,321.45,0.76,3.0,77470.0
20210714:0900,10.33,99.4,0.0,-0.0,0.0,324.95,0.83,6.0,77440.0
20210714:1000,10.93,99.35,0.0,-0.0,0.0,343.3,1.17,11.0,77410.0
20210714:1100,11.23,99.35,0.0,-0.0,0.0,351.65,1.66,16.0,77380.0
20210714:1200,11.0,99.35,0.0,-0.0,0.0,332.3,1.45,18.0,77400.0
20210714:1300,11.24,95.9,166.3,350.79,99.8,332.3,1.66,11.0,77420.0
20210714:1400,11.89,92.6,433.95,740.45,127.75,331.3,1.93,6.0,77480.0
20210714:1500,13.72,80.4,703.55,967.21,106.15,298.8,2.07,7.0,77480.0
20210714:1600,15.84,70.0,887.7,985.12,111.4,298.8,2.07,17.0,77470.0
20210714:1700,17.76,58.8,929.55,782.72,214.9,296.5,2.0,29.0,77460.0
20210714:1800,19.31,53.15,955.95,784.72,183.65,318.55,1.79,32.0,77390.0
20210714:1900,20.31,51.5,758.45,538.6,221.7,309.25,1.66,24.0,77340.0
20210714:2000,20.57,48.05,661.95,549.71,140.05,322.6,1.52,26.0,77270.0
20210714:2100,20.28,49.7,489.75,361.81,183.7,335.55,1.59,30.0,77230.0
20210714:2200,20.23,49.7,309.95,222.64,155.65,338.5,1.72,51.0,77200.0
20210714:2300,19.24,53.15,80.2,19.05,70.65,353.4,2.0,44.0,77210.0
20210715:0000,17.67,63.2,36.75,21.16,30.75,366.15,1.59,42.0,77250.0
20210715:0100,16.83,67.75,0.9,0.0,0.9,358.5,1.31,39.0,77310.0
20210715:0200,16.11,75.15,0.0,-0.0,0.0,353.4,1.17,31.0,77360.0
20210715:0300,15.2,86.45,0.0,-0.0,0.0,342.95,1.17,9.0,77410.0
20210715:0400,14.37,89.5,0.0,-0.0,0.0,337.1,1.38,17.0,77460.0
20210715:0500,13.31,89.45,0.0,-0.0,0.0,318.55,1.24,15.0,77510.0
20210715:0600,12.32,92.6,0.0,-0.0,0.0,317.95,1.38,9.0,77490.0
20210715:0700,12.08,99.4,0.0,-0.0,0.0,322.2,1.31,7.0,77450.0
20210715:0800,12.6,95.95,0.0,-0.0,0.0,347.95,1.17,17.0,77400.0
20210715:0900,12.6,95.95,0.0,-0.0,0.0,343.7,1.17,14.0,77370.0
20210715:1000,12.64,99.4,0.0,-0.0,0.0,346.6,1.24,10.0,77360.0
20210715:1100,12.62,99.4,0.0,-0.0,0.0,346.6,1.31,11.0,77360.0
20210715:1200,12.51,95.95,0.0,-0.0,0.0,346.2,1.24,13.0,77370.0
20210715:1300,12.69,95.95,155.65,285.04,101.95,346.8,1.38,12.0,77410.0
20210715:1400,13.3,89.45,314.65,316.64,184.0,324.95,1.45,10.0,77430.0
20210715:1500,14.77,83.45,393.15,272.44,225.05,330.95,1.38,12.0,77420.0
20210715:1600,16.13,77.85,543.65,320.07,291.55,332.1,1.31,17.0,77420.0
20210715:1700,17.33,72.8,632.15,417.04,251.45,351.65,1.03,16.0,77390.0
20210715:1800,18.34,70.45,484.3,112.94,373.15,341.95,0.83,18.0,77350.0
20210715:1900,18.66,70.45,516.5,177.43,339.65,365.2,1.79,33.0,77250.0
20210715:2000,18.8,72.95,286.45,59.5,229.95,356.85,0.76,83.0,77240.0
20210715:2100,17.59,78.1,264.95,50.47,222.25,358.0,0.41,71.0,77220.0
20210715:2200,16.86,80.8,134.75,20.77,120.35,344.3,1.38,213.0,77180.0
20210715:2300,15.8,86.5,97.4,14.36,90.2,358.2,0.9,239.0,77190.0
20210716:0000,15.25,92.7,30.9,5.83,29.25,339.05,0.41,240.0,77220.0
20210716:0100,15.09,96.0,0.6,0.0,0.6,342.25,0.41,194.0,77260.0
20210716:0200,14.52,99.35,0.0,-0.0,0.0,347.95,0.62,184.0,77320.0
20210716:0300,14.11,96.0,0.0,-0.0,0.0,350.3,0.76,211.0,77360.0
20210716:0400,13.86,96.0,0.0,-0.0,0.0,348.95,0.97,203.0,77410.0
20210716:0500,12.88,92.65,0.0,-0.0,0.0,321.05,1.31,182.0,77440.0
20210716:0600,13.2,95.95,0.0,-0.0,0.0,349.9,1.38,170.0,77410.0
20210716:0700,13.26,89.45,0.0,-0.0,0.0,349.7,1.52,182.0,77390.0
20210716:0800,13.27,92.65,0.0,-0.0,0.0,359.75,1.38,186.0,77340.0
20210716:0900,13.36,95.95,0.0,-0.0,0.0,361.3,1.24,187.0,77320.0
20210716:1000,13.36,95.95,0.0,-0.0,0.0,357.25,1.24,192.0,77280.0
20210716:1100,13.29,92.65,0.0,-0.0,0.0,355.1,1.1,192.0,77280.0
20210716:1200,13.0,95.95,0.0,-0.0,0.0,346.8,0.97,181.0,77320.0
20210716:1300,12.95,95.95,94.25,58.22,83.35,332.3,0.69,174.0,77340.0
20210716:1400,13.89,92.7,218.2,124.97,166.75,329.0,0.69,180.0,77370.0
20210716:1500,14.98,89.5,391.55,228.84,250.5,326.5,0.62,190.0,77380.0
20210716:1600,16.12,80.65,634.7,327.53,376.85,325.9,0.69,213.0,77380.0
20210716:1700,17.75,70.3,799.05,564.15,284.15,332.85,0.97,197.0,77360.0
20210716:1800,18.99,59.15,1055.85,969.52,101.65,326.5,1.31,178.0,77340.0
20210716:1900,20.84,48.2,978.75,859.92,121.55,295.7,1.52,175.0,77300.0
20210716:2000,21.0,46.5,757.65,617.04,171.6,312.15,1.38,169.0,77260.0
20210716:2100,20.78,48.05,654.15,565.34,175.75,307.7,1.86,178.0,77230.0
20210716:2200,20.54,48.05,397.15,345.06,157.95,323.2,2.0,178.0,77170.0
20210716:2300,19.68,51.4,218.7,196.53,120.2,324.35,1.79,193.0,77160.0
20210717:0000,18.7,54.95,59.1,35.88,48.95,325.3,1.66,198.0,77210.0
20210717:0100,17.24,65.35,1.5,0.0,1.5,321.15,1.45,193.0,77240.0
20210717:0200,15.78,77.8,0.0,-0.0,0.0,318.35,0.62,179.0,77340.0
20210717:0300,15.57,75.1,0.0,-0.0,0.0,328.2,0.62,175.0,77370.0
20210717:0400,15.36,75.1,0.0,-0.0,0.0,317.2,0.62,175.0,77420.0
20210717:0500,15.09,77.75,0.0,-0.0,0.0,318.15,0.62,165.0,77420.0
20210717:0600,14.69,80.45,0.0,-0.0,0.0,313.1,0.62,163.0,77410.0
20210717:0700,14.63,77.65,0.0,-0.0,0.0,305.95,0.83,165.0,77340.0
20210717:0800,14.27,77.65,0.0,-0.0,0.0,297.45,0.69,172.0,77320.0
20210717:0900,13.76,77.65,0.0,-0.0,0.0,287.75,0.69,172.0,77290.0
20210717:1000,13.17,83.25,0.0,-0.0,0.0,279.65,0.34,146.0,77270.0
20210717:1100,12.52,86.25,0.0,-0.0,0.0,280.6,0.28,47.0,77310.0
20210717:1200,12.07,89.35,0.0,-0.0,0.0,281.95,0.69,27.0,77330.0
20210717:1300,12.4,86.25,189.25,317.93,130.1,294.35,0.83,18.0,77360.0
20210717:1400,14.53,86.4,386.3,459.95,197.35,297.85,1.03,3.0,77370.0
20210717:1500,16.44,75.25,585.8,537.73,254.7,297.25,1.24,5.0,77390.0
20210717:1600,17.73,70.3,739.95,557.27,301.45,300.35,1.38,12.0,77380.0
20210717:1700,18.84,61.3,782.4,470.66,352.9,313.5,1.66,16.0,77350.0
20210717:1800,19.75,57.2,735.7,346.17,395.0,331.5,1.52,15.0,77320.0
20210717:1900,20.27,53.35,681.7,282.26,400.3,335.95,1.38,18.0,77300.0
20210717:2000,20.21,53.35,662.7,264.44,411.5,329.55,1.38,19.0,77240.0
20210717:2100,20.66,51.65,481.15,209.19,304.1,342.15,1.38,23.0,77210.0
20210717:2200,20.55,48.05,386.7,295.28,182.0,338.3,1.45,18.0,77170.0
20210717:2300,20.58,48.05,209.8,190.49,114.35,330.35,1.52,27.0,77150.0
20210718:0000,19.95,47.9,82.55,156.46,38.35,336.15,1.31,37.0,77160.0
20210718:0100,18.34,70.45,2.2,8.5,1.75,324.65,0.83,9.0,77200.0
20210718:0200,17.32,60.95,0.0,-0.0,0.0,312.75,0.83,336.0,77240.0
20210718:0300,16.44,65.25,0.0,-0.0,0.0,301.3,0.69,337.0,77310.0
20210718:0400,15.28,69.9,0.0,-0.0,0.0,294.95,0.97,329.0,77370.0
20210718:0500,14.31,77.65,0.0,-0.0,0.0,308.1,0.83,1.0,77440.0
20210718:0600,13.39,80.4,0.0,-0.0,0.0,295.1,0.9,9.0,77450.0
20210718:0700,11.71,95.9,0.0,-0.0,0.0,310.4,1.24,356.0,77410.0
20210718:0800,10.93,95.9,0.0,-0.0,0.0,301.1,1.24,350.0,77360.0
20210718:0900,10.54,99.4,0.0,-0.0,0.0,289.3,1.17,350.0,77340.0
20210718:1000,10.31,99.4,0.0,-0.0,0.0,312.55,1.03,353.0,77340.0
20210718:1100,10.31,99.4,0.0,-0.0,0.0,322.05,1.03,4.0,77360.0
20210718:1200,10.36,99.4,0.0,-0.0,0.0,331.9,1.24,13.0,77380.0
20210718:1300,11.05,99.35,158.65,262.62,110.1,329.75,1.52,10.0,77420.0
20210718:1400,12.05,99.4,372.7,454.74,186.3,339.05,1.45,6.0,77450.0
20210718:1500,13.86,86.4,660.45,844.88,140.75,336.55,1.52,358.0,77450.0
20210718:1600,16.56,72.65,879.7,958.92,125.5,302.65,1.38,7.0,77400.0
20210718:1700,18.33,63.4,939.75,851.05,163.25,296.65,1.38,14.0,77360.0
20210718:1800,19.53,57.2,954.45,852.04,115.85,304.2,1.45,16.0,77330.0
20210718:1900,21.1,55.55,927.8,705.21,224.65,311.95,1.66,356.0,77270.0
20210718:2000,21.77,55.65,631.1,398.12,252.85,320.65,1.72,356.0,77180.0
20210718:2100,21.04,57.55,408.85,185.24,252.05,338.3,1.93,2.0,77120.0
20210718:2200,18.11,67.95,240.05,104.22,167.8,354.55,2.14,39.0,77210.0
20210718:2300,16.45,80.75,128.6,109.21,73.9,340.4,0.9,63.0,77250.0
20210719:0000,16.22,83.55,76.0,126.41,40.35,331.3,0.41,225.0,77290.0
20210719:0100,16.05,83.55,1.8,2.87,1.65,319.6,0.9,316.0,77340.0
20210719:0200,14.3,92.7,0.0,-0.0,0.0,315.05,0.9,43.0,77400.0
20210719:0300,13.75,95.95,0.0,-0.0,0.0,337.1,0.55,107.0,77480.0
20210719:0400,13.39,95.95,0.0,-0.0,0.0,330.15,0.21,99.0,77510.0
20210719:0500,13.28,92.65,0.0,-0.0,0.0,325.7,0.14,329.0,77520.0
20210719:0600,12.65,92.6,0.0,-0.0,0.0,303.25,0.34,348.0,77520.0
20210719:0700,11.34,95.9,0.0,-0.0,0.0,332.5,0.07,359.0,77490.0
20210719:0800,11.53,95.9,0.0,-0.0,0.0,329.75,0.07,38.0,77430.0
20210719:0900,10.9,99.35,0.0,-0.0,0.0,328.2,0.07,107.0,77400.0
20210719:1000,10.64,99.4,0.0,-0.0,0.0,328.2,0.21,40.0,77390.0
20210719:1100,10.23,95.9,0.0,-0.0,0.0,323.55,0.48,22.0,77400.0
20210719:1200,10.31,99.4,0.0,-0.0,0.0,331.9,0.55,9.0,77420.0
20210719:1300,11.2,99.35,165.9,262.93,117.6,341.75,0.9,8.0,77460.0
20210719:1400,12.28,95.95,344.15,283.97,228.0,332.85,1.17,3.0,77500.0
20210719:1500,13.96,89.5,510.3,491.05,208.55,348.35,1.31,359.0,77490.0
20210719:1600,16.26,77.85,830.3,900.4,122.45,340.2,1.24,5.0,77480.0
20210719:1700,18.23,65.55,955.4,933.12,104.15,304.05,0.83,30.0,77430.0
20210719:1800,19.64,57.2,1047.5,955.56,107.0,307.3,0.62,78.0,77370.0
20210719:1900,21.1,49.95,1039.75,918.49,123.85,300.55,0.62,187.0,77330.0
20210719:2000,21.47,50.05,813.55,746.47,104.25,300.75,0.62,189.0,77250.0
20210719:2100,21.34,48.3,733.15,672.69,163.7,311.75,0.55,175.0,77220.0
20210719:2200,21.24,48.2,496.1,545.96,117.65,312.95,0.48,150.0,77190.0
20210719:2300,20.84,46.5,290.4,454.02,63.1,305.0,0.48,106.0,77160.0
20210720:0000,20.23,51.5,87.15,177.98,37.05,317.95,0.14,228.0,77190.0
20210720:0100,18.37,63.4,2.0,6.81,1.65,310.35,0.34,270.0,77270.0
20210720:0200,16.82,75.3,0.0,-0.0,0.0,314.5,0.83,303.0,77350.0
20210720:0300,15.58,80.6,0.0,-0.0,0.0,315.05,1.1,310.0,77380.0
20210720:0400,15.78,77.8,0.0,-0.0,0.0,311.55,0.9,317.0,77420.0
20210720:0500,15.64,80.6,0.0,-0.0,0.0,329.2,0.69,298.0,77450.0
20210720:0600,15.03,83.45,0.0,-0.0,0.0,327.25,0.83,296.0,77430.0
20210720:0700,14.48,89.5,0.0,-0.0,0.0,336.35,0.41,347.0,77420.0
20210720:0800,13.86,86.4,0.0,-0.0,0.0,323.2,0.55,359.0,77350.0
20210720:0900,13.33,89.45,0.0,-0.0,0.0,312.75,0.76,14.0,77290.0
20210720:1000,12.72,95.95,0.0,-0.0,0.0,318.15,0.83,23.0,77280.0
20210720:1100,12.67,99.4,0.0,-0.0,0.0,308.1,0.62,18.0,77270.0
20210720:1200,12.38,99.4,0.0,-0.0,0.0,302.5,0.48,2.0,77280.0
20210720:1300,12.64,99.4,194.3,412.54,119.0,294.75,0.48,357.0,77300.0
20210720:1400,14.63,92.7,445.6,742.52,142.55,322.05,0.76,339.0,77320.0
20210720:1500,16.59,80.75,660.75,806.97,165.35,308.65,0.69,318.0,77310.0
20210720:1600,18.43,70.45,817.4,837.36,159.4,325.5,0.76,332.0,77290.0
20210720:1700,19.71,63.6,901.25,796.71,174.55,316.6,0.83,345.0,77250.0
20210720:1800,20.85,59.6,860.2,624.69,245.35,312.15,1.03,346.0,77210.0
20210720:1900,22.25,57.75,696.65,387.8,309.9,334.0,0.9,342.0,77150.0
20210720:2000,21.89,57.75,592.1,335.47,273.3,350.65,1.1,349.0,77060.0
20210720:2100,21.62,61.85,286.7,98.16,203.6,362.3,0.62,31.0,76990.0
20210720:2200,18.3,78.15,138.75,56.99,99.25,347.4,1.79,49.0,77100.0
20210720:2300,16.71,89.65,107.7,37.17,89.1,335.95,0.76,344.0,77120.0
20210721:0000,16.26,89.6,48.1,30.26,39.6,343.1,0.28,290.0,77120.0
20210721:0100,15.64,96.0,0.8,0.0,0.8,331.6,0.69,255.0,77180.0
20210721:0200,15.15,99.4,0.0,-0.0,0.0,337.9,0.62,322.0,77190.0
20210721:0300,14.43,99.35,0.0,-0.0,0.0,314.3,0.69,27.0,77250.0
20210721:0400,14.07,96.0,0.0,-0.0,0.0,303.65,0.48,347.0,77280.0
20210721:0500,13.38,95.95,0.0,-0.0,0.0,318.35,0.55,8.0,77320.0
20210721:0600,13.1,99.4,0.0,-0.0,0.0,325.9,0.34,34.0,77310.0
20210721:0700,12.78,92.65,0.0,-0.0,0.0,322.2,0.69,79.0,77270.0
20210721:0800,11.44,99.4,0.0,-0.0,0.0,312.95,0.97,106.0,77230.0
20210721:0900,11.86,95.95,0.0,-0.0,0.0,314.1,0.62,95.0,77180.0
20210721:1000,11.09,99.35,0.0,-0.0,0.0,325.7,0.48,108.0,77160.0
20210721:1100,10.65,99.4,0.0,-0.0,0.0,331.9,0.55,131.0,77210.0
20210721:1200,10.04,99.4,0.0,-0.0,0.0,338.1,0.62,136.0,77300.0
20210721:1300,10.84,95.9,176.05,244.27,131.75,330.75,0.48,117.0,77320.0
20210721:1400,14.03,92.7,366.4,345.11,225.85,337.5,0.41,95.0,77310.0
20210721:1500,15.56,86.5,610.35,635.41,220.65,344.65,0.21,149.0,77330.0
20210721:1600,17.57,72.8,731.1,681.7,195.65,324.55,0.14,172.0,77320.0
20210721:1700,19.05,65.75,909.3,730.44,243.15,324.75,0.0,47.0,77300.0
20210721:1800,20.01,63.7,989.95,749.39,252.35,319.5,0.48,3.0,77260.0
20210721:1900,21.71,61.85,871.95,626.9,246.7,320.85,0.48,352.0,77200.0
20210721:2000,21.63,64.0,758.5,544.08,241.4,324.55,0.41,63.0,77090.0
20210721:2100,21.74,66.25,553.0,426.37,192.05,356.5,0.34,32.0,77020.0
20210721:2200,19.53,75.7,328.85,210.48,183.0,345.65,0.76,303.0,77100.0
20210721:2300,17.79,83.7,119.5,38.2,100.4,348.35,1.79,346.0,77140.0
20210722:0000,16.84,83.65,33.85,22.48,27.55,351.45,1.66,349.0,77190.0
20210722:0100,15.68,96.0,0.6,0.0,0.6,351.75,1.03,332.0,77250.0
20210722:0200,15.25,96.0,0.0,-0.0,0.0,352.2,1.03,311.0,77290.0
20210722:0300,14.52,96.0,0.0,-0.0,0.0,334.6,0.41,253.0,77400.0
20210722:0400,14.8,83.45,0.0,-0.0,0.0,342.35,0.34,243.0,77450.0
20210722:0500,14.38,86.4,0.0,-0.0,0.0,336.55,0.14,319.0,77480.0
20210722:0600,13.72,95.95,0.0,-0.0,0.0,350.85,0.69,322.0,77490.0
20210722:0700,13.63,92.65,0.0,-0.0,0.0,333.45,0.28,291.0,77480.0
20210722:0800,13.58,92.65,0.0,-0.0,0.0,336.15,0.21,234.0,77450.0
20210722:0900,13.38,92.65,0.0,-0.0,0.0,326.85,0.21,87.0,77390.0
20210722:1000,12.87,95.95,0.0,-0.0,0.0,295.1,0.55,42.0,77360.0
20210722:1100,11.92,99.4,0.0,-0.0,0.0,300.95,0.62,10.0,77390.0
20210722:1200,11.42,99.4,0.0,-0.0,0.0,331.7,0.41,20.0,77440.0
20210722:1300,11.7,99.4,157.9,187.85,124.05,337.3,0.69,47.0,77480.0
20210722:1400,13.62,95.95,375.65,507.39,169.45,336.95,1.24,34.0,77510.0
20210722:1500,15.08,86.45,610.85,758.17,146.3,337.1,1.31,30.0,77500.0
20210722:1600,17.38,70.3,736.2,759.69,139.75,310.6,1.17,25.0,77500.0
20210722:1700,18.65,63.4,866.3,760.59,172.75,313.7,1.1,31.0,77490.0
20210722:1800,19.71,59.25,815.2,582.61,241.75,328.4,1.17,42.0,77470.0
20210722:1900,20.34,57.45,825.4,645.65,181.4,334.6,0.76,21.0,77490.0
20210722:2000,20.54,61.6,761.1,548.47,239.8,332.85,0.62,14.0,77420.0
20210722:2100,20.6,61.6,582.15,434.35,214.45,341.75,0.97,42.0,77350.0
20210722:2200,20.53,61.6,465.45,407.78,182.95,346.4,1.38,38.0,77290.0
20210722:2300,20.32,61.5,211.4,212.76,105.1,338.65,0.21,119.0,77310.0
20210723:0000,18.55,72.95,62.05,91.41,36.5,340.2,0.21,177.0,77340.0
20210723:0100,17.73,80.85,1.0,2.06,0.9,324.25,0.97,262.0,77420.0
20210723:0200,15.68,92.75,0.0,-0.0,0.0,313.9,0.55,273.0,77520.0
20210723:0300,15.28,89.55,0.0,-0.0,0.0,310.4,0.69,291.0,77560.0
20210723:0400,14.14,92.7,0.0,-0.0,0.0,324.95,0.83,322.0,77610.0
20210723:0500,13.66,92.65,0.0,-0.0,0.0,323.75,0.9,345.0,77670.0
20210723:0600,13.8,86.4,0.0,-0.0,0.0,307.1,0.62,0.0,77670.0
20210723:0700,13.76,92.65,0.0,-0.0,0.0,307.1,0.62,331.0,77670.0
20210723:0800,12.72,95.95,0.0,-0.0,0.0,338.5,1.03,351.0,77620.0
20210723:0900,12.4,95.95,0.0,-0.0,0.0,331.7,1.1,7.0,77560.0
20210723:1000,12.12,99.4,0.0,-0.0,0.0,326.65,1.1,26.0,77530.0
20210723:1100,12.11,99.4,0.0,-0.0,0.0,332.1,0.97,29.0,77540.0
20210723:1200,11.8,95.95,0.0,-0.0,0.0,325.5,1.03,30.0,77560.0
20210723:1300,12.12,99.4,218.05,773.28,79.6,319.1,1.03,26.0,77590.0
20210723:1400,14.07,89.5,397.3,687.11,118.65,310.8,1.17,26.0,77630.0
20210723:1500,15.52,80.6,615.1,760.76,149.4,310.8,0.9,26.0,77630.0
20210723:1600,17.27,70.2,833.9,909.27,120.3,310.6,0.62,56.0,77630.0
20210723:1700,18.83,59.15,774.8,568.86,256.15,301.5,0.76,114.0,77590.0
20210723:1800,19.58,55.2,727.1,514.24,220.95,319.1,0.69,140.0,77570.0
20210723:1900,20.28,51.5,693.5,405.06,289.45,341.55,0.62,116.0,77530.0
20210723:2000,20.67,49.8,522.15,413.94,128.7,335.2,0.55,141.0,77490.0
20210723:2100,20.62,48.05,594.25,484.41,184.2,329.75,0.62,141.0,77430.0
20210723:2200,20.71,48.05,375.3,353.62,130.4,317.4,0.83,152.0,77400.0
20210723:2300,20.26,49.7,241.9,314.03,85.15,330.15,1.17,190.0,77370.0
20210724:0000,19.61,53.25,86.95,186.02,35.1,329.0,1.66,206.0,77410.0
20210724:0100,17.72,65.45,1.3,4.21,1.1,312.65,1.52,225.0,77480.0
20210724:0200,16.31,72.65,0.0,-0.0,0.0,310.6,1.66,240.0,77530.0
20210724:0300,15.13,83.45,0.0,-0.0,0.0,320.1,1.24,242.0,77570.0
20210724:0400,15.0,80.55,0.0,-0.0,0.0,312.95,0.97,239.0,77620.0
20210724:0500,14.93,80.55,0.0,-0.0,0.0,284.85,0.69,234.0,77650.0
20210724:0600,14.52,83.4,0.0,-0.0,0.0,296.3,0.41,234.0,77650.0
20210724:0700,13.46,89.45,0.0,-0.0,0.0,286.05,0.48,235.0,77630.0
20210724:0800,13.0,92.65,0.0,-0.0,0.0,278.85,0.21,274.0,77580.0
20210724:0900,11.82,95.95,0.0,-0.0,0.0,276.35,0.34,356.0,77540.0
20210724:1000,10.85,95.9,0.0,-0.0,0.0,295.5,0.41,17.0,77500.0
20210724:1100,10.45,99.4,0.0,-0.0,0.0,301.1,0.41,27.0,77490.0
20210724:1200,10.1,99.4,0.0,-0.0,0.0,316.05,0.41,46.0,77510.0
20210724:1300,10.28,95.9,197.0,486.81,110.4,327.45,0.34,58.0,77550.0
20210724:1400,13.46,92.65,475.9,899.21,112.0,328.2,0.34,353.0,77560.0
20210724:1500,15.32,80.6,729.1,1038.53,93.95,297.25,0.9,331.0,77580.0
20210724:1600,17.49,67.85,909.8,1029.4,102.25,277.7,0.76,359.0,77570.0
20210724:1700,19.21,59.15,1018.75,1011.84,96.35,286.6,0.55,352.0,77550.0
20210724:1800,20.41,51.65,1081.75,997.79,99.65,291.65,0.69,354.0,77490.0
20210724:1900,21.68,50.05,954.35,848.03,108.4,292.6,1.17,1.0,77450.0
20210724:2000,22.25,48.45,866.5,691.56,209.15,304.4,1.03,2.0,77380.0
20210724:2100,22.14,48.45,691.45,644.49,145.95,319.5,0.9,6.0,77320.0
20210724:2200,21.86,48.45,531.7,632.69,93.7,324.95,0.14,331.0,77270.0
20210724:2300,21.53,48.3,281.2,400.18,81.65,325.9,0.41,336.0,77230.0
20210725:0000,20.24,55.3,65.95,152.4,23.6,311.4,0.9,296.0,77250.0
20210725:0100,18.23,67.95,1.05,0.0,1.05,324.85,1.52,250.0,77330.0
20210725:0200,16.54,77.95,0.0,-0.0,0.0,309.85,1.59,240.0,77400.0
20210725:0300,14.72,89.5,0.0,-0.0,0.0,297.45,1.1,221.0,77450.0
20210725:0400,15.42,80.6,0.0,-0.0,0.0,296.5,0.69,222.0,77510.0
20210725:0500,15.2,83.45,0.0,-0.0,0.0,312.95,0.48,269.0,77530.0
20210725:0600,14.63,86.4,0.0,-0.0,0.0,295.1,0.55,319.0,77520.0
20210725:0700,13.96,92.7,0.0,-0.0,0.0,288.35,0.07,114.0,77440.0
20210725:0800,13.55,95.95,0.0,-0.0,0.0,284.5,0.34,171.0,77430.0
20210725:0900,13.03,95.95,0.0,-0.0,0.0,279.25,0.34,157.0,77380.0
20210725:1000,12.58,95.95,0.0,-0.0,0.0,276.95,0.41,160.0,77350.0
20210725:1100,12.15,95.95,0.0,-0.0,0.0,271.5,0.34,151.0,77350.0
20210725:1200,11.8,95.95,0.0,-0.0,0.0,269.2,0.21,119.0,77350.0
20210725:1300,11.76,95.95,241.3,1002.55,64.1,269.0,0.21,86.0,77380.0
20210725:1400,14.79,92.7,476.6,960.87,88.55,286.05,0.07,33.0,77370.0
20210725:1500,16.85,75.3,698.25,935.54,126.6,287.0,0.55,330.0,77360.0
20210725:1600,18.55,68.05,889.65,994.86,109.5,291.05,0.76,354.0,77370.0
20210725:1700,20.2,61.5,958.25,871.77,163.65,292.6,1.24,0.0,77340.0
20210725:1800,21.17,59.6,1025.15,893.91,145.3,308.85,1.52,10.0,77300.0
20210725:1900,22.66,52.1,868.75,679.34,191.05,313.9,1.66,5.0,77250.0
20210725:2000,22.47,50.3,808.7,693.89,149.15,341.75,1.72,357.0,77170.0
20210725:2100,21.93,53.85,557.0,403.12,215.85,326.5,0.62,346.0,77100.0
20210725:2200,20.21,59.35,288.2,148.56,185.4,339.45,2.97,8.0,77100.0
20210725:2300,17.64,75.4,111.75,25.2,99.2,321.45,1.45,358.0,77170.0
20210726:0000,17.17,78.0,52.25,36.47,42.15,342.35,1.45,301.0,77180.0
20210726:0100,16.58,77.95,1.1,0.0,1.1,322.7,1.31,308.0,77180.0
20210726:0200,15.53,86.5,0.0,-0.0,0.0,315.85,0.97,293.0,77230.0
20210726:0300,14.8,83.45,0.0,-0.0,0.0,309.45,0.97,311.0,77310.0
20210726:0400,14.14,83.4,0.0,-0.0,0.0,309.45,1.1,348.0,77350.0
20210726:0500,13.11,86.3,0.0,-0.0,0.0,291.85,1.24,356.0,77390.0
20210726:0600,13.0,86.3,0.0,-0.0,0.0,299.4,1.1,353.0,77360.0
20210726:0700,11.14,99.35,0.0,-0.0,0.0,315.65,0.41,44.0,77330.0
20210726:0800,10.69,99.4,0.0,-0.0,0.0,319.9,0.41,60.0,77280.0
20210726:0900,10.56,99.4,0.0,-0.0,0.0,330.15,0.34,62.0,77250.0
20210726:1000,10.3,99.4,0.0,-0.0,0.0,322.8,0.34,45.0,77220.0
20210726:1100,10.27,95.9,0.0,-0.0,0.0,331.3,0.48,35.0,77240.0
20210726:1200,9.96,99.4,0.0,-0.0,0.0,318.55,0.48,30.0,77250.0
20210726:1300,10.46,95.9,190.65,465.22,108.95,313.5,0.41,38.0,77280.0
20210726:1400,13.32,92.65,393.65,501.33,191.6,318.75,0.28,0.0,77280.0
20210726:1500,15.31,86.5,666.9,821.14,165.6,335.4,0.28,6.0,77270.0
20210726:1600,17.36,72.8,847.8,920.62,126.15,310.6,0.48,5.0,77270.0
20210726:1700,19.21,63.5,851.2,705.04,208.65,308.1,0.34,355.0,77260.0
20210726:1800,20.06,55.3,922.05,755.85,178.1,320.1,0.28,44.0,77230.0
20210726:1900,21.39,59.7,798.95,604.2,196.2,315.65,0.41,63.0,77160.0
20210726:2000,21.5,61.85,773.55,636.47,168.6,324.15,1.03,62.0,77080.0
20210726:2100,21.11,63.9,374.1,230.35,179.2,330.55,0.28,80.0,77050.0
20210726:2200,18.4,70.45,308.4,180.02,183.9,346.4,0.97,184.0,77110.0
20210726:2300,18.18,72.9,135.6,24.62,123.35,322.4,1.17,210.0,77130.0
20210727:0000,17.92,75.45,55.65,50.73,41.65,321.05,0.9,214.0,77110.0
20210727:0100,17.43,80.85,1.1,0.0,1.1,320.8,0.55,238.0,77150.0
20210727:0200,16.35,86.55,0.0,-0.0,0.0,317.4,0.62,285.0,77200.0
20210727:0300,15.1,96.0,0.0,-0.0,0.0,314.65,0.97,316.0,77250.0
20210727:0400,13.58,86.35,0.0,-0.0,0.0,312.75,1.03,318.0,77340.0
20210727:0500,12.94,89.4,0.0,-0.0,0.0,308.3,1.03,325.0,77390.0
20210727:0600,12.14,92.6,0.0,-0.0,0.0,303.45,1.38,342.0,77340.0
20210727:0700,11.87,95.95,0.0,-0.0,0.0,305.95,1.1,352.0,77290.0
20210727:0800,11.57,99.4,0.0,-0.0,0.0,306.95,1.03,350.0,77260.0
20210727:0900,11.08,99.35,0.0,-0.0,0.0,307.7,1.03,341.0,77240.0
20210727:1000,10.93,99.35,0.0,-0.0,0.0,307.7,1.03,353.0,77220.0
20210727:1100,11.08,99.35,0.0,-0.0,0.0,328.4,0.97,0.0,77240.0
20210727:1200,10.79,99.35,0.0,-0.0,0.0,322.8,0.9,9.0,77260.0
20210727:1300,11.78,95.95,174.0,438.99,97.4,339.05,1.03,11.0,77310.0
20210727:1400,13.91,92.7,343.2,479.72,150.25,325.9,1.17,7.0,77320.0
20210727:1500,15.36,83.5,632.4,798.58,145.3,323.0,0.97,14.0,77320.0
20210727:1600,17.46,70.3,691.35,664.77,170.45,322.8,0.83,31.0,77300.0
20210727:1700,18.84,61.3,816.35,727.09,153.8,325.7,0.9,40.0,77290.0
20210727:1800,19.76,59.25,923.6,735.65,199.55,337.1,0.9,31.0,77250.0
20210727:1900,21.02,53.6,916.6,778.92,139.55,318.55,0.97,32.0,77220.0
20210727:2000,21.46,51.9,693.45,470.11,246.65,319.1,0.97,31.0,77150.0
20210727:2100,21.12,49.95,527.05,283.37,287.35,340.2,1.38,36.0,77100.0
20210727:2200,21.37,44.95,290.15,134.55,197.15,336.35,0.97,26.0,77070.0
20210727:2300,21.04,44.85,122.9,29.09,108.45,329.2,0.97,328.0,77070.0
20210728:0000,19.63,55.2,23.5,0.0,23.5,341.4,0.62,297.0,77090.0
20210728:0100,17.69,70.3,0.45,0.0,0.45,332.4,0.34,283.0,77150.0
20210728:0200,15.62,83.5,0.0,-0.0,0.0,324.35,1.1,314.0,77210.0
20210728:0300,14.39,83.4,0.0,-0.0,0.0,317.2,1.72,344.0,77260.0
20210728:0400,13.28,83.35,0.0,-0.0,0.0,305.2,1.93,348.0,77310.0
20210728:0500,12.39,89.4,0.0,-0.0,0.0,305.2,1.72,346.0,77360.0
20210728:0600,11.99,92.6,0.0,-0.0,0.0,302.65,1.45,338.0,77370.0
20210728:0700,12.51,95.95,0.0,-0.0,0.0,337.9,1.03,331.0,77320.0
20210728:0800,12.69,95.95,0.0,-0.0,0.0,311.95,0.69,355.0,77300.0
20210728:0900,12.13,99.4,0.0,-0.0,0.0,338.5,0.97,18.0,77270.0
20210728:1000,12.03,99.4,0.0,-0.0,0.0,324.15,0.83,4.0,77270.0
20210728:1100,12.56,99.4,0.0,-0.0,0.0,341.55,0.55,12.0,77290.0
20210728:1200,12.26,95.95,0.0,-0.0,0.0,345.05,0.55,7.0,77300.0
20210728:1300,12.59,99.4,111.6,145.06,86.45,342.75,0.69,21.0,77290.0
20210728:1400,13.83,92.7,211.85,182.48,138.6,341.75,0.55,13.0,77330.0
20210728:1500,15.07,96.0,341.45,90.0,286.6,346.6,0.55,352.0,77340.0
20210728:1600,16.28,92.75,495.55,147.2,380.25,361.1,0.9,4.0,77320.0
20210728:1700,17.63,89.7,596.15,219.02,396.6,356.5,1.03,3.0,77300.0
20210728:1800,18.18,86.7,723.2,383.91,345.35,365.2,1.03,356.0,77280.0
20210728:1900,19.89,73.2,656.65,339.07,318.4,359.2,1.52,26.0,77190.0
20210728:2000,19.74,75.7,454.65,129.48,331.6,333.05,0.76,10.0,77160.0
20210728:2100,19.71,73.15,179.85,0.3,179.6,351.25,2.48,350.0,77090.0
20210728:2200,16.93,80.8,189.85,18.1,177.35,340.6,1.93,20.0,77110.0
20210728:2300,16.5,80.75,118.8,38.81,99.55,329.2,0.9,2.0,77120.0
20210729:0000,16.35,80.75,54.65,65.74,36.65,330.55,0.83,2.0,77100.0
20210729:0100,16.08,86.5,0.65,0.0,0.65,319.6,0.48,327.0,77130.0
20210729:0200,15.57,86.5,0.0,-0.0,0.0,323.2,0.34,0.0,77190.0
20210729:0300,14.07,89.5,0.0,-0.0,0.0,316.6,0.97,33.0,77250.0
20210729:0400,14.32,89.5,0.0,-0.0,0.0,329.95,0.83,13.0,77280.0
20210729:0500,13.6,92.65,0.0,-0.0,0.0,314.5,0.97,34.0,77300.0
20210729:0600,13.5,92.65,0.0,-0.0,0.0,302.65,0.76,56.0,77280.0
20210729:0700,13.43,89.45,0.0,-0.0,0.0,323.0,0.55,36.0,77250.0
20210729:0800,13.18,92.65,0.0,-0.0,0.0,336.75,0.48,14.0,77220.0
20210729:0900,12.67,95.95,0.0,-0.0,0.0,347.75,0.83,329.0,77210.0
20210729:1000,12.37,95.95,0.0,-0.0,0.0,338.65,1.03,344.0,77180.0
20210729:1100,12.11,99.4,0.0,-0.0,0.0,334.2,1.17,357.0,77190.0
20210729:1200,11.91,95.95,0.0,-0.0,0.0,330.75,1.24,10.0,77210.0
20210729:1300,12.46,99.4,147.65,353.22,86.8,343.9,1.1,14.0,77250.0
20210729:1400,14.13,89.5,385.35,604.07,143.35,333.85,1.52,18.0,77270.0
20210729:1500,15.75,83.5,507.6,518.53,191.85,314.1,1.66,12.0,77270.0
20210729:1600,16.9,72.7,775.65,717.04,214.2,322.6,1.66,11.0,77250.0
20210729:1700,18.85,61.3,818.55,723.27,159.65,328.8,1.59,17.0,77240.0
20210729:1800,20.01,55.3,940.45,805.55,147.65,307.9,1.52,27.0,77200.0
20210729:1900,21.12,51.75,914.2,740.37,175.65,323.0,1.79,21.0,77160.0
20210729:2000,21.89,48.45,762.15,638.92,155.05,321.25,1.86,21.0,77090.0
20210729:2100,22.18,46.75,644.95,588.33,147.6,324.35,1.93,27.0,77000.0
20210729:2200,22.02,45.1,492.5,496.09,150.1,319.7,2.0,38.0,76950.0
20210729:2300,21.61,44.95,214.0,244.52,92.9,325.9,1.52,53.0,76940.0
20210730:0000,20.63,49.8,72.5,128.92,37.35,327.65,0.97,69.0,76980.0
20210730:0100,18.88,63.5,0.65,0.0,0.65,324.25,1.31,39.0,77030.0
20210730:0200,17.07,75.3,0.0,-0.0,0.0,340.8,1.38,29.0,77130.0
20210730:0300,15.91,80.65,0.0,-0.0,0.0,343.3,1.45,19.0,77190.0
20210730:0400,14.84,86.45,0.0,-0.0,0.0,326.1,1.31,8.0,77260.0
20210730:0500,14.12,86.4,0.0,-0.0,0.0,328.2,1.24,354.0,77320.0
20210730:0600,13.73,92.65,0.0,-0.0,0.0,340.0,1.24,2.0,77320.0
20210730:0700,14.01,96.0,0.0,-0.0,0.0,353.2,0.9,6.0,77250.0
20210730:0800,13.01,99.4,0.0,-0.0,0.0,328.8,1.45,357.0,77220.0
20210730:0900,13.25,99.4,0.0,-0.0,0.0,347.4,1.45,3.0,77230.0
20210730:1000,13.14,99.4,0.0,-0.0,0.0,341.4,1.52,10.0,77180.0
20210730:1100,13.29,95.95,0.0,-0.0,0.0,351.65,1.45,7.0,77200.0
20210730:1200,13.25,99.4,0.0,-0.0,0.0,347.75,1.59,7.0,77200.0
20210730:1300,13.47,99.4,148.05,340.0,89.85,358.6,1.66,15.0,77260.0
20210730:1400,13.92,92.7,353.15,476.82,162.5,341.0,1.72,21.0,77290.0
20210730:1500,15.15,89.5,438.15,408.43,189.65,332.85,1.45,16.0,77300.0
20210730:1600,16.63,77.95,554.0,499.91,162.7,329.95,1.31,22.0,77310.0
20210730:1700,17.6,70.3,742.3,566.1,226.65,331.3,1.03,45.0,77300.0
20210730:1800,18.35,68.05,691.85,469.5,229.8,337.5,0.69,66.0,77250.0
20210730:1900,20.49,63.8,607.4,309.08,299.1,346.6,0.62,2.0,77180.0
20210730:2000,20.76,63.8,605.1,320.83,300.3,373.3,0.76,48.0,77140.0
20210730:2100,20.45,68.4,300.45,117.75,200.95,360.15,0.62,124.0,77140.0
20210730:2200,18.44,78.25,281.9,172.34,163.05,370.6,0.62,125.0,77150.0
20210730:2300,17.07,83.65,68.1,26.4,55.05,324.55,0.83,158.0,77250.0
20210731:0000,16.4,86.55,40.8,53.8,26.2,362.5,0.41,319.0,77320.0
20210731:0100,15.57,96.0,0.45,0.0,0.45,350.95,0.69,318.0,77320.0
20210731:0200,15.12,96.0,0.0,-0.0,0.0,339.25,0.83,23.0,77380.0
20210731:0300,14.46,96.0,0.0,-0.0,0.0,343.9,0.48,107.0,77430.0
20210731:0400,14.19,96.0,0.0,-0.0,0.0,351.45,0.41,101.0,77470.0
20210731:0500,14.13,92.7,0.0,-0.0,0.0,330.95,0.21,75.0,77500.0
20210731:0600,13.51,95.95,0.0,-0.0,0.0,331.9,0.62,15.0,77510.0
20210731:0700,13.07,99.4,0.0,-0.0,0.0,352.0,0.97,65.0,77450.0
20210731:0800,12.48,99.4,0.0,-0.0,0.0,333.45,0.97,72.0,77430.0
20210731:0900,12.13,99.4,0.0,-0.0,0.0,349.7,0.76,80.0,77400.0
20210731:1000,11.67,99.4,0.0,-0.0,0.0,345.65,0.83,64.0,77380.0
20210731:1100,11.63,99.4,0.0,-0.0,0.0,345.05,1.03,47.0,77380.0
20210731:1200,11.14,99.35,0.0,-0.0,0.0,328.05,1.17,37.0,77390.0
20210731:1300,11.56,95.9,179.95,403.3,111.35,337.5,1.45,29.0,77440.0
20210731:1400,12.59,95.95,431.45,749.86,132.2,325.7,1.45,11.0,77480.0
20210731:1500,14.8,80.55,644.65,825.0,143.1,312.35,1.59,0.0,77480.0
20210731:1600,21.21,51.34,887.8,987.27,115.3,312.37,1.09,14.0,77470.0
20210731:1700,20.75,53.71,983.05,953.94,114.25,312.54,1.09,23.0,77440.0
20210731:1800,20.29,56.09,1059.5,966.35,108.55,312.71,1.09,24.0,77400.0
20210731:1900,19.84,58.46,999.2,904.5,97.05,312.87,1.1,355.0,77370.0
20210731:2000,19.38,60.84,801.9,694.64,142.1,313.04,1.1,338.0,77310.0
20210731:2100,18.92,63.22,507.75,380.15,186.65,313.21,1.1,284.0,77260.0
20210731:2200,18.46,65.59,326.2,291.73,125.2,313.37,1.1,286.0,77220.0
20210731:2300,18.0,67.97,137.35,83.49,96.15,313.54,1.1,358.0,77280.0
20170801:0000,17.54,70.35,65.95,157.73,23.35,313.71,1.1,3.0,77160.0
20170801:0100,17.08,72.72,0.6,0.0,0.6,313.88,1.11,44.0,77240.0
20170801:0200,16.62,75.1,0.0,-0.0,0.0,314.04,1.11,30.0,77300.0
20170801:0300,16.16,77.48,0.0,-0.0,0.0,314.21,1.11,10.0,77350.0
20170801:0400,15.7,79.85,0.0,-0.0,0.0,314.38,1.11,8.0,77400.0
20170801:0500,15.24,82.23,0.0,-0.0,0.0,314.54,1.11,8.0,77420.0
20170801:0600,14.79,84.61,0.0,-0.0,0.0,314.71,1.12,10.0,77410.0
20170801:0700,14.33,86.98,0.0,-0.0,0.0,314.88,1.12,0.0,77350.0
20170801:0800,12.21,95.95,0.0,-0.0,0.0,291.25,1.1,4.0,77340.0
20170801:0900,12.45,95.95,0.0,-0.0,0.0,295.1,0.97,9.0,77320.0
20170801:1000,12.25,99.4,0.0,-0.0,0.0,295.3,0.83,15.0,77320.0
20170801:1100,11.92,99.4,0.0,-0.0,0.0,305.2,0.9,3.0,77330.0
20170801:1200,11.45,99.4,0.0,-0.0,0.0,312.55,1.03,358.0,77360.0
20170801:1300,11.68,99.4,132.3,157.37,105.7,341.95,1.38,348.0,77390.0
20170801:1400,13.46,89.45,341.5,448.76,162.75,340.0,1.31,349.0,77410.0
20170801:1500,15.49,80.6,609.1,706.22,180.1,320.65,0.9,9.0,77410.0
20170801:1600,17.86,67.95,793.95,753.84,204.3,316.0,0.69,28.0,77390.0
20170801:1700,19.37,61.4,887.5,794.23,164.25,332.85,0.9,32.0,77340.0
20170801:1800,20.4,57.45,791.05,548.84,251.0,321.45,1.31,43.0,77280.0
20170801:1900,20.98,53.6,674.55,439.39,236.35,339.45,0.62,58.0,77250.0
20170801:2000,21.16,51.75,771.3,639.99,163.55,335.4,1.03,20.0,77190.0
20170801:2100,21.68,50.05,603.85,557.48,133.2,323.2,0.97,18.0,77130.0
20170801:2200,21.65,48.3,431.75,464.18,112.25,330.15,1.31,346.0,77110.0
20170801:2300,21.41,48.3,263.75,358.9,87.0,329.55,1.59,344.0,77060.0
20170802:0000,20.74,51.65,66.5,140.68,28.7,325.7,0.97,341.0,77070.0
20170802:0100,18.44,65.65,0.55,0.0,0.55,336.05,0.34,62.0,77200.0
20170802:0200,17.07,75.3,0.0,-0.0,0.0,324.55,0.62,68.0,77260.0
20170802:0300,16.67,77.95,0.0,-0.0,0.0,321.45,0.21,109.0,77330.0
20170802:0400,16.2,80.65,0.0,-0.0,0.0,339.65,0.41,273.0,77400.0
20170802:0500,15.79,83.5,0.0,-0.0,0.0,333.45,0.55,292.0,77450.0
20170802:0600,15.42,86.5,0.0,-0.0,0.0,326.65,0.41,298.0,77460.0
20170802:0700,14.24,89.5,0.0,-0.0,0.0,336.15,0.69,344.0,77400.0
20170802:0800,13.56,89.45,0.0,-0.0,0.0,308.5,0.83,0.0,77350.0
20170802:0900,12.85,92.65,0.0,-0.0,0.0,303.25,0.9,19.0,77310.0
20170802:1000,12.6,95.95,0.0,-0.0,0.0,317.75,0.83,20.0,77300.0
20170802:1100,13.29,95.95,0.0,-0.0,0.0,345.25,0.69,4.0,77320.0
20170802:1200,13.14,95.95,0.0,-0.0,0.0,348.55,0.69,349.0,77340.0
20170802:1300,13.36,92.65,153.15,325.35,98.5,353.4,0.76,11.0,77390.0
20170802:1400,15.05,89.5,328.45,494.37,131.9,338.1,0.9,31.0,77410.0
20170802:1500,16.27,83.55,604.55,729.58,161.7,336.55,0.83,53.0,77430.0
20170802:1600,18.11,70.35,681.3,656.96,167.6,312.55,0.76,68.0,77410.0
20170802:1700,19.21,63.5,858.55,794.73,134.95,323.95,0.69,80.0,77380.0
20170802:1800,20.44,57.45,1005.0,901.92,117.6,327.65,0.97,104.0,77340.0
20170802:1900,22.09,52.0,928.65,800.32,130.6,317.2,0.9,56.0,77280.0
20170802:2000,22.49,48.55,875.85,783.52,132.0,326.65,0.97,35.0,77190.0
20170802:2100,22.9,45.35,658.35,635.0,122.55,327.85,1.1,40.0,77120.0
20170802:2200,22.61,45.25,388.9,368.68,135.4,331.3,0.83,54.0,77080.0
20170802:2300,22.08,45.1,263.65,409.31,62.5,330.95,0.69,38.0,77080.0
20170803:0000,21.24,49.95,70.45,136.96,33.85,328.2,0.0,311.0,77110.0
20170803:0100,19.2,63.5,0.4,0.0,0.4,323.5,0.76,209.0,77210.0
20170803:0200,16.88,83.65,0.0,-0.0,0.0,329.2,0.97,185.0,77320.0
20170803:0300,16.29,86.5,0.0,-0.0,0.0,342.75,0.9,186.0,77350.0
20170803:0400,15.67,89.55,0.0,-0.0,0.0,333.05,0.83,158.0,77420.0
20170803:0500,15.38,86.5,0.0,-0.0,0.0,319.7,0.69,153.0,77470.0
20170803:0600,14.67,86.45,0.0,-0.0,0.0,313.1,0.69,164.0,77500.0
20170803:0700,13.12,92.65,0.0,-0.0,0.0,324.15,1.03,181.0,77520.0
20170803:0800,13.25,92.65,0.0,-0.0,0.0,334.2,0.69,170.0,77450.0
20170803:0900,13.61,92.65,0.0,-0.0,0.0,337.7,0.41,44.0,77410.0
20170803:1000,13.69,92.65,0.0,-0.0,0.0,336.75,0.34,21.0,77400.0
20170803:1100,13.86,89.5,0.0,-0.0,0.0,359.4,0.48,7.0,77430.0
20170803:1200,13.66,92.65,0.0,-0.0,0.0,356.85,0.34,342.0,77480.0
20170803:1300,13.34,92.65,141.8,437.0,68.85,344.85,0.34,191.0,77530.0
20170803:1400,14.41,83.45,339.05,544.54,122.95,345.25,1.17,176.0,77560.0
20170803:1500,15.75,86.5,637.55,821.97,139.0,336.75,1.03,191.0,77560.0
20170803:1600,17.77,72.8,724.9,718.33,163.4,321.05,0.62,212.0,77550.0
20170803:1700,19.28,63.5,840.15,742.89,163.85,318.15,0.41,175.0,77520.0
20170803:1800,20.5,57.45,953.1,827.96,138.55,333.05,0.55,109.0,77460.0
20170803:1900,22.04,52.0,927.65,795.93,134.1,324.55,0.21,44.0,77390.0
20170803:2000,22.42,50.3,824.4,742.83,119.4,329.2,0.14,357.0,77320.0
20170803:2100,22.27,52.0,587.35,449.03,208.7,324.95,0.55,295.0,77260.0
20170803:2200,22.11,52.0,373.6,362.99,124.3,352.0,0.83,309.0,77200.0
20170803:2300,20.96,55.55,197.35,208.44,95.15,348.75,1.66,50.0,77210.0
20170804:0000,18.63,72.95,38.4,34.25,29.3,341.4,1.45,111.0,77340.0
20170804:0100,16.83,83.65,0.25,0.0,0.25,342.05,1.24,178.0,77410.0
20170804:0200,15.6,89.55,0.0,-0.0,0.0,349.1,0.62,175.0,77470.0
20170804:0300,14.92,92.7,0.0,-0.0,0.0,332.3,1.24,140.0,77550.0
20170804:0400,14.7,96.0,0.0,-0.0,0.0,346.8,0.83,168.0,77580.0
20170804:0500,14.56,92.7,0.0,-0.0,0.0,356.1,0.9,188.0,77610.0
20170804:0600,14.41,89.5,0.0,-0.0,0.0,357.25,1.03,213.0,77600.0
20170804:0700,14.59,92.7,0.0,-0.0,0.0,359.0,0.28,308.0,77560.0
20170804:0800,14.49,92.7,0.0,-0.0,0.0,364.0,0.69,281.0,77500.0
20170804:0900,14.32,89.5,0.0,-0.0,0.0,362.85,0.34,255.0,77470.0
20170804:1000,14.07,92.7,0.0,-0.0,0.0,328.6,0.07,55.0,77430.0
20170804:1100,13.14,95.95,0.0,-0.0,0.0,328.6,0.21,349.0,77440.0
20170804:1200,12.78,99.4,0.0,-0.0,0.0,345.25,0.55,8.0,77470.0
20170804:1300,13.16,95.95,169.55,432.78,97.75,344.1,0.55,14.0,77520.0
20170804:1400,14.67,89.5,330.75,468.14,145.3,344.5,0.76,9.0,77540.0
20170804:1500,16.02,80.65,539.5,565.27,196.9,352.6,0.69,15.0,77540.0
20170804:1600,17.65,72.8,786.9,822.99,143.8,341.75,0.62,6.0,77530.0
20170804:1700,19.36,61.4,820.3,683.57,198.1,314.5,0.62,2.0,77500.0
20170804:1800,20.61,59.5,747.1,592.51,164.25,342.35,0.76,353.0,77470.0
20170804:1900,21.27,59.6,773.3,553.2,221.85,351.85,0.41,348.0,77430.0
20170804:2000,21.33,61.7,583.85,337.87,263.3,355.7,0.55,295.0,77370.0
20170804:2100,20.09,68.3,420.5,255.66,205.05,356.65,0.97,294.0,77300.0
20170804:2200,19.31,70.55,266.45,197.9,130.7,360.95,0.97,276.0,77290.0
20170804:2300,18.56,75.55,183.0,135.44,116.75,341.2,0.69,117.0,77270.0
20170805:0000,17.49,80.85,38.55,32.56,29.95,328.05,1.31,116.0,77350.0
20170805:0100,16.45,89.65,0.25,0.0,0.25,338.0,0.9,215.0,77390.0
20170805:0200,15.76,92.75,0.0,-0.0,0.0,348.55,0.83,226.0,77470.0
20170805:0300,15.14,96.0,0.0,-0.0,0.0,340.4,0.83,128.0,77520.0
20170805:0400,14.03,96.0,0.0,-0.0,0.0,334.4,0.69,67.0,77530.0
20170805:0500,13.6,95.95,0.0,-0.0,0.0,336.15,0.28,146.0,77570.0
20170805:0600,13.03,95.95,0.0,-0.0,0.0,344.1,0.76,145.0,77580.0
20170805:0700,13.36,92.65,0.0,-0.0,0.0,328.05,0.14,83.0,77520.0
20170805:0800,13.08,95.95,0.0,-0.0,0.0,334.6,0.07,79.0,77470.0
20170805:0900,12.09,99.4,0.0,-0.0,0.0,336.15,0.28,112.0,77430.0
20170805:1000,11.59,99.4,0.0,-0.0,0.0,338.5,0.34,108.0,77420.0
20170805:1100,11.1,99.35,0.0,-0.0,0.0,332.5,0.48,96.0,77410.0
20170805:1200,10.75,100.0,0.0,-0.0,0.0,330.95,0.55,65.0,77430.0
20170805:1300,11.25,99.35,164.5,299.59,115.1,323.0,0.55,48.0,77460.0
20170805:1400,14.18,92.7,376.15,449.25,198.5,341.0,0.41,38.0,77480.0
20170805:1500,15.56,89.55,562.7,633.88,178.8,347.55,0.69,32.0,77500.0
20170805:1600,17.77,75.4,783.0,817.04,144.75,335.4,0.76,21.0,77460.0
20170805:1700,19.54,63.6,836.55,743.9,159.55,315.65,0.62,64.0,77440.0
20170805:1800,20.71,57.45,879.6,695.94,195.1,331.5,0.76,97.0,77410.0
20170805:1900,21.59,57.65,900.15,732.27,170.35,329.2,0.28,79.0,77350.0
20170805:2000,21.9,57.75,818.15,707.05,147.6,338.3,0.28,217.0,77240.0
20170805:2100,22.21,59.8,698.65,650.04,151.25,334.0,0.28,254.0,77180.0
20170805:2200,22.33,61.95,412.75,405.45,135.0,333.25,0.07,301.0,77140.0
20170805:2300,20.87,63.9,211.05,221.77,102.85,349.7,1.1,165.0,77100.0
20170806:0000,18.44,75.55,53.35,90.11,29.7,333.85,1.38,168.0,77250.0
20170806:0100,17.25,89.65,0.2,0.0,0.2,332.8,1.31,169.0,77290.0
20170806:0200,16.69,92.8,0.0,-0.0,0.0,328.8,1.17,174.0,77350.0
20170806:0300,15.52,92.75,0.0,-0.0,0.0,312.55,1.24,174.0,77420.0
20170806:0400,14.54,92.7,0.0,-0.0,0.0,327.25,0.9,174.0,77450.0
20170806:0500,14.88,92.7,0.0,-0.0,0.0,336.35,0.28,147.0,77490.0
20170806:0600,14.48,92.7,0.0,-0.0,0.0,340.2,0.14,116.0,77460.0
20170806:0700,15.45,86.5,0.0,-0.0,0.0,294.35,0.83,191.0,77410.0
20170806:0800,15.31,89.5,0.0,-0.0,0.0,301.3,0.9,177.0,77360.0
20170806:0900,15.05,86.45,0.0,-0.0,0.0,294.95,0.97,168.0,77320.0
20170806:1000,14.48,86.45,0.0,-0.0,0.0,305.75,0.76,156.0,77310.0
20170806:1100,14.09,86.4,0.0,-0.0,0.0,291.85,0.41,123.0,77280.0
20170806:1200,13.63,89.45,0.0,-0.0,0.0,293.0,0.41,56.0,77300.0
20170806:1300,12.82,92.65,220.85,909.72,71.75,292.8,0.48,86.0,77300.0
20170806:1400,16.03,89.6,437.3,760.73,137.0,310.2,0.55,156.0,77340.0
20170806:1500,17.95,75.45,684.4,974.63,94.55,319.3,1.24,186.0,77340.0
20170806:1600,19.6,63.6,821.3,875.95,137.25,302.1,1.59,169.0,77340.0
20170806:1700,20.74,57.45,921.65,870.41,129.65,306.35,1.66,166.0,77340.0
20170806:1800,21.49,55.65,964.9,844.16,134.75,314.85,1.59,171.0,77290.0
20170806:1900,22.58,50.3,1023.65,912.2,114.75,311.0,1.1,190.0,77260.0
20170806:2000,23.32,50.45,949.55,886.16,109.5,312.55,0.97,190.0,77170.0
20170806:2100,23.54,50.55,695.35,696.49,109.3,321.85,1.31,182.0,77130.0
20170806:2200,21.99,57.75,518.45,616.23,96.9,313.3,1.38,189.0,77080.0
20170806:2300,21.51,55.65,265.15,397.45,71.75,325.3,1.59,187.0,77090.0
20170807:0000,20.61,61.6,81.4,189.85,31.9,323.75,1.31,215.0,77100.0
20170807:0100,19.63,68.2,0.25,0.0,0.25,314.2,1.52,223.0,77180.0
20170807:0200,17.99,78.15,0.0,-0.0,0.0,325.3,1.52,216.0,77240.0
20170807:0300,16.14,86.5,0.0,-0.0,0.0,318.35,1.52,194.0,77310.0
20170807:0400,15.09,89.5,0.0,-0.0,0.0,305.0,1.45,177.0,77360.0
20170807:0500,16.02,83.55,0.0,-0.0,0.0,309.25,1.03,166.0,77380.0
20170807:0600,16.06,80.65,0.0,-0.0,0.0,295.1,0.83,174.0,77340.0
20170807:0700,16.16,72.55,0.0,-0.0,0.0,294.55,0.62,260.0,77350.0
20170807:0800,15.42,77.8,0.0,-0.0,0.0,290.85,0.69,284.0,77310.0
20170807:0900,14.65,80.55,0.0,-0.0,0.0,287.95,0.83,325.0,77290.0
20170807:1000,14.12,83.4,0.0,-0.0,0.0,299.2,0.76,346.0,77290.0
20170807:1100,13.79,86.35,0.0,-0.0,0.0,293.55,0.41,359.0,77280.0
20170807:1200,13.61,89.45,0.0,-0.0,0.0,303.05,0.28,37.0,77270.0
20170807:1300,13.69,89.45,197.65,780.77,70.45,314.3,0.41,35.0,77300.0
20170807:1400,15.99,83.55,403.4,718.26,120.35,311.4,1.17,359.0,77310.0
20170807:1500,17.66,75.4,681.15,895.86,139.35,324.95,1.24,357.0,77300.0
20170807:1600,19.39,65.85,892.9,1010.8,103.8,303.85,0.9,1.0,77290.0
20170807:1700,21.06,59.6,974.9,851.0,200.7,300.75,0.69,12.0,77260.0
20170807:1800,22.22,53.85,1089.4,1015.57,90.85,310.05,0.83,15.0,77220.0
20170807:1900,23.79,48.8,920.25,785.3,138.0,310.2,1.38,8.0,77150.0
20170807:2000,23.67,50.55,756.4,603.32,184.75,326.3,0.97,347.0,77070.0
20170807:2100,23.44,50.55,596.75,492.25,182.9,331.7,1.1,33.0,77050.0
20170807:2200,21.88,55.8,401.8,378.81,143.05,336.55,0.83,113.0,77020.0
20170807:2300,21.24,61.7,251.9,351.9,81.15,328.0,0.69,145.0,77020.0
20170808:0000,20.92,61.7,80.15,178.04,34.05,327.25,0.28,267.0,76990.0
20170808:0100,19.67,68.2,0.2,0.0,0.2,330.65,0.76,256.0,77030.0
20170808:0200,17.53,75.4,0.0,-0.0,0.0,318.55,0.41,148.0,77150.0
20170808:0300,16.84,78.0,0.0,-0.0,0.0,298.8,0.41,146.0,77220.0
20170808:0400,16.41,80.75,0.0,-0.0,0.0,298.05,0.34,344.0,77300.0
20170808:0500,15.04,86.45,0.0,-0.0,0.0,307.1,0.48,40.0,77340.0
20170808:0600,14.33,83.45,0.0,-0.0,0.0,298.8,0.69,14.0,77370.0
20170808:0700,13.96,86.4,0.0,-0.0,0.0,308.65,0.69,27.0,77290.0
20170808:0800,13.5,89.45,0.0,-0.0,0.0,316.2,0.07,111.0,77270.0
20170808:0900,12.77,95.95,0.0,-0.0,0.0,349.9,0.9,17.0,77220.0
20170808:1000,13.25,95.95,0.0,-0.0,0.0,353.95,1.03,18.0,77170.0
20170808:1100,13.04,95.95,0.0,-0.0,0.0,340.6,1.31,18.0,77160.0
20170808:1200,13.03,95.95,0.0,-0.0,0.0,343.3,1.17,21.0,77190.0
20170808:1300,13.62,95.95,149.4,402.9,84.15,348.35,0.9,20.0,77210.0
20170808:1400,15.3,89.5,317.6,381.91,167.35,350.3,1.17,26.0,77260.0
20170808:1500,16.76,77.95,571.6,634.47,188.15,341.55,1.45,11.0,77250.0
20170808:1600,18.5,65.65,748.6,686.42,212.9,316.05,1.59,17.0,77260.0
20170808:1700,19.6,61.4,923.2,840.33,158.85,323.95,1.59,26.0,77260.0
20170808:1800,20.75,55.45,1018.6,911.9,122.15,307.5,1.59,28.0,77220.0
20170808:1900,21.76,51.9,1061.1,961.57,103.55,311.0,2.07,16.0,77190.0
20170808:2000,22.34,48.45,859.3,743.33,155.35,305.95,2.34,19.0,77100.0
20170808:2100,22.47,43.65,738.25,742.11,114.9,311.95,2.55,20.0,77010.0
20170808:2200,22.45,42.1,492.7,593.65,87.85,307.5,2.76,31.0,76990.0
20170808:2300,21.79,43.4,229.65,268.4,99.8,314.65,3.17,23.0,76950.0
20170809:0000,20.66,49.8,72.4,155.02,32.55,326.3,2.76,8.0,76990.0
20170809:0100,18.93,55.05,0.15,0.0,0.15,310.35,2.28,2.0,77060.0
20170809:0200,17.06,67.75,0.0,-0.0,0.0,313.1,2.0,9.0,77160.0
20170809:0300,15.34,77.8,0.0,-0.0,0.0,308.85,1.86,3.0,77230.0
20170809:0400,13.91,83.4,0.0,-0.0,0.0,302.1,1.79,354.0,77300.0
20170809:0500,12.72,89.4,0.0,-0.0,0.0,284.65,1.79,352.0,77350.0
20170809:0600,11.95,89.35,0.0,-0.0,0.0,280.8,1.72,354.0,77350.0
20170809:0700,11.22,95.9,0.0,-0.0,0.0,298.4,1.86,2.0,77290.0
20170809:0800,11.24,99.35,0.0,-0.0,0.0,300.55,1.66,1.0,77260.0
20170809:0900,11.28,95.9,0.0,-0.0,0.0,311.2,1.59,1.0,77230.0
20170809:1000,11.39,99.4,0.0,-0.0,0.0,319.7,1.66,0.0,77220.0
20170809:1100,11.25,100.0,0.0,-0.0,0.0,312.55,1.72,356.0,77210.0
20170809:1200,11.47,99.4,0.0,-0.0,0.0,322.6,1.79,353.0,77220.0
20170809:1300,12.13,99.4,150.25,308.39,100.6,331.7,2.0,353.0,77230.0
20170809:1400,12.93,92.65,441.8,744.33,149.45,336.55,2.41,356.0,77290.0
20170809:1500,14.68,77.75,688.6,939.97,120.9,298.4,2.41,2.0,77310.0
20170809:1600,16.61,65.25,826.55,886.41,135.0,279.05,2.55,3.0,77310.0
20170809:1700,18.04,56.85,1002.2,938.14,149.05,291.85,2.48,0.0,77300.0
20170809:1800,19.34,53.15,717.05,421.07,303.2,291.25,2.62,1.0,77270.0
20170809:1900,20.53,48.05,514.3,241.39,274.0,330.75,4.34,359.0,77160.0
20170809:2000,19.4,53.25,177.65,0.0,177.65,347.55,4.48,6.0,77150.0
20170809:2100,16.44,72.65,195.4,49.63,153.75,364.8,2.21,359.0,77190.0
20170809:2200,16.04,80.65,108.6,8.96,102.5,351.25,2.07,346.0,77140.0
20170809:2300,15.85,77.85,107.1,9.85,102.35,354.15,2.14,351.0,77110.0
20170810:0000,15.46,83.5,21.9,0.0,21.9,347.2,2.55,353.0,77120.0
20170810:0100,14.03,86.4,0.05,0.0,0.05,349.4,2.55,353.0,77170.0
20170810:0200,13.46,89.45,0.0,-0.0,0.0,356.65,2.34,340.0,77220.0
20170810:0300,13.28,92.65,0.0,-0.0,0.0,359.2,2.55,324.0,77220.0
20170810:0400,13.23,92.65,0.0,-0.0,0.0,359.95,2.55,315.0,77230.0
20170810:0500,13.13,95.95,0.0,-0.0,0.0,362.65,2.07,322.0,77240.0
20170810:0600,13.04,95.95,0.0,-0.0,0.0,365.0,2.0,316.0,77200.0
20170810:0700,13.42,95.95,0.0,-0.0,0.0,364.6,2.48,330.0,77070.0
20170810:0800,13.34,92.65,0.0,-0.0,0.0,367.7,2.55,334.0,77050.0
20170810:0900,13.26,95.95,0.0,-0.0,0.0,368.3,2.69,330.0,77010.0
20170810:1000,13.28,99.4,0.0,-0.0,0.0,369.05,2.83,327.0,76950.0
20170810:1100,13.32,95.95,0.0,-0.0,0.0,368.85,3.03,334.0,76920.0
20170810:1200,13.21,99.4,0.0,-0.0,0.0,368.65,3.1,331.0,76910.0
20170810:1300,13.13,99.4,13.3,0.0,13.3,367.3,2.97,333.0,76910.0
20170810:1400,13.24,99.4,29.35,0.0,29.35,367.9,2.07,332.0,76960.0
20170810:1500,13.44,95.95,50.05,0.0,50.05,366.35,1.86,333.0,76980.0
20170810:1600,13.73,99.4,136.35,3.21,133.85,369.65,1.72,342.0,77030.0
20170810:1700,14.38,92.7,125.25,2.8,122.7,370.4,1.38,354.0,77040.0
20170810:1800,15.24,99.4,206.35,13.08,193.5,372.35,0.34,338.0,77060.0
20170810:1900,16.01,96.0,303.75,76.52,227.6,375.25,2.28,151.0,77100.0
20170810:2000,16.26,96.0,147.7,0.58,147.15,377.55,2.28,155.0,77130.0
20170810:2100,15.49,89.55,215.6,81.71,147.1,377.95,2.07,150.0,77120.0
20170810:2200,16.4,86.55,146.8,45.39,115.95,368.45,1.86,146.0,77130.0
20170810:2300,15.57,89.55,61.9,11.75,56.25,360.95,1.93,154.0,77160.0
20170811:0000,14.62,89.5,28.15,10.27,25.55,365.75,1.79,157.0,77230.0
20170811:0100,14.62,89.5,0.05,0.0,0.05,347.7,1.38,164.0,77270.0
20170811:0200,14.25,92.7,0.0,-0.0,0.0,349.1,0.97,169.0,77340.0
20170811:0300,14.2,92.7,0.0,-0.0,0.0,340.6,0.69,157.0,77390.0
20170811:0400,14.54,89.5,0.0,-0.0,0.0,339.45,0.62,160.0,77450.0
20170811:0500,14.35,89.5,0.0,-0.0,0.0,326.1,0.62,172.0,77480.0
20170811:0600,14.07,89.5,0.0,-0.0,0.0,314.65,0.41,201.0,77480.0
20170811:0700,11.15,100.0,0.0,-0.0,0.0,321.25,0.83,152.0,77450.0
20170811:0800,10.9,99.35,0.0,-0.0,0.0,336.55,0.69,131.0,77420.0
20170811:0900,10.79,99.35,0.0,-0.0,0.0,343.5,0.48,106.0,77420.0
20170811:1000,10.21,100.0,0.0,-0.0,0.0,335.4,0.48,93.0,77410.0
20170811:1100,9.92,99.4,0.0,-0.0,0.0,337.3,0.55,89.0,77440.0
20170811:1200,9.89,99.4,0.0,-0.0,0.0,336.95,0.62,62.0,77480.0
20170811:1300,10.18,99.4,162.9,357.52,106.0,325.7,0.69,51.0,77490.0
20170811:1400,13.21,92.65,361.5,436.38,190.65,332.65,0.69,27.0,77490.0
20170811:1500,15.3,86.45,580.1,609.29,212.6,329.2,0.9,15.0,77480.0
20170811:1600,17.38,72.8,782.3,767.57,183.85,340.8,0.62,51.0,77460.0
20170811:1700,18.95,63.5,853.55,770.07,153.55,315.85,0.83,104.0,77440.0
20170811:1800,20.13,57.3,931.9,789.43,156.4,328.6,1.31,119.0,77420.0
20170811:1900,21.27,55.55,947.45,783.88,167.7,319.1,0.55,109.0,77380.0
20170811:2000,21.55,51.9,767.8,670.28,134.2,323.95,0.62,69.0,77340.0
20170811:2100,21.33,55.55,628.1,578.18,143.95,331.7,0.97,26.0,77280.0
20170811:2200,21.07,55.55,463.9,519.27,111.65,328.8,0.9,47.0,77220.0
20170811:2300,20.42,57.45,261.05,414.64,62.4,329.75,1.52,33.0,77200.0
20170812:0000,18.85,63.5,55.9,101.57,30.4,324.15,0.76,48.0,77230.0
20170812:0100,17.76,75.4,0.05,0.0,0.05,326.2,0.69,260.0,77280.0
20170812:0200,16.26,86.5,0.0,-0.0,0.0,317.2,0.62,267.0,77350.0
20170812:0300,15.73,86.5,0.0,-0.0,0.0,317.95,0.62,302.0,77390.0
20170812:0400,13.78,92.65,0.0,-0.0,0.0,314.5,0.97,318.0,77460.0
20170812:0500,12.81,92.65,0.0,-0.0,0.0,314.85,0.83,343.0,77500.0
20170812:0600,12.49,95.95,0.0,-0.0,0.0,323.0,0.21,12.0,77500.0
20170812:0700,14.04,86.4,0.0,-0.0,0.0,331.3,0.21,126.0,77430.0
20170812:0800,13.75,89.45,0.0,-0.0,0.0,322.4,0.69,25.0,77390.0
20170812:0900,12.55,95.95,0.0,-0.0,0.0,330.75,1.1,16.0,77390.0
20170812:1000,11.82,95.95,0.0,-0.0,0.0,317.75,1.38,17.0,77340.0
20170812:1100,11.68,99.4,0.0,-0.0,0.0,324.75,1.24,23.0,77370.0
20170812:1200,11.84,99.4,0.0,-0.0,0.0,335.0,1.03,26.0,77370.0
20170812:1300,12.34,95.95,153.35,345.02,98.75,341.75,1.31,28.0,77380.0
20170812:1400,13.22,92.65,394.1,680.73,128.0,330.15,1.1,23.0,77410.0
20170812:1500,15.35,80.6,648.0,876.7,119.55,317.4,1.03,340.0,77410.0
20170812:1600,17.37,70.3,846.2,896.51,147.45,297.65,1.03,346.0,77390.0
20170812:1700,19.34,61.3,974.5,928.71,130.5,305.75,0.83,3.0,77350.0
20170812:1800,20.48,55.45,925.25,719.75,218.4,311.55,0.9,28.0,77320.0
20170812:1900,20.76,53.5,756.5,543.3,216.3,340.4,0.41,68.0,77280.0
20170812:2000,20.68,53.5,611.45,475.65,162.15,326.1,0.41,6.0,77220.0
20170812:2100,20.49,51.65,573.75,464.07,185.6,330.75,0.69,347.0,77200.0
20170812:2200,20.17,55.3,296.05,261.58,118.95,326.1,0.69,330.0,77170.0
20170812:2300,19.7,57.2,220.6,314.21,70.6,336.95,1.03,0.0,77140.0
20170813:0000,19.36,57.2,58.55,141.01,23.45,326.3,1.24,351.0,77160.0
20170813:0100,17.6,70.3,0.0,0.0,0.0,315.95,0.83,331.0,77200.0
20170813:0200,16.64,72.65,0.0,-0.0,0.0,335.95,0.62,10.0,77250.0
20170813:0300,16.14,72.55,0.0,-0.0,0.0,330.35,0.55,67.0,77320.0
20170813:0400,15.56,77.8,0.0,-0.0,0.0,330.75,0.41,349.0,77370.0
20170813:0500,14.8,80.55,0.0,-0.0,0.0,311.55,0.55,192.0,77420.0
20170813:0600,14.34,80.55,0.0,-0.0,0.0,322.8,0.69,209.0,77410.0
20170813:0700,13.1,89.4,0.0,-0.0,0.0,303.05,1.03,174.0,77340.0
20170813:0800,13.58,89.45,0.0,-0.0,0.0,326.65,0.62,204.0,77320.0
20170813:0900,13.26,92.65,0.0,-0.0,0.0,313.9,0.21,229.0,77310.0
20170813:1000,13.04,92.65,0.0,-0.0,0.0,326.3,0.14,349.0,77330.0
20170813:1100,12.97,92.65,0.0,-0.0,0.0,332.65,0.62,8.0,77310.0
20170813:1200,12.79,92.65,0.0,-0.0,0.0,330.35,0.69,33.0,77320.0
20170813:1300,12.81,92.65,141.4,373.97,82.55,325.1,0.55,68.0,77350.0
20170813:1400,13.77,89.45,360.5,620.02,118.5,347.0,0.69,118.0,77370.0
20170813:1500,15.19,83.45,661.8,937.68,96.95,321.25,0.76,163.0,77400.0
20170813:1600,17.36,70.3,708.0,703.58,159.8,313.1,0.55,166.0,77340.0
20170813:1700,18.52,65.65,824.3,739.85,152.1,322.4,0.76,158.0,77330.0
20170813:1800,19.12,63.5,975.2,822.79,167.4,312.75,1.03,161.0,77300.0
20170813:1900,20.89,55.55,909.85,789.12,125.6,317.2,0.9,183.0,77230.0
20170813:2000,21.05,57.55,837.4,729.37,148.95,317.95,0.97,195.0,77180.0
20170813:2100,21.23,61.7,694.15,701.73,107.95,326.3,0.83,208.0,77120.0
20170813:2200,20.61,61.6,412.2,419.6,128.7,327.85,0.41,246.0,77030.0
20170813:2300,19.06,68.1,219.6,274.06,89.25,332.85,0.34,141.0,77090.0
20170814:0000,17.74,75.4,33.45,49.86,21.15,327.45,0.69,132.0,77160.0
20170814:0100,16.99,80.8,0.0,0.0,0.0,337.25,1.03,212.0,77190.0
20170814:0200,15.29,89.5,0.0,-0.0,0.0,334.4,0.9,206.0,77260.0
20170814:0300,14.54,89.5,0.0,-0.0,0.0,325.7,1.03,178.0,77320.0
20170814:0400,14.28,92.7,0.0,-0.0,0.0,347.2,1.1,154.0,77360.0
20170814:0500,13.67,95.95,0.0,-0.0,0.0,344.5,0.62,163.0,77370.0
20170814:0600,13.0,95.95,0.0,-0.0,0.0,328.2,0.62,163.0,77350.0
20170814:0700,13.03,92.65,0.0,-0.0,0.0,315.25,1.24,176.0,77290.0
20170814:0800,13.34,89.45,0.0,-0.0,0.0,319.1,0.83,178.0,77250.0
20170814:0900,13.43,89.45,0.0,-0.0,0.0,305.75,0.69,163.0,77220.0
20170814:1000,12.41,95.95,0.0,-0.0,0.0,303.05,0.97,167.0,77220.0
20170814:1100,11.63,99.4,0.0,-0.0,0.0,333.45,0.76,167.0,77240.0
20170814:1200,12.32,95.95,0.0,-0.0,0.0,347.4,0.55,170.0,77250.0
20170814:1300,12.52,95.95,136.5,252.08,97.05,335.0,0.28,121.0,77280.0
20170814:1400,14.07,92.7,358.25,417.09,195.7,342.35,0.69,110.0,77270.0
20170814:1500,15.5,86.5,602.05,694.92,183.7,345.85,0.21,114.0,77270.0
20170814:1600,17.81,72.8,788.45,846.85,128.85,334.0,0.14,317.0,77250.0
20170814:1700,19.35,63.5,920.8,851.53,147.35,305.75,0.28,76.0,77230.0
20170814:1800,20.68,57.45,987.0,864.74,138.3,318.15,0.41,57.0,77190.0
20170814:1900,21.6,53.75,855.35,669.22,190.6,318.95,0.41,178.0,77140.0
20170814:2000,21.65,55.65,803.3,669.63,171.75,322.8,0.62,182.0,77090.0
20170814:2100,21.52,57.65,598.9,536.57,151.25,330.75,0.83,168.0,77040.0
20170814:2200,21.11,61.7,484.55,526.92,129.3,331.5,0.34,67.0,76990.0
20170814:2300,20.94,61.7,274.75,411.58,79.75,332.65,0.69,65.0,76970.0
20170815:0000,19.75,65.85,57.45,151.16,20.5,324.95,0.62,188.0,76990.0
20170815:0100,17.64,80.85,0.0,0.0,0.0,319.25,1.45,231.0,77100.0
20170815:0200,15.39,89.55,0.0,-0.0,0.0,303.65,1.03,197.0,77160.0
20170815:0300,14.86,89.5,0.0,-0.0,0.0,305.0,0.48,184.0,77170.0
20170815:0400,14.58,89.5,0.0,-0.0,0.0,298.05,0.41,215.0,77230.0
20170815:0500,12.86,92.65,0.0,-0.0,0.0,317.75,0.62,186.0,77240.0
20170815:0600,11.67,100.0,0.0,-0.0,0.0,309.25,1.1,173.0,77260.0
20170815:0700,12.61,95.95,0.0,-0.0,0.0,291.65,1.31,181.0,77230.0
20170815:0800,12.79,92.65,0.0,-0.0,0.0,313.9,1.17,184.0,77180.0
20170815:0900,11.6,99.4,0.0,-0.0,0.0,314.65,1.38,170.0,77190.0
20170815:1000,12.08,99.4,0.0,-0.0,0.0,337.5,0.69,177.0,77170.0
20170815:1100,12.72,95.95,0.0,-0.0,0.0,346.2,0.41,174.0,77190.0
20170815:1200,13.08,95.95,0.0,-0.0,0.0,348.15,0.14,197.0,77230.0
20170815:1300,13.44,92.65,155.7,476.39,81.55,341.75,0.28,28.0,77240.0
20170815:1400,14.95,89.5,375.05,532.83,167.7,317.0,0.62,33.0,77230.0
20170815:1500,16.83,78.0,656.7,840.46,151.05,325.9,0.69,22.0,77230.0
20170815:1600,18.72,68.05,645.0,554.83,213.0,306.95,0.9,23.0,77210.0
20170815:1700,19.63,61.4,787.0,604.43,238.15,330.15,0.69,42.0,77220.0
20170815:1800,20.52,57.45,825.15,659.57,178.05,337.7,0.48,81.0,77180.0
20170815:1900,20.94,63.9,833.35,607.08,230.65,323.55,0.97,355.0,77120.0
20170815:2000,21.39,64.0,834.55,648.03,223.9,335.75,1.31,5.0,77070.0
20170815:2100,21.95,61.95,604.95,519.12,172.45,318.95,1.59,8.0,76990.0
20170815:2200,21.3,66.15,389.25,348.6,154.75,326.85,1.17,17.0,76960.0
20170815:2300,19.08,70.55,132.85,87.42,91.6,339.45,0.55,310.0,77000.0
20170816:0000,17.95,78.15,30.95,19.62,26.2,340.8,0.69,232.0,77090.0
20170816:0100,16.58,83.6,0.0,0.0,0.0,332.8,0.83,214.0,77120.0
20170816:0200,15.6,89.55,0.0,-0.0,0.0,330.95,0.97,198.0,77190.0
20170816:0300,14.49,92.7,0.0,-0.0,0.0,327.85,0.83,191.0,77250.0
20170816:0400,14.47,89.5,0.0,-0.0,0.0,318.55,0.48,204.0,77260.0
20170816:0500,14.24,92.7,0.0,-0.0,0.0,310.2,0.48,192.0,77310.0
20170816:0600,13.03,92.65,0.0,-0.0,0.0,314.1,0.83,158.0,77320.0
20170816:0700,13.51,92.65,0.0,-0.0,0.0,327.05,0.48,218.0,77310.0
20170816:0800,13.26,92.65,0.0,-0.0,0.0,341.0,0.48,321.0,77280.0
20170816:0900,13.18,92.65,0.0,-0.0,0.0,335.75,0.55,345.0,77250.0
20170816:1000,13.16,92.65,0.0,-0.0,0.0,338.1,0.41,345.0,77250.0
20170816:1100,13.27,92.65,0.0,-0.0,0.0,340.4,0.28,355.0,77260.0
20170816:1200,13.34,89.45,0.0,-0.0,0.0,340.8,0.41,3.0,77260.0
20170816:1300,13.46,89.45,117.2,205.08,85.45,334.0,0.14,334.0,77280.0
20170816:1400,14.34,83.45,308.65,361.95,168.0,328.4,0.83,149.0,77340.0
20170816:1500,15.55,83.5,536.9,513.84,227.95,339.85,1.38,166.0,77360.0
20170816:1600,16.65,80.75,446.1,327.04,191.55,324.95,1.93,172.0,77370.0
20170816:1700,17.27,78.0,720.2,572.89,200.15,345.25,2.28,181.0,77360.0
20170816:1800,18.43,81.0,744.75,404.35,348.2,327.45,2.41,190.0,77340.0
20170816:1900,19.8,78.35,867.45,600.13,272.0,361.9,1.93,192.0,77300.0
20170816:2000,20.58,73.3,712.3,437.25,300.65,336.95,1.86,206.0,77210.0
20170816:2100,20.69,68.4,549.3,368.0,243.15,349.1,1.59,206.0,77160.0
20170816:2200,19.59,65.85,368.1,282.52,178.5,346.4,1.59,174.0,77110.0
20170816:2300,18.93,68.1,164.2,113.42,110.9,331.3,1.79,173.0,77180.0
20170817:0000,18.16,72.9,43.9,25.03,37.9,334.2,1.72,172.0,77220.0
20170817:0100,16.32,77.85,0.0,0.0,0.0,320.2,1.52,162.0,77340.0
20170817:0200,14.67,86.45,0.0,-0.0,0.0,324.55,1.66,168.0,77450.0
20170817:0300,14.45,86.45,0.0,-0.0,0.0,333.45,1.31,161.0,77480.0
20170817:0400,13.53,92.65,0.0,-0.0,0.0,311.4,1.52,160.0,77500.0
20170817:0500,12.69,95.95,0.0,-0.0,0.0,298.2,1.31,171.0,77520.0
20170817:0600,12.54,95.95,0.0,-0.0,0.0,301.9,1.17,183.0,77520.0
20170817:0700,14.06,89.5,0.0,-0.0,0.0,310.05,0.83,163.0,77450.0
20170817:0800,13.25,95.95,0.0,-0.0,0.0,313.7,0.55,152.0,77430.0
20170817:0900,12.88,92.65,0.0,-0.0,0.0,329.95,0.55,150.0,77430.0
20170817:1000,12.27,99.4,0.0,-0.0,0.0,347.2,0.62,144.0,77400.0
20170817:1100,12.26,99.4,0.0,-0.0,0.0,349.1,0.48,131.0,77440.0
20170817:1200,12.06,99.4,0.0,-0.0,0.0,344.3,0.34,99.0,77470.0
20170817:1300,12.2,99.4,94.45,174.68,67.55,334.2,0.55,66.0,77530.0
20170817:1400,13.85,89.5,350.6,492.48,159.5,332.3,0.97,36.0,77540.0
20170817:1500,16.17,83.55,515.95,530.63,197.1,321.05,1.31,26.0,77530.0
20170817:1600,17.97,72.9,655.45,462.3,295.75,320.5,1.24,27.0,77520.0
20170817:1700,19.45,65.85,780.05,456.71,365.6,326.3,1.24,26.0,77500.0
20170817:1800,20.54,63.8,963.8,713.97,263.9,340.2,1.31,14.0,77470.0
20170817:1900,22.47,55.9,868.75,562.94,310.55,333.45,1.31,356.0,77400.0
20170817:2000,22.44,57.9,577.1,253.36,338.8,328.6,1.45,341.0,77290.0
20170817:2100,20.39,59.5,323.05,101.6,238.65,357.45,1.1,21.0,77270.0
20170817:2200,17.81,78.1,175.1,17.4,163.45,347.95,1.59,39.0,77340.0
20170817:2300,16.83,83.6,103.25,1.82,102.4,335.0,0.69,30.0,77320.0
20170818:0000,16.89,80.8,39.65,19.6,35.0,334.6,1.24,348.0,77340.0
20170818:0100,16.15,83.55,0.0,-0.0,0.0,316.7,1.31,338.0,77360.0
20170818:0200,15.18,92.7,0.0,-0.0,0.0,321.25,0.9,359.0,77450.0
20170818:0300,15.06,89.5,0.0,-0.0,0.0,324.75,0.76,358.0,77500.0
20170818:0400,13.83,89.5,0.0,-0.0,0.0,322.4,1.1,349.0,77530.0
20170818:0500,13.27,95.95,0.0,-0.0,0.0,313.7,1.17,359.0,77540.0
20170818:0600,13.01,92.65,0.0,-0.0,0.0,314.85,1.03,9.0,77520.0
20170818:0700,12.96,92.65,0.0,-0.0,0.0,321.25,0.69,22.0,77530.0
20170818:0800,12.41,95.95,0.0,-0.0,0.0,326.85,0.76,355.0,77470.0
20170818:0900,12.11,99.4,0.0,-0.0,0.0,299.4,0.76,352.0,77450.0
20170818:1000,11.47,99.4,0.0,-0.0,0.0,309.45,0.83,347.0,77460.0
20170818:1100,11.42,99.4,0.0,-0.0,0.0,307.9,0.83,356.0,77460.0
20170818:1200,10.91,99.35,0.0,-0.0,0.0,312.15,0.83,10.0,77490.0
20170818:1300,11.54,99.4,152.15,380.24,93.9,322.4,0.83,10.0,77510.0
20170818:1400,13.66,89.45,366.95,392.91,214.7,325.1,1.03,16.0,77510.0
20170818:1500,15.25,89.5,633.5,788.39,160.05,332.65,1.52,4.0,77510.0
20170818:1600,17.52,75.4,806.9,831.61,160.1,329.2,1.66,6.0,77490.0
20170818:1700,19.17,63.5,985.35,960.09,114.4,320.5,1.59,11.0,77450.0
20170818:1800,20.61,57.45,1012.5,896.87,133.7,310.8,1.45,7.0,77410.0
20170818:1900,21.99,53.85,957.7,792.3,172.6,315.25,1.45,358.0,77320.0
20170818:2000,22.17,55.8,622.65,341.85,301.45,330.35,1.52,352.0,77240.0
20170818:2100,22.14,55.8,488.7,403.26,154.25,347.75,1.17,356.0,77160.0
20170818:2200,19.99,65.95,274.4,171.02,160.2,340.0,2.14,35.0,77170.0
20170818:2300,17.69,75.4,121.9,103.37,73.75,340.8,1.31,43.0,77220.0
20170819:0000,17.35,78.1,36.15,42.82,26.1,334.4,0.62,286.0,77270.0
20170819:0100,16.42,80.75,0.0,-0.0,0.0,330.45,0.76,354.0,77310.0
20170819:0200,15.31,89.55,0.0,-0.0,0.0,322.05,0.9,359.0,77360.0
20170819:0300,14.62,89.5,0.0,-0.0,0.0,332.65,1.1,12.0,77380.0
20170819:0400,14.13,89.5,0.0,-0.0,0.0,330.15,1.03,20.0,77440.0
20170819:0500,14.26,89.5,0.0,-0.0,0.0,317.0,0.69,19.0,77470.0
20170819:0600,13.7,89.45,0.0,-0.0,0.0,339.05,0.28,245.0,77500.0
20170819:0700,13.11,95.95,0.0,-0.0,0.0,352.8,0.76,11.0,77470.0
20170819:0800,13.49,95.95,0.0,-0.0,0.0,363.05,0.76,15.0,77410.0
20170819:0900,13.5,95.95,0.0,-0.0,0.0,357.65,0.69,17.0,77350.0
20170819:1000,13.34,92.65,0.0,-0.0,0.0,349.9,0.41,6.0,77320.0
20170819:1100,13.3,92.65,0.0,-0.0,0.0,354.35,0.48,12.0,77310.0
20170819:1200,12.98,95.95,0.0,-0.0,0.0,344.3,0.69,358.0,77340.0
20170819:1300,13.22,95.95,133.95,310.02,86.7,347.4,0.9,359.0,77370.0
20170819:1400,13.96,89.5,373.1,584.94,146.75,344.65,0.97,2.0,77410.0
20170819:1500,15.36,83.5,598.6,659.74,202.65,315.85,0.97,352.0,77410.0
20170819:1600,17.22,75.3,730.0,611.54,254.55,322.2,1.03,349.0,77370.0
20170819:1700,18.75,65.65,889.6,766.64,194.4,337.3,0.97,19.0,77320.0
20170819:1800,19.98,57.3,997.8,880.72,135.25,317.0,1.1,31.0,77290.0
20170819:1900,20.89,51.75,896.55,753.98,149.95,307.9,1.24,27.0,77250.0
20170819:2000,21.15,51.75,716.65,610.45,143.7,320.5,1.45,27.0,77180.0
20170819:2100,20.91,49.95,637.65,580.14,157.3,332.85,1.38,31.0,77120.0
20170819:2200,20.7,51.65,388.35,410.13,115.2,327.25,0.9,55.0,77060.0
20170819:2300,20.46,49.8,192.6,246.31,78.4,329.2,0.69,18.0,77060.0
20170820:0000,19.85,55.2,51.55,139.81,19.1,338.65,0.62,270.0,77110.0
20170820:0100,18.56,65.65,0.0,-0.0,0.0,327.55,0.21,214.0,77180.0
20170820:0200,17.57,70.3,0.0,-0.0,0.0,316.05,0.07,189.0,77210.0
20170820:0300,16.71,75.25,0.0,-0.0,0.0,317.55,0.62,314.0,77270.0
20170820:0400,15.45,83.5,0.0,-0.0,0.0,324.55,0.97,339.0,77330.0
20170820:0500,14.45,83.45,0.0,-0.0,0.0,308.85,1.1,346.0,77380.0
20170820:0600,13.68,89.45,0.0,-0.0,0.0,322.6,1.17,353.0,77380.0
20170820:0700,13.05,92.65,0.0,-0.0,0.0,313.5,1.17,329.0,77400.0
20170820:0800,13.22,92.65,0.0,-0.0,0.0,346.8,1.1,341.0,77360.0
20170820:0900,13.48,89.45,0.0,-0.0,0.0,349.5,0.9,351.0,77320.0
20170820:1000,14.0,86.4,0.0,-0.0,0.0,337.5,0.62,348.0,77300.0
20170820:1100,13.27,92.65,0.0,-0.0,0.0,341.75,0.83,2.0,77270.0
20170820:1200,13.27,92.65,0.0,-0.0,0.0,338.3,0.9,6.0,77300.0
20170820:1300,13.24,92.65,121.7,320.83,73.05,337.1,0.9,3.0,77310.0
20170820:1400,14.68,86.45,317.35,387.9,167.45,353.95,0.76,5.0,77340.0
20170820:1500,16.35,75.25,549.45,585.71,198.15,336.35,0.83,2.0,77340.0
20170820:1600,18.02,67.95,801.9,772.17,201.8,338.3,1.1,5.0,77350.0
20170820:1700,19.56,61.4,859.8,751.28,178.8,322.0,1.17,21.0,77310.0
20170820:1800,20.34,57.3,991.3,829.18,179.65,319.7,1.1,31.0,77270.0
20170820:1900,21.56,53.75,986.6,858.45,137.2,315.45,1.59,26.0,77190.0
20170820:2000,22.16,52.0,787.35,658.93,169.6,315.05,1.59,29.0,77120.0
20170820:2100,22.07,50.2,643.0,637.1,116.4,320.65,1.79,32.0,77040.0
20170820:2200,22.41,46.85,391.15,374.15,142.65,329.0,1.79,26.0,77020.0
20170820:2300,21.6,48.3,190.55,246.74,76.7,337.9,2.34,37.0,77000.0
20170821:0000,20.71,53.5,39.4,61.02,25.4,335.2,1.59,46.0,77030.0
20170821:0100,18.79,70.45,0.0,-0.0,0.0,337.05,1.03,344.0,77090.0
20170821:0200,17.08,75.3,0.0,-0.0,0.0,335.75,0.97,346.0,77180.0
20170821:0300,15.48,80.6,0.0,-0.0,0.0,330.15,1.38,9.0,77260.0
20170821:0400,14.49,83.45,0.0,-0.0,0.0,322.2,1.31,9.0,77360.0
20170821:0500,13.58,89.45,0.0,-0.0,0.0,318.55,1.31,9.0,77390.0
20170821:0600,13.27,92.65,0.0,-0.0,0.0,328.8,1.31,358.0,77410.0
20170821:0700,13.47,89.45,0.0,-0.0,0.0,344.3,1.03,9.0,77390.0
20170821:0800,12.82,92.65,0.0,-0.0,0.0,321.65,1.1,349.0,77390.0
20170821:0900,12.72,95.95,0.0,-0.0,0.0,335.55,1.17,351.0,77360.0
20170821:1000,12.27,99.4,0.0,-0.0,0.0,320.5,1.24,354.0,77330.0
20170821:1100,12.2,99.4,0.0,-0.0,0.0,329.75,1.24,346.0,77340.0
20170821:1200,12.24,99.4,0.0,-0.0,0.0,337.5,1.24,343.0,77370.0
20170821:1300,12.52,95.95,146.1,447.04,78.65,330.35,1.45,344.0,77410.0
20170821:1400,14.19,86.4,378.1,652.47,126.3,320.65,1.72,350.0,77410.0
20170821:1500,15.88,77.85,507.4,459.03,232.25,306.55,1.66,3.0,77420.0
20170821:1600,17.42,70.3,634.85,547.35,209.65,329.2,1.66,13.0,77400.0
20170821:1700,18.49,65.65,797.7,702.65,161.05,328.4,1.59,22.0,77390.0
20170821:1800,19.48,61.4,827.1,690.52,151.55,323.95,1.45,23.0,77350.0
20170821:1900,20.38,55.45,744.35,581.85,169.1,317.0,1.66,17.0,77300.0
20170821:2000,20.76,55.45,703.3,573.26,166.5,326.5,1.72,12.0,77240.0
20170821:2100,21.09,51.75,598.3,579.65,120.05,333.65,2.14,6.0,77190.0
20170821:2200,21.18,51.75,363.6,332.86,143.15,337.7,2.21,26.0,77140.0
20170821:2300,20.83,51.65,190.3,175.77,109.6,348.95,1.66,20.0,77140.0
20170822:0000,19.92,57.3,36.95,60.43,23.25,333.45,1.52,5.0,77170.0
20170822:0100,18.6,63.4,0.0,-0.0,0.0,343.6,2.14,2.0,77220.0
20170822:0200,17.33,70.3,0.0,-0.0,0.0,342.55,2.07,8.0,77300.0
20170822:0300,15.96,77.85,0.0,-0.0,0.0,331.3,1.79,0.0,77400.0
20170822:0400,14.6,83.45,0.0,-0.0,0.0,322.4,1.52,354.0,77460.0
20170822:0500,13.74,89.45,0.0,-0.0,0.0,316.4,1.31,358.0,77490.0
20170822:0600,13.48,89.45,0.0,-0.0,0.0,328.8,1.17,357.0,77490.0
20170822:0700,13.4,89.45,0.0,-0.0,0.0,339.05,1.31,9.0,77420.0
20170822:0800,13.45,89.45,0.0,-0.0,0.0,342.55,1.17,0.0,77370.0
20170822:0900,13.36,89.45,0.0,-0.0,0.0,335.75,1.03,348.0,77350.0
20170822:1000,12.92,92.65,0.0,-0.0,0.0,333.25,1.31,356.0,77320.0
20170822:1100,12.75,95.95,0.0,-0.0,0.0,335.0,1.52,4.0,77300.0
20170822:1200,12.11,99.4,0.0,-0.0,0.0,316.4,1.52,1.0,77320.0
20170822:1300,12.59,95.95,176.05,476.55,104.5,319.5,1.17,355.0,77360.0
20170822:1400,14.78,86.45,379.35,548.38,168.0,312.35,1.31,346.0,77380.0
20170822:1500,16.67,77.95,609.0,679.49,201.95,325.1,1.24,342.0,77410.0
20170822:1600,18.27,70.35,705.05,602.26,237.4,329.55,1.31,356.0,77410.0
20170822:1700,19.15,63.5,701.3,517.96,232.2,332.65,1.1,18.0,77390.0
20170822:1800,19.83,61.4,807.6,551.52,268.35,332.85,0.83,29.0,77370.0
20170822:1900,20.74,57.45,745.1,533.24,218.35,342.95,1.45,14.0,77280.0
20170822:2000,21.23,55.55,565.0,377.5,211.95,342.55,1.52,6.0,77260.0
20170822:2100,21.06,55.55,518.35,388.39,198.5,339.05,1.59,8.0,77190.0
20170822:2200,20.88,55.55,374.5,316.89,165.25,334.4,2.34,21.0,77100.0
20170822:2300,20.09,59.35,110.25,35.36,94.1,331.5,1.45,8.0,77140.0
20170823:0000,18.11,72.9,18.15,0.0,18.15,357.05,0.62,343.0,77220.0
20170823:0100,16.76,80.75,0.0,-0.0,0.0,351.75,1.1,357.0,77270.0
20170823:0200,15.77,86.5,0.0,-0.0,0.0,337.1,1.03,352.0,77320.0
20170823:0300,15.27,92.7,0.0,-0.0,0.0,357.25,1.38,336.0,77390.0
20170823:0400,14.3,89.5,0.0,-0.0,0.0,337.7,1.24,345.0,77450.0
20170823:0500,13.98,92.7,0.0,-0.0,0.0,344.85,1.03,351.0,77480.0
20170823:0600,14.29,92.7,0.0,-0.0,0.0,363.05,1.03,2.0,77440.0
20170823:0700,14.13,96.0,0.0,-0.0,0.0,350.85,1.31,353.0,77390.0
20170823:0800,13.95,96.0,0.0,-0.0,0.0,348.75,1.31,347.0,77360.0
20170823:0900,13.43,95.95,0.0,-0.0,0.0,349.9,1.31,359.0,77290.0
20170823:1000,12.95,95.95,0.0,-0.0,0.0,341.75,1.24,358.0,77280.0
20170823:1100,12.61,95.95,0.0,-0.0,0.0,337.3,0.97,353.0,77280.0
20170823:1200,12.34,95.95,0.0,-0.0,0.0,346.6,0.76,352.0,77270.0
20170823:1300,12.24,99.4,139.9,294.48,95.9,349.3,0.83,351.0,77300.0
20170823:1400,12.91,92.65,355.85,408.8,198.5,335.75,0.9,350.0,77300.0
20170823:1500,14.78,89.5,586.35,600.24,227.0,336.55,1.1,350.0,77310.0
20170823:1600,16.89,72.7,833.6,872.77,156.2,320.5,1.45,1.0,77300.0
20170823:1700,18.73,65.65,935.0,758.81,248.1,306.75,1.52,4.0,77260.0
20170823:1800,19.9,57.3,832.05,610.46,235.55,332.85,1.52,8.0,77220.0
20170823:1900,20.18,59.35,748.45,529.46,225.9,341.0,2.0,2.0,77140.0
20170823:2000,20.44,55.45,684.05,526.5,192.3,336.35,2.21,2.0,77080.0
20170823:2100,20.36,57.3,537.25,431.62,182.5,328.4,2.76,5.0,76980.0
20170823:2200,20.19,57.3,378.35,328.72,161.95,329.0,2.9,11.0,76920.0
20170823:2300,19.48,57.2,118.6,60.3,91.2,331.7,2.48,21.0,76940.0
20170824:0000,18.42,63.4,30.7,26.46,24.85,346.0,1.79,21.0,76980.0
20170824:0100,17.59,70.3,0.0,-0.0,0.0,335.9,1.79,24.0,77050.0
20170824:0200,16.35,75.25,0.0,-0.0,0.0,332.85,1.72,16.0,77120.0
20170824:0300,15.42,83.5,0.0,-0.0,0.0,329.95,1.86,9.0,77150.0
20170824:0400,14.56,86.45,0.0,-0.0,0.0,328.2,1.66,5.0,77200.0
20170824:0500,13.61,89.45,0.0,-0.0,0.0,316.8,1.66,359.0,77220.0
20170824:0600,12.85,92.65,0.0,-0.0,0.0,311.75,1.59,356.0,77200.0
20170824:0700,13.34,89.45,0.0,-0.0,0.0,301.5,0.9,352.0,77180.0
20170824:0800,13.29,92.65,0.0,-0.0,0.0,292.2,0.69,331.0,77140.0
20170824:0900,12.78,95.95,0.0,-0.0,0.0,298.05,0.9,354.0,77080.0
20170824:1000,12.19,99.4,0.0,-0.0,0.0,284.65,0.9,3.0,77050.0
20170824:1100,11.84,95.95,0.0,-0.0,0.0,294.55,0.97,4.0,77050.0
20170824:1200,10.78,99.35,0.0,-0.0,0.0,297.65,1.17,12.0,77060.0
20170824:1300,10.69,100.0,142.05,252.18,104.55,311.4,1.1,24.0,77100.0
20170824:1400,13.05,92.65,374.1,499.07,182.25,300.95,1.24,21.0,77090.0
20170824:1500,15.3,89.5,613.6,643.24,228.75,310.4,1.38,8.0,77120.0
20170824:1600,17.21,72.7,760.35,601.97,293.35,306.55,1.45,9.0,77130.0
20170824:1700,18.5,63.4,816.65,594.29,278.95,308.85,1.52,11.0,77080.0
20170824:1800,19.52,57.2,884.4,765.25,137.15,331.1,2.0,10.0,77020.0
20170824:1900,20.35,53.35,756.55,554.66,209.65,311.75,1.38,19.0,76960.0
20170824:2000,20.8,51.65,588.6,325.07,285.4,330.55,1.59,19.0,76840.0
20170824:2100,20.57,51.65,521.25,444.38,156.75,354.35,1.52,2.0,76810.0
20170824:2200,20.84,49.8,346.0,338.06,124.15,339.65,1.66,17.0,76740.0
20170824:2300,20.32,51.5,135.25,99.03,90.5,337.5,1.72,35.0,76760.0
20170825:0000,19.33,59.15,27.8,50.64,16.75,343.9,0.9,50.0,76790.0
20170825:0100,17.79,72.8,0.0,-0.0,0.0,345.95,0.41,85.0,76860.0
20170825:0200,17.18,72.7,0.0,-0.0,0.0,346.8,0.48,53.0,76930.0
20170825:0300,16.01,83.55,0.0,-0.0,0.0,355.1,1.03,19.0,76970.0
20170825:0400,15.53,83.5,0.0,-0.0,0.0,341.2,1.03,15.0,77020.0
20170825:0500,15.37,80.6,0.0,-0.0,0.0,323.4,0.9,18.0,77030.0
20170825:0600,15.32,80.6,0.0,-0.0,0.0,321.05,0.55,108.0,77020.0
20170825:0700,14.6,80.55,0.0,-0.0,0.0,296.3,0.41,143.0,77010.0
20170825:0800,14.22,83.4,0.0,-0.0,0.0,291.85,0.9,180.0,76960.0
20170825:0900,13.71,86.35,0.0,-0.0,0.0,281.4,0.69,189.0,76940.0
20170825:1000,12.54,92.6,0.0,-0.0,0.0,293.6,0.48,159.0,76950.0
20170825:1100,11.42,99.4,0.0,-0.0,0.0,293.95,0.62,146.0,76970.0
20170825:1200,10.75,100.0,0.0,-0.0,0.0,305.2,0.83,154.0,76990.0
20170825:1300,10.85,95.9,133.95,349.32,82.25,309.25,0.83,148.0,77030.0
20170825:1400,13.78,92.65,309.2,446.97,137.6,322.8,0.62,154.0,77040.0
20170825:1500,16.32,80.65,590.05,707.96,166.75,329.0,0.62,171.0,77090.0
20170825:1600,18.34,65.65,730.5,653.34,223.9,311.55,0.62,179.0,77090.0
20170825:1700,19.7,61.4,958.55,929.18,118.3,313.3,0.41,185.0,77070.0
20170825:1800,21.29,51.75,435.95,151.01,288.6,310.4,0.34,64.0,77010.0
20170825:1900,20.5,63.8,589.8,348.82,246.2,356.3,0.83,185.0,76980.0
20170825:2000,21.1,66.15,564.6,295.47,289.4,365.2,0.97,214.0,76890.0
20170825:2100,21.14,68.5,382.1,175.26,238.65,351.05,0.69,198.0,76880.0
20170825:2200,20.17,68.3,217.25,56.95,180.0,354.55,0.9,129.0,76870.0
20170825:2300,19.01,75.65,110.65,40.61,92.4,350.65,1.45,139.0,76920.0
20170826:0000,17.33,86.6,28.95,23.46,23.9,331.9,1.17,188.0,76970.0
20170826:0100,16.55,86.55,0.0,-0.0,0.0,340.9,1.1,175.0,77000.0
20170826:0200,15.5,96.0,0.0,-0.0,0.0,327.65,1.1,171.0,77080.0
20170826:0300,15.08,96.0,0.0,-0.0,0.0,324.35,0.97,178.0,77150.0
20170826:0400,13.9,92.7,0.0,-0.0,0.0,332.1,1.24,156.0,77220.0
20170826:0500,13.95,96.0,0.0,-0.0,0.0,349.9,0.9,140.0,77270.0
20170826:0600,14.23,96.0,0.0,-0.0,0.0,362.1,0.83,171.0,77250.0
20170826:0700,14.14,96.0,0.0,-0.0,0.0,353.4,0.55,167.0,77220.0
20170826:0800,14.17,92.7,0.0,-0.0,0.0,344.3,0.28,140.0,77180.0
20170826:0900,13.4,92.65,0.0,-0.0,0.0,338.1,0.28,80.0,77170.0
20170826:1000,13.19,95.95,0.0,-0.0,0.0,351.45,0.55,42.0,77160.0
20170826:1100,13.01,95.95,0.0,-0.0,0.0,350.65,0.69,20.0,77160.0
20170826:1200,12.32,95.95,0.0,-0.0,0.0,331.5,0.69,24.0,77190.0
20170826:1300,12.3,95.95,153.95,337.38,104.25,330.55,0.76,28.0,77200.0
20170826:1400,13.85,89.5,284.5,310.23,165.55,322.4,1.03,4.0,77250.0
20170826:1500,15.58,86.5,475.55,420.32,224.4,338.5,0.9,359.0,77260.0
20170826:1600,17.36,75.4,707.7,661.29,195.2,329.55,0.62,357.0,77230.0
20170826:1700,18.79,70.45,728.15,517.11,260.8,322.8,0.41,88.0,77220.0
20170826:1800,19.78,70.65,894.4,686.82,224.7,333.65,0.83,134.0,77210.0
20170826:1900,21.78,59.7,858.75,701.77,168.2,338.85,0.55,29.0,77140.0
20170826:2000,22.01,59.8,743.9,617.2,169.9,340.2,0.97,17.0,77050.0
20170826:2100,21.69,61.85,483.75,323.61,219.45,332.3,0.97,35.0,76990.0
20170826:2200,20.36,73.2,269.5,140.66,177.8,346.8,0.41,4.0,76960.0
20170826:2300,18.24,78.15,106.4,40.63,88.25,332.65,0.83,356.0,77050.0
20170827:0000,17.89,78.15,23.9,0.0,23.9,353.95,0.97,280.0,77060.0
20170827:0100,17.04,83.65,0.0,-0.0,0.0,338.95,0.97,233.0,77120.0
20170827:0200,15.84,89.6,0.0,-0.0,0.0,334.0,0.48,257.0,77210.0
20170827:0300,14.75,92.7,0.0,-0.0,0.0,326.65,0.83,345.0,77260.0
20170827:0400,13.44,95.95,0.0,-0.0,0.0,322.8,1.1,345.0,77310.0
20170827:0500,12.92,95.95,0.0,-0.0,0.0,318.75,1.31,338.0,77310.0
20170827:0600,13.35,95.95,0.0,-0.0,0.0,342.55,1.17,328.0,77280.0
20170827:0700,13.88,92.7,0.0,-0.0,0.0,342.95,0.97,331.0,77200.0
20170827:0800,13.53,95.95,0.0,-0.0,0.0,344.3,1.03,334.0,77160.0
20170827:0900,13.18,95.95,0.0,-0.0,0.0,341.4,1.1,341.0,77110.0
20170827:1000,12.94,95.95,0.0,-0.0,0.0,334.6,1.1,358.0,77100.0
20170827:1100,13.18,95.95,0.0,-0.0,0.0,345.65,0.83,10.0,77100.0
20170827:1200,13.63,95.95,0.0,-0.0,0.0,351.85,0.48,35.0,77130.0
20170827:1300,13.43,95.95,116.3,147.98,94.6,354.55,0.69,33.0,77120.0
20170827:1400,14.4,86.45,290.65,326.68,165.55,358.4,0.62,0.0,77170.0
20170827:1500,15.91,83.55,544.2,594.51,189.2,356.5,0.76,4.0,77170.0
20170827:1600,17.54,75.4,597.45,564.11,160.5,329.75,0.62,40.0,77140.0
20170827:1700,18.59,70.45,820.95,662.84,222.25,330.75,0.28,65.0,77110.0
20170827:1800,19.72,65.85,824.4,613.21,226.95,330.15,0.28,58.0,77070.0
20170827:1900,20.66,61.6,817.45,643.58,184.85,335.4,0.28,298.0,77040.0
20170827:2000,21.32,61.7,641.85,513.69,164.85,338.5,0.97,325.0,76970.0
20170827:2100,21.36,61.7,525.5,437.3,169.15,347.4,1.38,335.0,76840.0
20170827:2200,21.43,57.65,337.65,248.75,176.05,337.9,1.59,7.0,76800.0
20170827:2300,20.85,59.5,98.45,62.82,70.55,355.9,0.97,13.0,76790.0
20170828:0000,18.75,72.95,22.0,16.25,18.6,369.85,0.69,98.0,76870.0
20170828:0100,16.99,83.65,0.0,-0.0,0.0,363.75,0.62,115.0,76980.0
20170828:0200,15.87,92.75,0.0,-0.0,0.0,352.8,0.48,56.0,77060.0
20170828:0300,15.71,96.0,0.0,-0.0,0.0,358.0,0.9,359.0,77080.0
20170828:0400,14.78,92.7,0.0,-0.0,0.0,318.95,0.76,359.0,77150.0
20170828:0500,14.22,92.7,0.0,-0.0,0.0,338.3,1.03,357.0,77180.0
20170828:0600,14.0,92.7,0.0,-0.0,0.0,345.85,1.24,24.0,77150.0
20170828:0700,13.44,95.95,0.0,-0.0,0.0,346.6,1.17,29.0,77110.0
20170828:0800,13.39,95.95,0.0,-0.0,0.0,347.0,0.76,14.0,77060.0
20170828:0900,13.38,95.95,0.0,-0.0,0.0,347.55,0.9,18.0,77010.0
20170828:1000,12.9,95.95,0.0,-0.0,0.0,330.35,0.83,11.0,77000.0
20170828:1100,13.08,95.95,0.0,-0.0,0.0,351.25,0.83,4.0,77010.0
20170828:1200,13.47,95.95,0.0,-0.0,0.0,359.75,1.03,24.0,77030.0
20170828:1300,13.79,95.95,50.55,74.33,39.7,363.85,1.38,27.0,77050.0
20170828:1400,14.11,92.7,106.3,10.33,102.35,367.3,1.31,20.0,77070.0
20170828:1500,14.73,89.5,115.15,0.0,115.15,369.05,1.17,5.0,77100.0
20170828:1600,14.87,89.5,320.35,119.03,228.2,369.85,0.83,353.0,77120.0
20170828:1700,16.52,89.65,477.6,151.05,341.25,350.65,0.62,310.0,77110.0
20170828:1800,18.01,86.7,435.0,119.41,318.75,363.05,0.69,277.0,77070.0
20170828:1900,19.01,89.8,448.3,76.08,373.6,370.4,0.41,94.0,77010.0
20170828:2000,18.94,86.8,446.0,124.8,330.3,383.0,0.0,266.0,76940.0
20170828:2100,19.62,83.9,359.6,77.86,296.3,368.65,0.55,342.0,76820.0
20170828:2200,19.66,78.35,285.55,121.96,206.6,367.1,0.76,31.0,76810.0
20170828:2300,19.08,75.65,123.45,68.31,93.3,352.4,1.1,24.0,76800.0
20170829:0000,16.92,83.65,22.15,6.55,20.8,335.55,0.69,93.0,76930.0
20170829:0100,15.38,89.55,0.0,-0.0,0.0,331.05,0.83,264.0,77010.0
20170829:0200,15.0,96.0,0.0,-0.0,0.0,350.1,0.41,331.0,77070.0
20170829:0300,14.63,92.7,0.0,-0.0,0.0,347.95,0.83,10.0,77100.0
20170829:0400,14.46,92.7,0.0,-0.0,0.0,354.35,1.03,336.0,77150.0
20170829:0500,14.54,92.7,0.0,-0.0,0.0,361.7,1.1,351.0,77170.0
20170829:0600,14.41,92.7,0.0,-0.0,0.0,361.5,1.03,349.0,77130.0
20170829:0700,13.97,92.7,0.0,-0.0,0.0,353.4,0.14,187.0,77130.0
20170829:0800,13.84,89.5,0.0,-0.0,0.0,359.0,0.48,197.0,77080.0
20170829:0900,13.94,92.7,0.0,-0.0,0.0,369.25,0.69,227.0,77050.0
20170829:1000,13.9,92.7,0.0,-0.0,0.0,369.05,0.62,241.0,77050.0
20170829:1100,13.92,92.7,0.0,-0.0,0.0,367.9,0.48,235.0,77050.0
20170829:1200,13.83,92.7,0.0,-0.0,0.0,367.7,0.41,245.0,77090.0
20170829:1300,13.82,96.0,38.1,7.91,36.95,367.5,0.34,241.0,77110.0
20170829:1400,14.32,92.7,122.85,79.98,92.3,371.75,0.41,253.0,77140.0
20170829:1500,15.29,99.4,324.7,183.63,215.2,370.4,0.34,239.0,77160.0
20170829:1600,16.9,96.05,483.3,265.09,278.2,368.85,0.34,230.0,77170.0
20170829:1700,17.29,92.8,518.0,270.6,273.9,371.55,0.69,218.0,77190.0
20170829:1800,17.57,89.7,441.8,73.25,370.55,375.45,0.83,236.0,77170.0
20170829:1900,17.3,89.65,390.3,108.4,284.0,366.35,0.83,197.0,77130.0
20170829:2000,16.84,92.8,258.35,41.11,220.3,356.3,1.03,202.0,77060.0
20170829:2100,15.96,92.75,229.3,35.57,200.45,351.65,1.45,221.0,77070.0
20170829:2200,15.65,96.0,119.3,6.51,115.1,350.3,1.66,216.0,77020.0
20170829:2300,15.52,92.75,44.8,0.0,44.8,358.0,1.17,182.0,77050.0
20170830:0000,14.99,96.0,18.1,13.3,15.4,358.6,1.31,190.0,77070.0
20170830:0100,14.24,92.7,0.0,-0.0,0.0,351.35,1.1,192.0,77120.0
20170830:0200,14.04,89.5,0.0,-0.0,0.0,348.75,1.38,179.0,77180.0
20170830:0300,13.88,89.5,0.0,-0.0,0.0,353.4,1.24,190.0,77210.0
20170830:0400,13.9,89.5,0.0,-0.0,0.0,361.3,1.17,191.0,77250.0
20170830:0500,13.83,89.5,0.0,-0.0,0.0,362.85,1.1,187.0,77270.0
20170830:0600,13.58,92.65,0.0,-0.0,0.0,362.85,1.03,187.0,77250.0
20170830:0700,13.13,92.65,0.0,-0.0,0.0,361.5,1.31,202.0,77230.0
20170830:0800,13.03,92.65,0.0,-0.0,0.0,362.65,1.17,209.0,77210.0
20170830:0900,13.08,92.65,0.0,-0.0,0.0,365.4,1.24,206.0,77170.0
20170830:1000,12.87,92.65,0.0,-0.0,0.0,362.65,1.1,205.0,77160.0
20170830:1100,12.86,92.65,0.0,-0.0,0.0,360.15,1.1,188.0,77160.0
20170830:1200,12.97,92.65,0.0,-0.0,0.0,360.75,0.97,185.0,77180.0
20170830:1300,13.03,92.65,76.55,97.46,62.45,354.75,0.83,188.0,77200.0
20170830:1400,13.62,89.45,262.25,267.37,160.25,349.5,0.69,196.0,77230.0
20170830:1500,14.53,86.45,349.45,186.11,238.55,346.0,0.34,220.0,77250.0
20170830:1600,15.46,86.5,322.6,75.59,264.15,352.8,0.21,240.0,77260.0
20170830:1700,16.28,86.5,356.1,102.73,263.5,365.55,0.21,168.0,77270.0
20170830:1800,16.6,83.6,619.1,171.03,452.9,362.1,0.48,178.0,77250.0
20170830:1900,18.65,78.25,548.5,146.46,405.05,362.65,0.48,3.0,77160.0
20170830:2000,18.99,75.65,513.55,125.44,397.65,360.55,1.38,347.0,77070.0
20170830:2100,19.02,78.3,314.55,77.26,252.05,357.05,0.97,354.0,77040.0
20170830:2200,18.07,80.9,158.2,20.16,145.25,352.8,0.76,319.0,77040.0
20170830:2300,17.22,83.65,54.1,0.0,54.1,337.5,0.9,315.0,77060.0
20170831:0000,15.64,92.75,23.3,18.02,19.7,353.4,0.62,285.0,77140.0
20170831:0100,15.14,89.5,0.0,-0.0,0.0,330.85,0.83,306.0,77220.0
20170831:0200,14.56,89.5,0.0,-0.0,0.0,346.4,1.03,310.0,77270.0
20170831:0300,14.03,89.5,0.0,-0.0,0.0,344.5,1.24,320.0,77340.0
20170831:0400,13.42,92.65,0.0,-0.0,0.0,331.3,1.38,342.0,77400.0
20170831:0500,13.46,92.65,0.0,-0.0,0.0,349.5,1.31,343.0,77400.0
20170831:0600,13.62,92.65,0.0,-0.0,0.0,355.9,1.24,333.0,77360.0
20170831:0700,13.54,92.65,0.0,-0.0,0.0,358.6,0.41,15.0,77340.0
20170831:0800,13.32,92.65,0.0,-0.0,0.0,355.7,0.41,17.0,77270.0
20170831:0900,13.3,92.65,0.0,-0.0,0.0,361.1,0.34,348.0,77250.0
20170831:1000,13.38,92.65,0.0,-0.0,0.0,363.05,0.28,5.0,77230.0
20170831:1100,13.38,92.65,0.0,-0.0,0.0,361.9,0.34,28.0,77240.0
20170831:1200,13.46,92.65,0.0,-0.0,0.0,363.85,0.41,31.0,77270.0
20170831:1300,13.59,92.65,40.75,0.0,40.75,364.4,0.34,31.0,77290.0
20170831:1400,14.1,92.7,121.45,27.43,111.0,365.75,0.34,23.0,77320.0
20170831:1500,14.66,89.5,172.75,19.65,161.05,358.6,0.34,118.0,77340.0
20170831:1600,17.96,80.23,286.9,76.94,227.45,373.32,0.64,154.0,77320.0
20170831:1700,17.77,80.54,397.2,106.58,301.2,370.03,0.64,173.0,77310.0
20170831:1800,17.58,80.85,485.15,165.84,324.15,366.75,0.65,239.0,77280.0
20170831:1900,17.39,81.16,431.2,140.52,293.75,363.46,0.65,316.0,77220.0
20170831:2000,17.21,81.46,257.1,47.93,212.9,360.18,0.66,312.0,77130.0
20170831:2100,17.02,81.77,352.0,187.75,200.5,356.89,0.66,273.0,77050.0
20170831:2200,16.83,82.08,168.7,56.64,132.45,353.6,0.67,281.0,77110.0
20170831:2300,16.64,82.39,107.5,30.84,94.15,350.32,0.67,188.0,77040.0
20220901:0000,16.45,82.69,33.4,79.39,17.8,347.03,0.67,40.0,76910.0
20220901:0100,16.26,83.0,0.0,-0.0,0.0,343.75,0.68,213.0,76920.0
20220901:0200,16.08,83.31,0.0,-0.0,0.0,340.46,0.68,202.0,77010.0
20220901:0300,15.89,83.62,0.0,-0.0,0.0,337.17,0.69,211.0,77080.0
20220901:0400,15.7,83.92,0.0,-0.0,0.0,333.89,0.69,281.0,77130.0
20220901:0500,15.51,84.23,0.0,-0.0,0.0,330.6,0.7,316.0,77140.0
20220901:0600,15.32,84.54,0.0,-0.0,0.0,327.32,0.7,318.0,77140.0
20220901:0700,15.13,84.85,0.0,-0.0,0.0,324.03,0.71,317.0,77130.0
20220901:0800,13.34,95.95,0.0,-0.0,0.0,350.5,0.9,325.0,77090.0
20220901:0900,13.0,92.65,0.0,-0.0,0.0,338.1,1.17,335.0,77060.0
20220901:1000,12.6,95.95,0.0,-0.0,0.0,325.9,1.24,353.0,77050.0
20220901:1100,11.99,99.4,0.0,-0.0,0.0,327.45,1.17,357.0,77050.0
20220901:1200,12.21,99.4,0.0,-0.0,0.0,337.9,1.24,357.0,77080.0
20220901:1300,12.66,95.95,133.65,318.68,87.95,337.5,1.38,2.0,77080.0
20220901:1400,13.86,92.65,353.15,542.02,146.9,324.35,1.59,14.0,77110.0
20220901:1500,15.61,77.85,627.2,731.61,191.9,322.2,1.45,9.0,77120.0
20220901:1600,17.61,70.3,844.6,882.03,163.5,320.1,1.31,12.0,77130.0
20220901:1700,19.21,63.5,920.3,899.0,111.15,311.55,1.24,12.0,77100.0
20220901:1800,20.32,59.35,920.15,785.17,158.65,304.2,1.45,18.0,77070.0
20220901:1900,21.28,53.6,786.45,622.16,178.7,313.5,2.07,17.0,76990.0
20220901:2000,21.4,53.6,671.6,550.54,164.8,323.75,2.07,19.0,76900.0
20220901:2100,21.56,50.05,588.7,614.01,94.55,327.05,2.41,23.0,76820.0
20220901:2200,21.59,50.05,450.8,565.67,90.2,330.15,3.24,26.0,76730.0
20220901:2300,21.14,49.95,226.8,376.29,65.0,318.35,3.1,28.0,76680.0
20220902:0000,20.28,51.5,32.75,99.64,13.5,322.0,1.03,31.0,76720.0
20220902:0100,18.94,61.2,0.0,-0.0,0.0,334.7,0.14,310.0,76810.0
20220902:0200,17.56,70.3,0.0,-0.0,0.0,311.75,0.34,343.0,76870.0
20220902:0300,16.37,75.25,0.0,-0.0,0.0,314.3,0.97,4.0,76930.0
20220902:0400,14.19,86.4,0.0,-0.0,0.0,311.4,1.45,0.0,76990.0
20220902:0500,13.37,92.65,0.0,-0.0,0.0,314.5,1.52,351.0,77020.0
20220902:0600,12.7,95.95,0.0,-0.0,0.0,313.7,1.66,349.0,77040.0
20220902:0700,12.51,92.6,0.0,-0.0,0.0,320.1,1.59,355.0,77000.0
20220902:0800,12.25,95.95,0.0,-0.0,0.0,320.1,1.59,351.0,77000.0
20220902:0900,12.5,95.95,0.0,-0.0,0.0,336.15,1.59,353.0,76990.0
20220902:1000,12.93,92.65,0.0,-0.0,0.0,346.8,1.66,357.0,76970.0
20220902:1100,13.28,95.95,0.0,-0.0,0.0,349.3,1.79,1.0,76930.0
20220902:1200,12.88,95.95,0.0,-0.0,0.0,330.15,1.66,360.0,76940.0
20220902:1300,13.08,92.65,136.0,358.94,84.75,329.55,1.86,359.0,76970.0
20220902:1400,14.0,89.5,370.45,655.34,121.4,323.75,1.93,1.0,77020.0
20220902:1500,16.23,75.25,614.75,798.62,139.95,319.7,1.86,13.0,77030.0
20220902:1600,18.2,67.95,653.55,491.29,274.45,325.9,2.0,24.0,77020.0
20220902:1700,19.37,63.5,721.65,510.06,262.95,348.95,2.0,21.0,77000.0
20220902:1800,20.38,57.3,800.0,642.68,177.35,344.3,1.93,23.0,76950.0
20220902:1900,20.99,53.6,737.75,566.03,185.6,321.45,1.86,23.0,76900.0
20220902:2000,21.31,53.6,562.35,334.2,255.3,332.3,1.93,18.0,76820.0
20220902:2100,21.38,53.6,401.8,277.85,178.8,336.95,2.34,16.0,76750.0
20220902:2200,20.98,53.6,292.0,242.57,138.0,351.65,2.34,14.0,76730.0
20220902:2300,19.83,59.25,119.6,140.51,59.6,343.3,2.62,28.0,76780.0
20220903:0000,18.47,65.65,14.75,2.9,14.2,338.1,1.38,29.0,76850.0
20220903:0100,17.55,70.3,0.0,-0.0,0.0,364.7,1.17,32.0,76900.0
20220903:0200,16.1,77.95,0.0,-0.0,0.0,333.65,0.97,16.0,76970.0
20220903:0300,15.29,80.6,0.0,-0.0,0.0,330.95,1.03,352.0,77030.0
20220903:0400,14.09,86.4,0.0,-0.0,0.0,323.0,1.52,356.0,77060.0
20220903:0500,13.36,92.65,0.0,-0.0,0.0,320.85,1.66,358.0,77070.0
20220903:0600,12.66,95.95,0.0,-0.0,0.0,311.4,1.79,358.0,77070.0
20220903:0700,11.56,95.9,0.0,-0.0,0.0,293.95,1.72,359.0,77080.0
20220903:0800,11.01,99.35,0.0,-0.0,0.0,299.75,1.79,360.0,77030.0
20220903:0900,10.55,99.4,0.0,-0.0,0.0,294.95,1.93,358.0,77040.0
20220903:1000,11.14,100.0,0.0,-0.0,0.0,327.05,1.79,359.0,77020.0
20220903:1100,12.14,95.95,0.0,-0.0,0.0,346.4,2.21,357.0,77030.0
20220903:1200,12.19,99.4,0.0,-0.0,0.0,333.85,1.93,358.0,77070.0
20220903:1300,12.41,95.95,115.15,336.23,67.35,329.55,2.55,1.0,77080.0
20220903:1400,13.56,89.45,329.15,517.87,132.6,339.85,2.62,8.0,77090.0
20220903:1500,15.4,77.8,473.2,441.38,211.0,330.95,2.83,19.0,77060.0
20220903:1600,17.02,67.85,614.4,468.31,253.3,336.95,3.03,21.0,77040.0
20220903:1700,18.61,63.4,709.2,421.18,330.75,337.7,2.97,15.0,77020.0
20220903:1800,19.69,61.4,558.95,224.02,342.15,353.95,3.17,21.0,76950.0
20220903:1900,19.1,63.5,629.15,275.6,360.7,336.95,3.31,30.0,76940.0
20220903:2000,19.55,61.4,579.15,295.27,308.4,345.05,3.45,32.0,76830.0
20220903:2100,19.69,61.4,405.25,223.21,226.6,346.0,3.45,32.0,76770.0
20220903:2200,18.94,65.65,251.65,152.09,155.5,353.95,3.17,29.0,76750.0
20220903:2300,17.63,72.8,89.95,43.75,71.4,350.65,1.86,22.0,76820.0
20220904:0000,16.47,80.8,14.25,0.0,14.25,345.65,1.45,31.0,76840.0
20220904:0100,15.42,89.55,0.0,-0.0,0.0,346.5,1.24,18.0,76910.0
20220904:0200,14.58,92.7,0.0,-0.0,0.0,340.0,0.76,353.0,76980.0
20220904:0300,14.34,92.7,0.0,-0.0,0.0,348.75,1.24,346.0,77030.0
20220904:0400,14.15,92.7,0.0,-0.0,0.0,349.3,1.45,4.0,77040.0
20220904:0500,13.63,95.95,0.0,-0.0,0.0,333.65,1.66,5.0,77050.0
20220904:0600,13.61,95.95,0.0,-0.0,0.0,348.15,1.59,360.0,77030.0
20220904:0700,13.57,95.95,0.0,-0.0,0.0,349.7,1.59,4.0,76940.0
20220904:0800,13.83,95.95,0.0,-0.0,0.0,364.8,2.14,9.0,76910.0
20220904:0900,13.8,95.95,0.0,-0.0,0.0,363.65,1.86,5.0,76890.0
20220904:1000,13.48,95.95,0.0,-0.0,0.0,350.85,1.66,5.0,76880.0
20220904:1100,13.44,95.95,0.0,-0.0,0.0,361.3,1.79,5.0,76910.0
20220904:1200,13.27,99.4,0.0,-0.0,0.0,359.0,1.45,3.0,76940.0
20220904:1300,13.27,99.4,63.75,128.93,45.5,357.25,1.59,6.0,76970.0
20220904:1400,13.75,95.95,133.65,53.03,113.55,352.2,1.59,14.0,76990.0
20220904:1500,14.65,92.7,380.45,280.26,214.1,360.15,1.45,19.0,77010.0
20220904:1600,16.25,89.65,598.0,497.43,214.75,347.75,1.31,32.0,76980.0
20220904:1700,17.77,86.65,734.6,566.32,226.2,340.0,1.1,44.0,76930.0
20220904:1800,18.46,83.8,794.3,584.8,229.0,332.65,0.83,54.0,76890.0
20220904:1900,19.84,65.85,665.85,458.52,219.9,344.65,1.03,131.0,76830.0
20220904:2000,19.65,68.2,678.9,494.94,226.0,342.35,0.41,130.0,76770.0
20220904:2100,19.89,70.65,498.5,392.08,185.6,340.4,0.97,167.0,76720.0
20220904:2200,18.54,70.45,307.3,235.9,158.8,348.15,1.1,144.0,76700.0
20220904:2300,17.45,75.4,154.25,191.61,73.6,338.65,0.9,140.0,76740.0
20220905:0000,16.01,80.75,7.6,0.0,7.6,326.5,1.17,149.0,76840.0
20220905:0100,15.14,86.5,0.0,-0.0,0.0,363.35,0.9,156.0,76880.0
20220905:0200,14.83,89.5,0.0,-0.0,0.0,357.05,1.03,165.0,76940.0
20220905:0300,14.5,89.5,0.0,-0.0,0.0,361.5,0.97,158.0,76980.0
20220905:0400,14.24,92.7,0.0,-0.0,0.0,359.95,0.9,155.0,77020.0
20220905:0500,14.26,92.7,0.0,-0.0,0.0,364.0,0.55,169.0,77030.0
20220905:0600,14.36,92.7,0.0,-0.0,0.0,366.95,0.48,143.0,76990.0
20220905:0700,14.08,92.7,0.0,-0.0,0.0,365.55,0.83,154.0,76950.0
20220905:0800,13.7,92.65,0.0,-0.0,0.0,363.45,1.1,149.0,76940.0
20220905:0900,13.48,92.65,0.0,-0.0,0.0,353.0,1.24,166.0,76940.0
20220905:1000,13.35,95.95,0.0,-0.0,0.0,363.85,1.24,161.0,76930.0
20220905:1100,13.32,95.95,0.0,-0.0,0.0,363.85,1.38,159.0,76940.0
20220905:1200,13.39,95.95,0.0,-0.0,0.0,363.65,1.66,158.0,76950.0
20220905:1300,13.63,92.65,75.6,8.87,74.35,363.25,1.52,156.0,76980.0
20220905:1400,14.01,86.4,211.75,130.64,162.3,362.1,1.59,164.0,77030.0
20220905:1500,14.37,89.5,471.9,505.37,172.2,352.2,1.59,175.0,77060.0
20220905:1600,16.65,86.6,240.25,24.16,221.65,333.85,1.72,186.0,77070.0
20220905:1700,15.9,89.6,605.05,434.51,215.35,374.65,1.93,192.0,77090.0
20220905:1800,17.82,92.85,672.65,325.99,357.9,332.1,2.14,194.0,77040.0
20220905:1900,18.99,78.3,716.4,431.59,297.3,354.15,2.55,186.0,77020.0
20220905:2000,18.59,75.55,662.65,382.86,313.05,348.15,2.41,185.0,76940.0
20220905:2100,19.01,70.55,453.7,236.4,265.6,348.55,2.62,184.0,76860.0
20220905:2200,18.37,72.9,256.35,86.64,202.05,347.2,2.48,178.0,76870.0
20220905:2300,16.84,75.3,82.05,24.65,71.75,343.5,2.41,190.0,76930.0
20220906:0000,15.34,86.5,17.2,22.27,13.2,337.9,2.07,193.0,77030.0
20220906:0100,14.34,92.7,0.0,-0.0,0.0,330.05,1.86,189.0,77070.0
20220906:0200,13.86,92.65,0.0,-0.0,0.0,346.0,1.93,193.0,77140.0
20220906:0300,13.94,89.5,0.0,-0.0,0.0,351.85,1.59,186.0,77220.0
20220906:0400,13.81,95.95,0.0,-0.0,0.0,354.75,1.24,187.0,77270.0
20220906:0500,13.6,92.65,0.0,-0.0,0.0,357.65,1.17,191.0,77270.0
20220906:0600,13.39,95.95,0.0,-0.0,0.0,353.2,1.03,192.0,77260.0
20220906:0700,13.11,95.95,0.0,-0.0,0.0,356.5,1.45,196.0,77220.0
20220906:0800,12.89,99.4,0.0,-0.0,0.0,357.85,1.38,196.0,77180.0
20220906:0900,12.81,99.4,0.0,-0.0,0.0,359.0,1.31,200.0,77150.0
20220906:1000,12.65,95.95,0.0,-0.0,0.0,357.85,1.17,194.0,77130.0
20220906:1100,12.53,95.95,0.0,-0.0,0.0,352.2,0.9,186.0,77130.0
20220906:1200,12.46,95.95,0.0,-0.0,0.0,355.9,0.69,183.0,77150.0
20220906:1300,12.2,99.4,115.25,158.55,93.0,333.85,0.69,177.0,77210.0
20220906:1400,12.76,95.95,325.65,418.37,167.5,336.35,1.1,171.0,77280.0
20220906:1500,15.15,80.6,529.4,546.92,205.35,331.3,1.1,196.0,77320.0
20220906:1600,16.83,72.7,680.55,638.22,189.65,321.05,1.03,205.0,77340.0
20220906:1700,18.13,67.95,707.0,560.39,204.9,322.8,1.1,220.0,77310.0
20220906:1800,19.18,68.1,800.2,582.13,238.85,342.75,0.97,221.0,77260.0
20220906:1900,20.56,57.45,647.85,306.82,350.4,345.65,0.83,324.0,77230.0
20220906:2000,20.44,61.5,350.9,95.16,264.2,362.5,0.97,337.0,77150.0
20220906:2100,19.03,68.1,312.85,80.36,249.1,374.85,0.48,330.0,76990.0
20220906:2200,18.02,72.9,111.35,14.02,102.6,345.05,0.62,357.0,77150.0
20220906:2300,16.37,83.6,91.9,12.18,86.85,359.2,0.76,315.0,77170.0
20220907:0000,15.44,86.5,12.45,5.68,11.45,342.95,1.45,349.0,77230.0
20220907:0100,14.41,92.7,0.0,-0.0,0.0,347.5,1.1,326.0,77320.0
20220907:0200,14.27,92.7,0.0,-0.0,0.0,341.75,0.97,292.0,77400.0
20220907:0300,14.15,92.7,0.0,-0.0,0.0,351.65,0.41,336.0,77460.0
20220907:0400,13.8,95.95,0.0,-0.0,0.0,347.2,1.1,347.0,77490.0
20220907:0500,13.57,95.95,0.0,-0.0,0.0,344.85,1.17,3.0,77490.0
20220907:0600,13.48,95.95,0.0,-0.0,0.0,350.85,0.62,11.0,77450.0
20220907:0700,13.82,95.95,0.0,-0.0,0.0,360.75,0.97,254.0,77380.0
20220907:0800,13.79,95.95,0.0,-0.0,0.0,356.3,1.03,262.0,77330.0
20220907:0900,13.63,95.95,0.0,-0.0,0.0,346.2,0.62,315.0,77270.0
20220907:1000,13.59,92.65,0.0,-0.0,0.0,346.2,0.48,19.0,77250.0
20220907:1100,13.07,92.65,0.0,-0.0,0.0,343.3,0.62,46.0,77220.0
20220907:1200,12.62,95.95,0.0,-0.0,0.0,326.85,0.62,33.0,77260.0
20220907:1300,12.53,95.95,124.1,305.6,81.4,332.5,0.62,23.0,77290.0
20220907:1400,14.15,92.7,237.4,166.5,174.55,335.0,0.9,19.0,77340.0
20220907:1500,15.43,80.65,396.9,312.87,211.7,349.3,1.17,3.0,77360.0
20220907:1600,16.51,72.7,600.65,407.17,287.75,345.65,1.86,342.0,77370.0
20220907:1700,17.69,70.3,615.8,371.6,283.2,344.3,2.34,337.0,77340.0
20220907:1800,18.68,65.65,591.5,233.06,367.05,343.7,2.34,330.0,77270.0
20220907:1900,19.6,65.85,678.9,391.95,299.55,360.75,2.0,349.0,77160.0
20220907:2000,19.73,68.2,394.3,209.44,203.9,357.85,1.17,359.0,77070.0
20220907:2100,18.72,70.45,355.8,187.72,207.35,368.5,2.0,349.0,77010.0
20220907:2200,18.15,75.45,172.1,107.48,105.35,354.75,2.69,327.0,76980.0
20220907:2300,16.63,78.0,122.35,103.43,79.8,350.1,1.66,349.0,76990.0
20220908:0000,15.71,86.5,11.8,26.94,7.15,332.85,1.59,1.0,77070.0
20220908:0100,14.72,92.7,0.0,-0.0,0.0,348.25,1.31,346.0,77120.0
20220908:0200,14.22,92.7,0.0,-0.0,0.0,344.1,1.59,357.0,77210.0
20220908:0300,13.77,95.95,0.0,-0.0,0.0,341.55,1.31,2.0,77240.0
20220908:0400,13.32,95.95,0.0,-0.0,0.0,334.2,1.03,347.0,77250.0
20220908:0500,12.97,95.95,0.0,-0.0,0.0,333.05,1.24,332.0,77270.0
20220908:0600,13.26,95.95,0.0,-0.0,0.0,353.75,1.45,333.0,77220.0
20220908:0700,13.22,95.95,0.0,-0.0,0.0,345.85,1.24,356.0,77150.0
20220908:0800,12.71,95.95,0.0,-0.0,0.0,330.95,1.24,358.0,77080.0
20220908:0900,12.14,99.4,0.0,-0.0,0.0,324.35,1.31,341.0,77070.0
20220908:1000,12.14,99.4,0.0,-0.0,0.0,336.55,1.17,336.0,77030.0
20220908:1100,12.62,95.95,0.0,-0.0,0.0,352.0,1.24,346.0,77020.0
20220908:1200,12.95,92.65,0.0,-0.0,0.0,359.0,1.17,348.0,77010.0
20220908:1300,13.08,92.65,100.15,110.7,84.75,350.1,1.1,352.0,77020.0
20220908:1400,13.76,92.65,326.5,421.41,167.65,337.9,1.45,356.0,77020.0
20220908:1500,15.42,80.6,465.7,443.55,203.4,338.65,1.52,359.0,77000.0
20220908:1600,16.72,72.7,532.5,430.74,201.8,342.35,1.52,357.0,77000.0
20220908:1700,17.77,70.3,660.25,448.73,259.05,349.5,1.79,357.0,76960.0
20220908:1800,18.0,70.35,611.2,347.23,277.25,332.5,2.21,347.0,76920.0
20220908:1900,18.55,65.65,603.2,375.66,240.25,350.1,2.21,355.0,76850.0
20220908:2000,18.68,65.65,664.7,493.99,216.65,347.4,2.69,357.0,76730.0
20220908:2100,19.09,63.5,356.05,197.96,200.0,354.15,2.28,352.0,76680.0
20220908:2200,18.39,67.95,127.25,28.72,109.5,356.5,2.34,355.0,76630.0
20220908:2300,18.01,65.55,59.9,9.19,56.15,363.05,1.72,360.0,76640.0
20220909:0000,17.27,70.3,15.35,23.37,11.4,359.2,1.52,1.0,76700.0
20220909:0100,16.18,75.25,0.0,-0.0,0.0,334.7,1.31,10.0,76750.0
20220909:0200,15.06,83.5,0.0,-0.0,0.0,336.95,1.31,13.0,76800.0
20220909:0300,14.58,86.45,0.0,-0.0,0.0,347.55,1.38,12.0,76880.0
20220909:0400,14.22,89.5,0.0,-0.0,0.0,346.2,1.38,359.0,76930.0
20220909:0500,14.07,89.5,0.0,-0.0,0.0,351.25,1.31,349.0,76930.0
20220909:0600,13.67,92.65,0.0,-0.0,0.0,335.55,1.1,1.0,76900.0
20220909:0700,13.11,92.65,0.0,-0.0,0.0,324.95,1.24,352.0,76840.0
20220909:0800,12.88,95.95,0.0,-0.0,0.0,315.85,1.1,355.0,76790.0
20220909:0900,12.67,95.95,0.0,-0.0,0.0,297.45,1.03,352.0,76760.0
20220909:1000,11.91,99.4,0.0,-0.0,0.0,311.0,0.9,354.0,76730.0
20220909:1100,11.72,100.0,0.0,-0.0,0.0,306.15,0.76,2.0,76720.0
20220909:1200,11.21,100.0,0.0,-0.0,0.0,319.5,0.69,8.0,76750.0
20220909:1300,10.97,99.35,141.25,266.76,104.3,336.95,0.76,10.0,76800.0
20220909:1400,12.36,99.4,379.65,506.77,188.9,332.5,0.62,7.0,76850.0
20220909:1500,14.84,92.7,627.7,733.71,194.25,340.8,0.76,351.0,76860.0
20220909:1600,16.89,72.7,844.7,920.35,138.8,333.45,1.38,350.0,76880.0
20220909:1700,18.73,63.4,915.7,778.83,220.15,303.85,1.93,349.0,76830.0
20220909:1800,19.96,55.2,897.8,702.67,222.95,312.15,2.14,351.0,76790.0
20220909:1900,20.76,49.8,891.1,719.03,197.65,301.5,1.86,354.0,76710.0
20220909:2000,21.39,46.5,722.35,505.06,265.35,310.6,2.0,345.0,76600.0
20220909:2100,21.6,43.4,608.7,529.9,192.35,312.75,2.28,339.0,76580.0
20220909:2200,21.37,43.25,379.1,374.12,148.95,305.55,2.34,349.0,76520.0
20220909:2300,20.48,43.1,210.75,292.96,92.15,325.1,1.79,360.0,76530.0
20220910:0000,19.59,51.4,32.05,84.02,18.15,308.3,1.24,355.0,76570.0
20220910:0100,18.07,61.05,0.0,-0.0,0.0,297.95,0.69,352.0,76650.0
20220910:0200,17.32,58.8,0.0,-0.0,0.0,292.2,0.76,349.0,76750.0
20220910:0300,16.23,62.95,0.0,-0.0,0.0,288.55,0.76,351.0,76840.0
20220910:0400,15.43,65.15,0.0,-0.0,0.0,302.1,0.69,2.0,76910.0
20220910:0500,14.92,72.4,0.0,-0.0,0.0,301.3,0.69,356.0,76930.0
20220910:0600,14.34,74.95,0.0,-0.0,0.0,288.35,0.55,335.0,76920.0
20220910:0700,13.49,74.85,0.0,-0.0,0.0,283.9,0.34,9.0,76920.0
20220910:0800,13.0,77.5,0.0,-0.0,0.0,287.95,0.34,19.0,76870.0
20220910:0900,12.35,83.15,0.0,-0.0,0.0,280.2,0.34,52.0,76860.0
20220910:1000,11.59,86.15,0.0,-0.0,0.0,275.2,0.41,53.0,76840.0
20220910:1100,11.21,89.3,0.0,-0.0,0.0,282.35,0.34,44.0,76870.0
20220910:1200,10.92,89.3,0.0,-0.0,0.0,284.1,0.41,50.0,76910.0
20220910:1300,11.0,92.55,190.75,904.62,66.0,278.65,0.41,57.0,76980.0
20220910:1400,13.5,86.35,444.0,943.22,89.5,284.3,0.62,77.0,77030.0
20220910:1500,16.41,72.65,625.05,871.66,110.65,289.9,0.62,61.0,77060.0
20220910:1600,18.11,63.3,804.75,843.59,158.4,285.65,0.69,36.0,77070.0
20220910:1700,19.58,53.25,813.2,667.2,218.05,303.65,0.9,26.0,77050.0
20220910:1800,20.57,46.35,874.0,655.72,245.15,307.9,0.9,33.0,77010.0
20220910:1900,21.96,44.95,905.4,662.55,267.6,317.95,1.03,358.0,76950.0
20220910:2000,22.72,40.6,761.55,550.33,264.8,319.7,1.17,342.0,76860.0
20220910:2100,22.89,40.6,502.45,419.61,173.85,323.95,1.66,347.0,76790.0
20220910:2200,22.49,39.15,334.8,253.2,179.8,329.4,1.93,353.0,76760.0
20220910:2300,21.87,41.85,152.2,177.34,81.0,342.35,1.59,354.0,76750.0
20220911:0000,20.68,49.8,18.4,33.37,13.0,341.0,0.83,0.0,76830.0
20220911:0100,18.69,59.05,0.0,-0.0,0.0,338.95,0.07,168.0,76960.0
20220911:0200,16.44,72.7,0.0,-0.0,0.0,335.95,0.9,40.0,77070.0
20220911:0300,16.6,67.75,0.0,-0.0,0.0,336.75,0.41,3.0,77160.0
20220911:0400,14.44,83.45,0.0,-0.0,0.0,331.9,1.72,328.0,77240.0
20220911:0500,13.84,89.45,0.0,-0.0,0.0,332.3,1.79,338.0,77250.0
20220911:0600,12.94,92.65,0.0,-0.0,0.0,317.95,1.59,346.0,77250.0
20220911:0700,13.04,89.4,0.0,-0.0,0.0,323.4,1.1,347.0,77230.0
20220911:0800,12.46,92.6,0.0,-0.0,0.0,314.65,1.17,346.0,77220.0
20220911:0900,12.04,95.95,0.0,-0.0,0.0,323.55,1.31,353.0,77200.0
20220911:1000,11.73,99.4,0.0,-0.0,0.0,325.1,1.38,348.0,77170.0
20220911:1100,11.83,99.4,0.0,-0.0,0.0,337.9,1.38,349.0,77180.0
20220911:1200,12.23,99.4,0.0,-0.0,0.0,351.85,1.31,347.0,77200.0
20220911:1300,12.53,95.95,70.55,115.45,54.7,354.95,1.52,350.0,77250.0
20220911:1400,13.08,92.65,201.15,220.25,118.5,353.75,1.66,356.0,77300.0
20220911:1500,14.17,86.4,393.3,393.9,161.1,343.3,1.52,6.0,77350.0
20220911:1600,15.68,77.85,543.4,477.42,178.0,331.5,1.38,9.0,77350.0
20220911:1700,17.12,67.85,529.0,343.41,223.05,345.25,1.31,4.0,77330.0
20220911:1800,17.79,67.85,834.0,679.01,183.8,349.7,1.79,347.0,77290.0
20220911:1900,20.09,61.5,680.8,488.08,211.85,338.3,1.38,354.0,77200.0
20220911:2000,20.62,57.45,722.15,618.35,165.4,339.25,2.07,356.0,77080.0
20220911:2100,21.07,55.55,449.5,375.69,156.3,329.0,2.14,348.0,77030.0
20220911:2200,20.68,51.65,301.3,296.82,120.5,330.95,2.07,357.0,77010.0
20220911:2300,20.07,51.5,130.2,118.3,83.1,330.75,1.72,16.0,77010.0
20220912:0000,19.05,57.1,15.45,31.92,10.4,334.2,1.72,38.0,77090.0
20220912:0100,17.32,60.95,0.0,-0.0,0.0,336.85,2.07,36.0,77140.0
20220912:0200,15.96,67.65,0.0,-0.0,0.0,336.95,1.72,13.0,77250.0
20220912:0300,14.91,75.0,0.0,-0.0,0.0,333.85,1.93,4.0,77310.0
20220912:0400,14.08,80.45,0.0,-0.0,0.0,329.75,1.93,356.0,77410.0
20220912:0500,13.74,83.35,0.0,-0.0,0.0,342.15,2.0,356.0,77390.0
20220912:0600,13.3,86.3,0.0,-0.0,0.0,337.9,1.79,1.0,77370.0
20220912:0700,13.07,86.3,0.0,-0.0,0.0,340.6,2.0,0.0,77320.0
20220912:0800,12.35,92.6,0.0,-0.0,0.0,318.55,1.72,359.0,77280.0
20220912:0900,11.91,92.6,0.0,-0.0,0.0,318.55,1.79,359.0,77250.0
20220912:1000,11.99,95.95,0.0,-0.0,0.0,339.05,1.79,359.0,77210.0
20220912:1100,11.51,95.9,0.0,-0.0,0.0,317.75,1.66,359.0,77200.0
20220912:1200,11.48,95.9,0.0,-0.0,0.0,328.2,1.72,3.0,77220.0
20220912:1300,11.16,99.35,136.4,262.67,100.5,303.45,1.79,3.0,77230.0
20220912:1400,12.46,89.4,339.65,423.71,180.9,303.85,1.79,8.0,77290.0
20220912:1500,14.17,80.45,480.85,385.35,253.95,303.25,1.72,15.0,77280.0
20220912:1600,15.81,70.0,674.15,538.13,262.75,318.75,1.72,21.0,77270.0
20220912:1700,17.48,63.2,697.8,414.6,328.9,314.3,1.86,19.0,77220.0
20220912:1800,18.66,59.05,646.85,318.64,342.2,329.2,1.66,9.0,77160.0
20220912:1900,18.74,61.2,552.45,277.76,286.1,352.4,1.66,2.0,77090.0
20220912:2000,18.58,61.2,491.1,281.94,237.9,349.7,1.52,9.0,77030.0
20220912:2100,18.27,63.3,145.9,10.29,137.9,337.5,1.66,20.0,76980.0
20220912:2200,17.19,65.45,123.95,17.16,113.55,361.3,1.38,23.0,76950.0
20220912:2300,16.61,67.75,41.4,0.13,41.35,357.65,1.52,16.0,76920.0
20220913:0000,15.89,75.15,9.35,5.18,8.55,359.4,1.52,357.0,76980.0
20220913:0100,15.33,80.6,0.0,-0.0,0.0,356.95,1.52,352.0,76990.0
20220913:0200,14.78,83.45,0.0,-0.0,0.0,347.95,1.66,349.0,77060.0
20220913:0300,14.2,86.4,0.0,-0.0,0.0,337.3,1.66,352.0,77110.0
20220913:0400,13.68,89.45,0.0,-0.0,0.0,337.7,1.59,354.0,77140.0
20220913:0500,12.8,95.95,0.0,-0.0,0.0,322.8,1.45,348.0,77140.0
20220913:0600,12.13,99.4,0.0,-0.0,0.0,319.7,1.31,342.0,77120.0
20220913:0700,11.54,95.9,0.0,-0.0,0.0,313.9,1.45,3.0,77110.0
20220913:0800,11.3,99.35,0.0,-0.0,0.0,323.2,1.45,4.0,77030.0
20220913:0900,11.06,99.35,0.0,-0.0,0.0,320.85,1.38,1.0,77020.0
20220913:1000,10.89,99.35,0.0,-0.0,0.0,321.25,1.45,354.0,76980.0
20220913:1100,10.24,100.0,0.0,-0.0,0.0,300.15,1.45,353.0,76990.0
20220913:1200,10.88,99.35,0.0,-0.0,0.0,334.6,1.79,352.0,76990.0
20220913:1300,11.58,99.4,92.95,186.33,67.6,344.3,2.0,356.0,77000.0
20220913:1400,12.43,92.6,289.65,406.49,137.6,334.2,1.86,3.0,77050.0
20220913:1500,14.18,80.45,493.7,446.52,231.1,322.2,1.72,13.0,77050.0
20220913:1600,16.3,70.1,567.3,316.4,325.7,341.0,1.66,19.0,77030.0
20220913:1700,17.85,65.45,655.65,368.06,328.6,343.5,1.45,18.0,77000.0
20220913:1800,18.8,61.2,737.3,526.01,235.2,340.8,1.59,23.0,76950.0
20220913:1900,19.41,55.05,649.7,467.15,202.65,322.4,1.17,15.0,76900.0
20220913:2000,19.79,53.25,720.65,639.82,147.55,344.3,1.38,19.0,76810.0
20220913:2100,20.07,51.5,417.4,328.54,162.8,329.95,1.66,21.0,76760.0
20220913:2200,19.41,55.05,275.45,226.57,138.85,331.1,1.72,13.0,76720.0
20220913:2300,19.03,55.05,122.55,152.19,63.0,336.95,2.48,16.0,76720.0
20220914:0000,17.79,63.2,12.85,18.56,10.05,339.65,2.14,27.0,76800.0
20220914:0100,16.41,67.65,0.0,-0.0,0.0,341.1,1.45,16.0,76840.0
20220914:0200,14.65,77.75,0.0,-0.0,0.0,314.3,1.45,3.0,76950.0
20220914:0300,14.16,80.45,0.0,-0.0,0.0,341.95,1.72,7.0,77000.0
20220914:0400,13.49,83.35,0.0,-0.0,0.0,331.1,1.79,10.0,77030.0
20220914:0500,13.11,89.4,0.0,-0.0,0.0,334.8,1.59,6.0,77030.0
20220914:0600,12.51,92.6,0.0,-0.0,0.0,319.7,1.17,355.0,77040.0
20220914:0700,12.13,95.95,0.0,-0.0,0.0,326.5,1.45,2.0,76970.0
20220914:0800,12.04,95.95,0.0,-0.0,0.0,332.3,1.52,360.0,76920.0
20220914:0900,11.93,95.95,0.0,-0.0,0.0,331.3,1.52,356.0,76880.0
20220914:1000,12.04,99.4,0.0,-0.0,0.0,339.05,1.52,2.0,76870.0
20220914:1100,11.7,99.4,0.0,-0.0,0.0,329.2,1.45,4.0,76900.0
20220914:1200,11.83,100.0,0.0,-0.0,0.0,344.5,1.31,7.0,76920.0
20220914:1300,12.23,99.4,94.2,148.43,74.1,351.45,1.52,12.0,76950.0
20220914:1400,12.88,95.95,328.65,430.47,167.9,356.85,1.59,15.0,76970.0
20220914:1500,14.65,83.45,552.65,593.24,204.2,322.2,1.52,21.0,76990.0
20220914:1600,16.59,70.2,748.1,693.37,219.3,325.1,1.52,23.0,76970.0
20220914:1700,18.3,63.3,849.85,704.06,225.1,324.55,1.59,19.0,76970.0
20220914:1800,19.67,57.2,577.9,400.76,196.0,337.1,1.72,20.0,76920.0
20220914:1900,18.89,61.2,730.4,556.45,199.0,338.1,2.21,16.0,76880.0
20220914:2000,18.94,63.4,563.9,403.05,203.85,334.0,2.41,20.0,76820.0
20220914:2100,19.28,61.3,295.35,163.77,168.9,332.5,2.48,22.0,76760.0
20220914:2200,18.92,61.2,299.7,281.13,131.1,353.75,3.1,18.0,76710.0
20220914:2300,17.82,67.85,153.4,215.69,69.75,342.35,2.28,23.0,76760.0
20220915:0000,16.52,72.7,16.8,54.36,8.8,318.35,1.72,32.0,76830.0
20220915:0100,15.94,75.25,0.0,-0.0,0.0,336.85,1.38,9.0,76920.0
20220915:0200,14.79,83.45,0.0,-0.0,0.0,319.9,1.59,5.0,76990.0
20220915:0300,14.38,86.4,0.0,-0.0,0.0,342.95,1.66,3.0,77050.0
20220915:0400,13.01,92.65,0.0,-0.0,0.0,307.7,1.52,5.0,77060.0
20220915:0500,12.42,92.6,0.0,-0.0,0.0,303.45,1.31,4.0,77060.0
20220915:0600,11.99,95.95,0.0,-0.0,0.0,306.15,1.31,2.0,77060.0
20220915:0700,11.8,99.4,0.0,-0.0,0.0,331.7,1.31,1.0,77050.0
20220915:0800,11.49,95.9,0.0,-0.0,0.0,324.95,1.59,3.0,77020.0
20220915:0900,10.9,99.35,0.0,-0.0,0.0,306.55,1.79,5.0,77000.0
20220915:1000,10.9,99.35,0.0,-0.0,0.0,318.75,1.79,5.0,76990.0
20220915:1100,11.2,100.0,0.0,-0.0,0.0,335.4,1.72,8.0,76990.0
20220915:1200,11.46,99.4,0.0,-0.0,0.0,344.65,1.52,9.0,77030.0
20220915:1300,11.62,99.4,123.9,365.79,74.6,341.0,1.52,11.0,77040.0
20220915:1400,12.36,95.95,323.85,539.86,122.6,335.2,1.59,13.0,77080.0
20220915:1500,14.53,83.45,463.15,431.81,209.85,329.95,1.86,14.0,77080.0
20220915:1600,16.34,75.25,508.15,350.02,241.55,336.35,1.93,17.0,77050.0
20220915:1700,17.43,70.3,697.8,517.0,239.7,348.55,1.86,21.0,77030.0
20220915:1800,18.14,67.95,652.05,398.87,272.6,326.5,1.79,38.0,77000.0
20220915:1900,18.43,67.95,775.7,613.05,191.5,343.9,2.0,22.0,76910.0
20220915:2000,18.87,65.65,708.35,631.92,145.4,335.55,2.21,22.0,76870.0
20220915:2100,18.92,65.65,228.05,84.69,162.9,330.15,2.21,24.0,76790.0
20220915:2200,17.67,70.3,256.3,243.5,111.05,360.55,2.07,16.0,76780.0
20220915:2300,17.42,72.8,49.95,22.64,41.25,348.55,1.79,10.0,76830.0
20220916:0000,15.99,80.75,5.5,4.88,4.8,354.55,1.17,2.0,76900.0
20220916:0100,15.05,86.5,0.0,-0.0,0.0,351.55,1.24,8.0,76990.0
20220916:0200,14.6,89.5,0.0,-0.0,0.0,353.0,1.31,357.0,77020.0
20220916:0300,14.39,92.7,0.0,-0.0,0.0,351.65,1.45,359.0,77090.0
20220916:0400,14.11,89.5,0.0,-0.0,0.0,354.15,1.31,350.0,77120.0
20220916:0500,13.75,92.65,0.0,-0.0,0.0,351.85,1.1,357.0,77140.0
20220916:0600,13.37,92.65,0.0,-0.0,0.0,346.6,1.24,7.0,77100.0
20220916:0700,13.48,95.95,0.0,-0.0,0.0,361.1,1.24,12.0,77010.0
20220916:0800,13.47,95.95,0.0,-0.0,0.0,359.0,1.24,13.0,76980.0
20220916:0900,13.48,95.95,0.0,-0.0,0.0,364.4,1.31,18.0,76930.0
20220916:1000,13.15,95.95,0.0,-0.0,0.0,350.5,1.03,18.0,76940.0
20220916:1100,13.25,95.95,0.0,-0.0,0.0,356.65,1.17,20.0,76930.0
20220916:1200,13.15,95.95,0.0,-0.0,0.0,355.1,1.31,13.0,76960.0
20220916:1300,13.09,95.95,121.45,254.61,87.3,353.75,1.38,11.0,76970.0
20220916:1400,13.44,92.65,335.7,447.99,169.0,331.1,1.86,17.0,77020.0
20220916:1500,15.05,80.6,538.8,646.12,160.3,339.85,1.52,13.0,77050.0
20220916:1600,16.59,72.7,676.55,612.23,210.85,327.25,1.66,24.0,77060.0
20220916:1700,17.24,70.3,691.75,558.97,197.2,331.7,1.52,40.0,77030.0
20220916:1800,18.45,70.35,547.95,367.31,199.15,337.7,1.03,25.0,76990.0
20220916:1900,19.28,70.55,394.8,147.4,254.65,350.85,1.38,5.0,76920.0
20220916:2000,18.76,72.95,513.1,307.88,239.6,364.8,1.31,50.0,76870.0
20220916:2100,18.6,75.55,310.5,136.22,206.1,348.95,2.34,50.0,76810.0
20220916:2200,17.01,72.8,184.05,37.5,161.8,362.1,2.07,55.0,76830.0
20220916:2300,16.56,78.0,67.25,35.71,53.65,351.05,0.97,17.0,76840.0
20220917:0000,16.35,83.6,10.15,3.94,9.6,349.7,0.9,351.0,76890.0
20220917:0100,15.29,86.5,0.0,-0.0,0.0,328.35,1.24,0.0,76920.0
20220917:0200,14.46,86.45,0.0,-0.0,0.0,334.0,1.52,3.0,76970.0
20220917:0300,13.34,92.65,0.0,-0.0,0.0,321.85,1.31,15.0,77010.0
20220917:0400,12.49,95.95,0.0,-0.0,0.0,323.55,1.17,8.0,77060.0
20220917:0500,11.81,99.4,0.0,-0.0,0.0,312.55,1.31,8.0,77070.0
20220917:0600,11.2,99.35,0.0,-0.0,0.0,310.8,1.24,8.0,77050.0
20220917:0700,11.64,99.4,0.0,-0.0,0.0,337.3,1.52,13.0,76980.0
20220917:0800,11.76,100.0,0.0,-0.0,0.0,339.65,1.31,14.0,76960.0
20220917:0900,12.11,99.4,0.0,-0.0,0.0,351.65,1.17,16.0,76940.0
20220917:1000,12.46,95.95,0.0,-0.0,0.0,358.8,1.24,15.0,76910.0
20220917:1100,12.63,95.95,0.0,-0.0,0.0,358.2,1.24,18.0,76930.0
20220917:1200,12.71,95.95,0.0,-0.0,0.0,358.4,1.24,20.0,76960.0
20220917:1300,12.85,95.95,72.85,104.9,58.85,360.95,1.45,22.0,76980.0
20220917:1400,13.5,89.45,161.45,69.19,135.75,354.95,1.31,19.0,77030.0
20220917:1500,14.45,83.45,185.9,0.0,185.9,344.5,0.83,37.0,77040.0
20220917:1600,15.07,83.5,413.8,87.09,347.65,349.7,0.83,152.0,77080.0
20220917:1700,16.37,83.6,500.25,171.9,348.4,347.95,1.59,172.0,77070.0
20220917:1800,17.59,86.65,641.4,409.65,253.1,356.5,2.21,185.0,77030.0
20220917:1900,19.0,61.3,664.0,477.29,211.2,336.35,0.97,129.0,76910.0
20220917:2000,19.14,65.75,500.4,287.43,245.8,345.65,1.59,157.0,76850.0
20220917:2100,17.54,75.4,281.75,122.8,188.0,342.35,1.45,170.0,76800.0
20220917:2200,16.72,80.8,180.3,84.24,130.6,363.45,1.66,188.0,76830.0
20220917:2300,15.93,77.95,75.85,23.33,67.05,347.0,1.31,202.0,76870.0
20220918:0000,15.43,83.55,7.8,1.1,7.65,346.4,1.03,214.0,76880.0
20220918:0100,14.35,89.5,0.0,-0.0,0.0,338.2,0.14,268.0,76940.0
20220918:0200,13.78,92.65,0.0,-0.0,0.0,345.45,0.62,327.0,76980.0
20220918:0300,13.36,92.65,0.0,-0.0,0.0,339.25,0.69,323.0,77060.0
20220918:0400,13.74,89.45,0.0,-0.0,0.0,351.25,0.41,266.0,77070.0
20220918:0500,13.73,89.45,0.0,-0.0,0.0,354.75,0.21,269.0,77060.0
20220918:0600,13.69,92.65,0.0,-0.0,0.0,363.85,0.07,299.0,77040.0
20220918:0700,13.88,92.65,0.0,-0.0,0.0,337.7,0.14,107.0,76950.0
20220918:0800,13.5,92.65,0.0,-0.0,0.0,333.45,0.07,123.0,76930.0
20220918:0900,13.43,92.65,0.0,-0.0,0.0,342.15,0.07,353.0,76880.0
20220918:1000,13.27,92.65,0.0,-0.0,0.0,330.95,0.34,9.0,76880.0
20220918:1100,13.01,92.65,0.0,-0.0,0.0,341.75,0.69,13.0,76890.0
20220918:1200,12.65,95.95,0.0,-0.0,0.0,349.1,0.69,11.0,76950.0
20220918:1300,13.01,95.95,78.65,163.79,56.9,353.95,0.62,16.0,76970.0
20220918:1400,13.86,95.95,173.9,157.67,115.45,349.7,0.76,24.0,77030.0
20220918:1500,14.83,92.7,300.4,152.62,211.25,348.95,0.55,1.0,77070.0
20220918:1600,16.0,89.65,670.9,524.72,272.9,347.2,0.55,341.0,77080.0
20220918:1700,18.48,92.85,737.7,539.94,261.5,350.85,0.34,290.0,77030.0
20220918:1800,19.3,92.9,732.15,396.21,357.3,347.0,0.69,265.0,76960.0
20220918:1900,20.63,89.9,511.05,245.85,278.35,351.85,0.69,219.0,76920.0
20220918:2000,18.93,81.0,398.6,141.81,273.35,359.4,1.1,211.0,76870.0
20220918:2100,17.98,75.45,294.4,105.86,213.9,366.15,1.1,191.0,76810.0
20220918:2200,17.15,75.4,113.2,16.87,103.3,348.75,0.83,183.0,76820.0
20220918:2300,15.67,83.55,42.1,10.03,38.35,340.2,0.14,175.0,76900.0
20220919:0000,14.79,92.7,5.85,6.8,4.95,345.25,0.62,312.0,76950.0
20220919:0100,14.51,92.7,0.0,-0.0,0.0,344.4,0.55,341.0,76950.0
20220919:0200,14.11,92.7,0.0,-0.0,0.0,343.1,0.69,41.0,77000.0
20220919:0300,14.13,89.5,0.0,-0.0,0.0,327.85,0.48,39.0,77060.0
20220919:0400,13.25,92.65,0.0,-0.0,0.0,326.3,0.76,27.0,77100.0
20220919:0500,13.29,92.65,0.0,-0.0,0.0,329.0,0.55,21.0,77100.0
20220919:0600,12.63,95.95,0.0,-0.0,0.0,342.75,0.34,3.0,77070.0
20220919:0700,14.19,89.5,0.0,-0.0,0.0,358.0,0.21,258.0,76990.0
20220919:0800,14.21,89.5,0.0,-0.0,0.0,364.4,0.07,82.0,76970.0
20220919:0900,14.3,86.4,0.0,-0.0,0.0,364.4,0.41,82.0,76950.0
20220919:1000,13.9,92.65,0.0,-0.0,0.0,359.95,0.62,52.0,76920.0
20220919:1100,13.89,89.45,0.0,-0.0,0.0,355.9,0.62,45.0,76940.0
20220919:1200,13.53,89.45,0.0,-0.0,0.0,358.0,0.9,33.0,76980.0
20220919:1300,13.23,92.65,145.75,609.74,65.2,344.5,1.03,28.0,77010.0
20220919:1400,14.5,86.45,396.7,718.73,130.8,329.55,1.24,45.0,77040.0
20220919:1500,15.88,80.65,571.6,677.54,176.45,318.55,1.03,50.0,77050.0
20220919:1600,17.48,70.3,673.15,718.23,129.2,331.3,0.83,43.0,77060.0
20220919:1700,18.15,70.35,645.35,444.58,253.9,336.55,0.62,59.0,77020.0
20220919:1800,19.03,68.1,714.7,577.71,169.2,356.3,0.55,38.0,76960.0
20220919:1900,19.53,68.2,757.1,477.78,305.95,337.1,0.76,56.0,76900.0
20220919:2000,20.28,68.3,560.4,442.9,170.4,354.75,1.03,45.0,76800.0
20220919:2100,20.05,65.95,470.8,411.18,159.35,352.6,1.31,46.0,76720.0
20220919:2200,19.19,68.1,288.95,284.22,123.15,350.1,1.45,103.0,76730.0
20220919:2300,17.42,72.8,68.65,56.33,47.8,317.4,0.55,160.0,76820.0
20220920:0000,16.26,80.75,4.1,0.0,4.1,351.85,0.48,227.0,76890.0
20220920:0100,15.55,86.5,0.0,-0.0,0.0,337.8,0.62,70.0,76930.0
20220920:0200,14.42,92.7,0.0,-0.0,0.0,328.4,0.76,28.0,76990.0
20220920:0300,13.73,92.65,0.0,-0.0,0.0,331.7,1.24,339.0,77050.0
20220920:0400,13.24,95.95,0.0,-0.0,0.0,332.5,1.1,1.0,77100.0
20220920:0500,12.95,92.65,0.0,-0.0,0.0,317.95,0.9,23.0,77100.0
20220920:0600,13.14,92.65,0.0,-0.0,0.0,316.6,0.41,61.0,77110.0
20220920:0700,12.68,95.95,0.0,-0.0,0.0,348.95,0.9,14.0,77070.0
20220920:0800,12.76,95.95,0.0,-0.0,0.0,351.25,1.03,18.0,77040.0
20220920:0900,12.97,95.95,0.0,-0.0,0.0,354.55,0.97,14.0,76990.0
20220920:1000,13.01,95.95,0.0,-0.0,0.0,349.3,1.31,12.0,76990.0
20220920:1100,12.96,95.95,0.0,-0.0,0.0,346.8,1.45,13.0,76990.0
20220920:1200,12.54,95.95,0.0,-0.0,0.0,335.2,1.24,11.0,77060.0
20220920:1300,12.76,95.95,104.45,221.84,75.3,348.35,1.17,13.0,77110.0
20220920:1400,13.32,92.65,271.0,268.83,171.75,337.5,1.59,21.0,77150.0
20220920:1500,14.3,86.4,443.35,356.87,235.55,328.0,1.79,21.0,77160.0
20220920:1600,16.03,72.65,676.05,532.43,273.45,320.5,1.72,24.0,77140.0
20220920:1700,17.7,67.85,669.55,383.0,332.9,336.75,1.52,32.0,77100.0
20220920:1800,18.49,61.2,862.35,759.33,146.8,330.95,1.24,35.0,77070.0
20220920:1900,19.86,55.2,743.7,643.28,137.75,337.3,1.03,49.0,76990.0
20220920:2000,20.07,51.5,626.5,518.7,171.15,321.85,1.1,44.0,76920.0
20220920:2100,20.23,51.5,507.0,391.31,211.8,341.0,1.17,37.0,76830.0
20220920:2200,20.23,49.7,206.3,65.26,168.45,344.65,0.28,327.0,76800.0
20220920:2300,19.27,53.15,115.0,103.27,77.15,340.4,0.62,179.0,76830.0
20220921:0000,17.92,67.85,7.75,5.21,7.1,329.2,0.34,156.0,76920.0
20220921:0100,16.78,72.7,0.0,-0.0,0.0,338.95,0.41,63.0,76960.0
20220921:0200,16.07,75.25,0.0,-0.0,0.0,327.05,0.62,3.0,77030.0
20220921:0300,14.27,86.4,0.0,-0.0,0.0,319.1,1.17,359.0,77100.0
20220921:0400,13.75,89.45,0.0,-0.0,0.0,328.6,1.1,358.0,77140.0
20220921:0500,13.53,89.45,0.0,-0.0,0.0,347.55,1.17,0.0,77130.0
20220921:0600,13.58,89.45,0.0,-0.0,0.0,354.35,1.31,2.0,77100.0
20220921:0700,12.91,95.95,0.0,-0.0,0.0,345.25,1.1,358.0,77060.0
20220921:0800,12.86,99.4,0.0,-0.0,0.0,346.2,1.24,9.0,77010.0
20220921:0900,12.86,99.4,0.0,-0.0,0.0,348.75,1.24,11.0,76990.0
20220921:1000,12.46,95.95,0.0,-0.0,0.0,336.95,1.31,11.0,76970.0
20220921:1100,12.44,95.95,0.0,-0.0,0.0,347.4,1.38,12.0,77010.0
20220921:1200,12.26,99.4,0.0,-0.0,0.0,346.8,1.45,15.0,77030.0
20220921:1300,12.21,99.4,124.35,240.28,92.95,352.2,1.52,15.0,77050.0
20220921:1400,12.6,95.95,297.85,392.38,153.3,346.6,1.86,18.0,77080.0
20220921:1500,13.74,86.35,459.9,427.31,211.5,337.7,1.72,14.0,77100.0
20220921:1600,15.33,75.1,603.6,427.33,281.0,326.5,1.59,10.0,77110.0
20220921:1700,16.9,67.75,645.0,309.78,373.2,334.6,1.38,7.0,77080.0
20220921:1800,18.16,61.05,683.5,313.22,388.95,345.45,1.31,355.0,77040.0
20220921:1900,19.27,57.1,652.25,453.85,225.8,349.7,1.52,4.0,76960.0
20220921:2000,19.57,53.25,565.35,351.2,258.0,336.35,1.66,351.0,76880.0
20220921:2100,19.23,55.05,445.35,318.78,205.85,344.3,1.38,352.0,76830.0
20220921:2200,18.74,59.05,151.35,68.85,111.65,341.4,1.72,352.0,76830.0
20220921:2300,18.01,58.9,58.8,75.09,31.55,356.65,1.52,352.0,76850.0
20220922:0000,17.26,60.95,7.6,11.57,6.2,346.4,1.59,13.0,76890.0
20220922:0100,16.0,67.65,0.0,-0.0,0.0,332.8,1.45,11.0,76940.0
20220922:0200,14.74,77.75,0.0,-0.0,0.0,333.05,1.45,359.0,77020.0
20220922:0300,13.65,83.35,0.0,-0.0,0.0,324.15,1.45,358.0,77090.0
20220922:0400,12.54,86.25,0.0,-0.0,0.0,308.65,1.52,354.0,77140.0
20220922:0500,11.77,92.55,0.0,-0.0,0.0,311.4,1.72,347.0,77160.0
20220922:0600,11.43,92.55,0.0,-0.0,0.0,315.45,1.72,347.0,77140.0
20220922:0700,11.73,95.9,0.0,-0.0,0.0,331.3,1.66,350.0,77120.0
20220922:0800,11.64,95.9,0.0,-0.0,0.0,326.65,1.72,353.0,77070.0
20220922:0900,11.54,95.9,0.0,-0.0,0.0,327.05,1.72,352.0,77040.0
20220922:1000,11.4,95.9,0.0,-0.0,0.0,326.65,1.66,352.0,77020.0
20220922:1100,11.53,99.4,0.0,-0.0,0.0,339.65,1.52,350.0,77040.0
20220922:1200,11.22,100.0,0.0,-0.0,0.0,329.4,1.45,352.0,77060.0
20220922:1300,11.29,100.0,129.1,422.87,74.15,340.2,1.59,358.0,77080.0
20220922:1400,11.81,99.4,395.25,769.51,112.4,341.0,1.93,6.0,77130.0
20220922:1500,14.25,77.65,661.05,920.29,127.0,304.05,2.07,12.0,77130.0
20220922:1600,16.21,67.65,828.8,901.21,149.6,288.95,2.14,14.0,77130.0
20220922:1700,17.86,60.95,882.2,805.72,176.55,316.4,2.14,17.0,77110.0
20220922:1800,18.79,54.95,855.0,638.09,256.2,302.5,2.14,14.0,77050.0
20220922:1900,19.88,49.55,863.5,726.28,182.8,330.15,2.55,15.0,76960.0
20220922:2000,20.53,46.35,799.9,754.68,141.55,317.55,3.03,16.0,76860.0
20220922:2100,20.87,44.7,604.95,641.49,125.0,299.2,2.9,18.0,76790.0
20220922:2200,20.88,41.55,386.5,466.69,119.0,310.2,2.9,21.0,76770.0
20220922:2300,20.3,41.45,122.2,161.02,64.35,316.2,2.76,19.0,76740.0
20220923:0000,19.01,47.65,13.1,38.36,8.6,329.2,2.0,19.0,76800.0
20220923:0100,16.86,56.6,0.0,-0.0,0.0,308.6,1.93,18.0,76860.0
20220923:0200,14.51,67.35,0.0,-0.0,0.0,296.5,1.93,10.0,76960.0
20220923:0300,12.58,74.7,0.0,-0.0,0.0,275.75,1.79,359.0,77050.0
20220923:0400,11.56,80.15,0.0,-0.0,0.0,275.0,1.66,355.0,77160.0
20220923:0500,10.85,86.05,0.0,-0.0,0.0,279.65,1.52,354.0,77180.0
20220923:0600,10.16,92.5,0.0,-0.0,0.0,286.4,1.59,358.0,77160.0
20220923:0700,10.26,95.9,0.0,-0.0,0.0,307.1,1.52,360.0,77130.0
20220923:0800,10.32,99.4,0.0,-0.0,0.0,318.75,1.52,357.0,77090.0
20220923:0900,10.26,99.4,0.0,-0.0,0.0,312.35,1.52,354.0,77050.0
20220923:1000,10.81,99.4,0.0,-0.0,0.0,335.75,1.52,359.0,77020.0
20220923:1100,10.55,99.4,0.0,-0.0,0.0,321.45,1.45,356.0,77040.0
20220923:1200,10.66,99.4,0.0,-0.0,0.0,332.5,1.45,0.0,77070.0
20220923:1300,11.1,99.35,142.3,470.23,81.55,341.4,1.72,10.0,77110.0
20220923:1400,11.89,92.6,360.2,601.14,139.75,331.7,2.0,10.0,77160.0
20220923:1500,13.64,80.4,617.9,775.73,168.55,301.5,1.79,13.0,77200.0
20220923:1600,15.73,67.55,781.5,806.89,174.45,307.5,1.72,15.0,77200.0
20220923:1700,17.42,60.95,947.65,938.75,127.05,296.3,1.66,17.0,77170.0
20220923:1800,19.24,51.25,684.15,372.39,335.45,293.2,1.52,21.0,77110.0
20220923:1900,19.89,51.4,784.45,636.06,189.85,352.8,1.31,7.0,77030.0
20220923:2000,20.4,49.7,704.05,638.43,148.9,324.35,1.31,20.0,76960.0
20220923:2100,20.5,48.05,462.0,418.17,150.45,318.35,0.9,32.0,76900.0
20220923:2200,20.2,47.9,313.05,328.3,126.0,322.4,0.55,27.0,76870.0
20220923:2300,19.73,49.55,127.8,198.09,57.35,332.5,0.62,310.0,76860.0
20220924:0000,18.48,59.05,10.35,40.06,5.8,335.4,0.69,315.0,76940.0
20220924:0100,16.71,75.3,0.0,-0.0,0.0,336.85,0.76,18.0,77020.0
20220924:0200,15.34,77.8,0.0,-0.0,0.0,319.9,0.97,15.0,77140.0
20220924:0300,14.31,83.4,0.0,-0.0,0.0,322.8,1.1,20.0,77210.0
20220924:0400,13.78,89.45,0.0,-0.0,0.0,344.65,1.24,8.0,77270.0
20220924:0500,13.65,89.45,0.0,-0.0,0.0,354.75,1.24,2.0,77270.0
20220924:0600,13.21,92.65,0.0,-0.0,0.0,342.35,1.24,350.0,77230.0
20220924:0700,12.45,95.95,0.0,-0.0,0.0,333.85,1.17,352.0,77200.0
20220924:0800,12.6,95.95,0.0,-0.0,0.0,348.55,0.97,345.0,77170.0
20220924:0900,12.06,99.4,0.0,-0.0,0.0,325.7,1.03,344.0,77140.0
20220924:1000,12.42,95.95,0.0,-0.0,0.0,347.4,0.9,344.0,77130.0
20220924:1100,12.16,99.4,0.0,-0.0,0.0,331.1,0.9,350.0,77130.0
20220924:1200,11.74,100.0,0.0,-0.0,0.0,326.5,0.97,355.0,77170.0
20220924:1300,11.64,100.0,117.65,196.24,92.45,334.8,0.83,6.0,77200.0
20220924:1400,13.0,95.95,333.2,427.11,176.95,353.2,0.97,9.0,77230.0
20220924:1500,14.65,83.45,538.9,577.08,205.25,339.45,1.1,8.0,77260.0
20220924:1600,16.54,72.7,747.1,781.06,160.55,323.4,1.03,6.0,77270.0
20220924:1700,18.37,67.95,833.6,736.45,191.1,306.15,0.97,7.0,77250.0
20220924:1800,19.47,61.4,808.35,724.93,131.05,332.85,0.97,10.0,77200.0
20220924:1900,20.63,57.45,621.95,494.4,161.0,325.1,0.62,335.0,77090.0
20220924:2000,20.71,57.45,522.85,383.01,190.9,329.4,1.03,352.0,77030.0
20220924:2100,20.32,59.35,454.35,374.2,176.75,329.75,1.66,354.0,76950.0
20220924:2200,20.15,57.3,272.65,338.16,81.15,338.3,0.97,347.0,76920.0
20220924:2300,19.13,63.5,81.35,109.66,42.75,337.1,1.66,318.0,76910.0
20220925:0000,18.46,65.65,6.15,13.2,4.7,351.45,0.76,315.0,76950.0
20220925:0100,17.14,72.8,0.0,-0.0,0.0,344.6,0.41,34.0,77010.0
20220925:0200,16.1,80.75,0.0,-0.0,0.0,354.55,0.9,10.0,77110.0
20220925:0300,15.32,83.5,0.0,-0.0,0.0,346.2,1.52,353.0,77170.0
20220925:0400,13.87,89.45,0.0,-0.0,0.0,314.1,1.72,357.0,77200.0
20220925:0500,13.01,92.65,0.0,-0.0,0.0,303.85,1.24,355.0,77210.0
20220925:0600,12.31,95.95,0.0,-0.0,0.0,320.1,1.38,344.0,77180.0
20220925:0700,12.29,99.4,0.0,-0.0,0.0,337.9,1.38,352.0,77090.0
20220925:0800,12.06,99.4,0.0,-0.0,0.0,330.55,1.38,348.0,77060.0
20220925:0900,12.3,99.4,0.0,-0.0,0.0,342.55,1.45,340.0,77010.0
20220925:1000,12.77,95.95,0.0,-0.0,0.0,352.6,1.52,342.0,77020.0
20220925:1100,12.92,92.65,0.0,-0.0,0.0,363.65,1.38,340.0,77020.0
20220925:1200,13.0,95.95,0.0,-0.0,0.0,362.3,1.17,346.0,77030.0
20220925:1300,13.16,99.4,25.15,0.0,25.15,363.05,1.1,350.0,77050.0
20220925:1400,13.48,95.95,59.0,0.0,59.0,366.55,1.1,350.0,77100.0
20220925:1500,13.87,95.95,60.05,0.0,60.05,364.6,1.24,346.0,77140.0
20220925:1600,13.96,92.7,354.3,120.61,263.9,357.05,1.17,356.0,77150.0
20220925:1700,15.96,92.8,373.9,75.34,308.3,340.0,0.76,342.0,77100.0
20220925:1800,16.15,92.8,649.55,323.23,348.25,357.85,0.69,346.0,77080.0
20220925:1900,19.02,78.3,742.75,479.99,296.45,360.35,0.9,349.0,76930.0
20220925:2000,19.95,78.35,521.9,300.07,262.7,348.35,1.38,20.0,76830.0
20220925:2100,19.59,73.15,396.7,219.39,234.65,348.95,1.86,342.0,76740.0
20220925:2200,19.67,68.2,174.25,74.89,132.1,355.9,2.07,335.0,76720.0
20220925:2300,17.96,70.35,70.65,72.2,45.5,346.2,2.28,27.0,76780.0
20220926:0000,15.63,80.65,4.75,3.3,4.4,332.5,1.17,21.0,76880.0
20220926:0100,14.7,86.45,0.0,-0.0,0.0,327.55,1.59,338.0,76950.0
20220926:0200,14.11,89.5,0.0,-0.0,0.0,331.3,1.72,357.0,77020.0
20220926:0300,13.27,92.65,0.0,-0.0,0.0,312.75,1.66,2.0,77100.0
20220926:0400,12.69,95.95,0.0,-0.0,0.0,318.55,1.59,4.0,77120.0
20220926:0500,12.12,99.4,0.0,-0.0,0.0,316.8,1.52,355.0,77110.0
20220926:0600,12.15,99.4,0.0,-0.0,0.0,334.4,1.31,350.0,77070.0
20220926:0700,11.55,99.4,0.0,-0.0,0.0,316.05,1.59,359.0,77020.0
20220926:0800,11.65,99.4,0.0,-0.0,0.0,330.75,1.52,3.0,76950.0
20220926:0900,12.47,95.95,0.0,-0.0,0.0,355.7,1.66,12.0,76930.0
20220926:1000,12.5,95.95,0.0,-0.0,0.0,355.7,1.66,9.0,76930.0
20220926:1100,12.34,99.4,0.0,-0.0,0.0,358.0,1.59,8.0,76930.0
20220926:1200,12.19,99.4,0.0,-0.0,0.0,354.35,1.59,10.0,76960.0
20220926:1300,12.12,99.4,100.35,256.31,67.85,353.55,1.72,12.0,76990.0
20220926:1400,12.29,95.95,256.2,338.9,132.85,343.7,1.86,12.0,77040.0
20220926:1500,13.9,89.45,559.8,709.18,151.4,329.0,1.66,9.0,77060.0
20220926:1600,15.88,75.15,549.35,480.96,189.55,310.6,1.72,27.0,77050.0
20220926:1700,16.8,72.7,559.8,387.0,223.55,324.35,1.31,30.0,77020.0
20220926:1800,17.62,70.3,771.15,613.67,200.45,344.85,1.38,1.0,76970.0
20220926:1900,18.44,61.05,798.05,692.53,155.9,320.5,1.52,15.0,76900.0
20220926:2000,18.67,61.2,565.8,442.86,184.55,327.85,1.86,15.0,76820.0
20220926:2100,18.86,56.95,334.1,196.15,189.85,343.3,2.41,14.0,76770.0
20220926:2200,18.75,56.95,269.35,299.28,101.95,340.2,2.69,8.0,76730.0
20220926:2300,17.61,60.95,99.35,142.73,50.15,321.25,2.28,17.0,76790.0
20220927:0000,16.36,67.65,6.9,21.48,4.7,329.4,2.28,24.0,76870.0
20220927:0100,15.12,72.45,0.0,-0.0,0.0,331.4,1.86,13.0,76930.0
20220927:0200,14.47,77.75,0.0,-0.0,0.0,338.3,2.0,6.0,77030.0
20220927:0300,13.51,83.35,0.0,-0.0,0.0,319.9,2.0,10.0,77100.0
20220927:0400,13.21,89.4,0.0,-0.0,0.0,333.85,1.79,4.0,77140.0
20220927:0500,13.01,89.4,0.0,-0.0,0.0,339.65,1.79,356.0,77150.0
20220927:0600,12.69,92.6,0.0,-0.0,0.0,336.55,1.59,353.0,77120.0
20220927:0700,12.52,92.6,0.0,-0.0,0.0,342.55,1.79,352.0,77100.0
20220927:0800,12.32,95.95,0.0,-0.0,0.0,342.55,2.0,357.0,77060.0
20220927:0900,12.4,95.95,0.0,-0.0,0.0,359.2,2.28,4.0,77020.0
20220927:1000,12.27,99.4,0.0,-0.0,0.0,355.1,2.0,4.0,77020.0
20220927:1100,11.99,99.4,0.0,-0.0,0.0,341.95,1.66,357.0,77010.0
20220927:1200,12.05,99.4,0.0,-0.0,0.0,358.6,1.86,360.0,77070.0
20220927:1300,12.08,99.4,69.55,18.66,67.2,355.3,1.79,358.0,77080.0
20220927:1400,12.32,99.4,256.5,265.99,159.95,353.2,2.21,4.0,77140.0
20220927:1500,13.85,83.35,412.55,293.47,243.9,329.55,2.07,16.0,77170.0
20220927:1600,15.5,72.55,490.45,324.75,248.0,340.6,2.21,16.0,77180.0
20220927:1700,16.42,70.1,568.35,324.28,287.2,344.85,2.34,17.0,77150.0
20220927:1800,17.13,65.45,526.2,284.13,262.6,333.85,2.21,22.0,77120.0
20220927:1900,17.41,70.3,422.0,236.36,203.45,345.25,2.0,10.0,77090.0
20220927:2000,17.38,70.3,311.4,139.7,191.55,358.4,2.34,10.0,77020.0
20220927:2100,16.89,70.2,226.5,54.98,186.25,362.65,2.76,9.0,76960.0
20220927:2200,16.29,72.65,132.95,68.55,94.85,364.2,2.9,10.0,76920.0
20220927:2300,15.95,70.1,47.95,11.58,44.0,350.1,2.28,350.0,76960.0
20220928:0000,15.52,75.15,5.0,9.12,4.1,359.55,2.14,350.0,77030.0
20220928:0100,14.64,77.75,0.0,-0.0,0.0,335.9,2.14,360.0,77100.0
20220928:0200,13.99,83.4,0.0,-0.0,0.0,338.3,2.14,2.0,77200.0
20220928:0300,13.47,86.35,0.0,-0.0,0.0,336.15,2.14,5.0,77280.0
20220928:0400,12.89,92.6,0.0,-0.0,0.0,328.6,1.93,4.0,77340.0
20220928:0500,12.66,92.6,0.0,-0.0,0.0,338.85,1.79,1.0,77310.0
20220928:0600,12.64,92.6,0.0,-0.0,0.0,347.55,1.79,3.0,77300.0
20220928:0700,12.27,99.4,0.0,-0.0,0.0,339.65,1.59,353.0,77270.0
20220928:0800,12.32,99.4,0.0,-0.0,0.0,358.0,1.72,353.0,77220.0
20220928:0900,12.11,99.4,0.0,-0.0,0.0,353.95,1.79,355.0,77190.0
20220928:1000,12.01,99.4,0.0,-0.0,0.0,357.85,2.0,358.0,77180.0
20220928:1100,11.85,100.0,0.0,-0.0,0.0,358.0,2.21,358.0,77190.0
20220928:1200,11.94,99.4,0.0,-0.0,0.0,357.85,2.34,360.0,77220.0
20220928:1300,11.87,99.4,67.6,87.54,56.65,359.4,2.48,10.0,77250.0
20220928:1400,12.02,95.95,247.2,326.96,128.85,354.15,2.48,9.0,77300.0
20220928:1500,13.4,89.4,438.6,397.62,210.6,324.95,2.21,5.0,77330.0
20220928:1600,15.05,77.8,545.25,408.64,240.8,322.0,2.21,7.0,77360.0
20220928:1700,16.14,72.65,779.95,691.94,181.35,340.0,2.21,11.0,77340.0
20220928:1800,17.52,67.85,617.3,300.82,338.9,328.6,2.0,14.0,77300.0
20220928:1900,17.85,67.85,726.35,592.73,179.85,344.3,2.28,9.0,77230.0
20220928:2000,18.22,67.95,617.0,522.09,170.65,317.2,2.28,12.0,77170.0
20220928:2100,18.36,65.55,410.15,333.27,167.25,326.5,2.48,13.0,77140.0
20220928:2200,18.14,63.3,215.95,190.74,110.6,339.05,3.17,13.0,77060.0
20220928:2300,17.13,63.2,86.85,123.29,45.25,348.55,2.62,14.0,77120.0
20220929:0000,15.38,77.8,6.8,24.72,4.45,333.25,2.0,10.0,77190.0
20220929:0100,14.08,83.4,0.0,-0.0,0.0,330.25,2.0,11.0,77270.0
20220929:0200,13.16,89.4,0.0,-0.0,0.0,326.65,2.0,5.0,77340.0
20220929:0300,12.78,95.95,0.0,-0.0,0.0,345.45,2.07,4.0,77400.0
20220929:0400,12.51,95.95,0.0,-0.0,0.0,350.85,2.14,4.0,77420.0
20220929:0500,12.19,95.95,0.0,-0.0,0.0,355.1,2.21,4.0,77430.0
20220929:0600,11.79,95.9,0.0,-0.0,0.0,355.9,2.14,3.0,77430.0
20220929:0700,11.23,99.35,0.0,-0.0,0.0,339.25,1.93,358.0,77400.0
20220929:0800,10.93,95.9,0.0,-0.0,0.0,346.2,2.07,357.0,77380.0
20220929:0900,10.41,95.9,0.0,-0.0,0.0,333.25,2.0,356.0,77340.0
20220929:1000,10.01,95.9,0.0,-0.0,0.0,330.75,2.0,356.0,77320.0
20220929:1100,9.86,99.4,0.0,-0.0,0.0,342.75,2.14,358.0,77340.0
20220929:1200,9.41,95.85,0.0,-0.0,0.0,326.85,2.0,360.0,77360.0
20220929:1300,9.15,99.4,134.35,491.18,73.35,326.1,2.14,2.0,77370.0
20220929:1400,9.5,95.85,371.05,661.93,132.15,322.0,2.48,4.0,77390.0
20220929:1500,11.11,83.05,583.65,696.53,185.15,303.45,2.41,10.0,77410.0
20220929:1600,13.12,72.1,799.4,858.32,161.3,300.35,2.34,8.0,77400.0
20220929:1700,15.13,65.05,954.45,978.74,109.65,299.4,2.41,6.0,77360.0
20220929:1800,17.0,54.7,848.3,642.37,255.3,283.9,2.21,8.0,77300.0
20220929:1900,18.12,54.85,679.2,411.4,301.0,327.45,2.21,3.0,77190.0
20220929:2000,18.44,52.9,468.95,239.29,265.1,350.65,2.14,357.0,77120.0
20220929:2100,18.4,52.9,345.4,203.3,197.9,351.85,2.28,359.0,77030.0
20220929:2200,17.77,52.75,168.4,84.09,122.25,339.85,2.28,358.0,77010.0
20220929:2300,17.01,50.85,79.45,75.5,54.25,351.25,2.28,353.0,77020.0
20220930:0000,16.12,58.6,4.65,15.86,3.2,345.45,2.28,356.0,77070.0
20220930:0100,14.75,60.4,0.0,-0.0,0.0,338.95,2.97,2.0,77090.0
20220930:0200,13.21,67.05,0.0,-0.0,0.0,314.85,2.41,1.0,77160.0
20220930:0300,11.46,74.55,0.0,-0.0,0.0,277.5,1.93,349.0,77250.0
20220930:0400,10.3,86.0,0.0,-0.0,0.0,281.95,1.79,343.0,77320.0
20220930:0500,9.1,89.1,0.0,-0.0,0.0,275.0,1.79,347.0,77300.0
20220930:0600,8.22,95.8,0.0,-0.0,0.0,276.35,1.66,350.0,77270.0
20220930:0700,8.5,95.85,0.0,-0.0,0.0,303.65,1.66,353.0,77210.0
20220930:0800,8.01,95.8,0.0,-0.0,0.0,288.55,1.59,356.0,77170.0
20220930:0900,7.26,99.4,0.0,-0.0,0.0,275.4,1.52,358.0,77140.0
20220930:1000,6.81,99.4,0.0,-0.0,0.0,278.5,1.52,359.0,77120.0
20220930:1100,6.5,95.8,0.0,-0.0,0.0,280.6,1.38,359.0,77100.0
20220930:1200,6.77,99.4,0.0,-0.0,0.0,298.8,1.45,358.0,77110.0
20220930:1300,7.26,100.0,162.2,596.66,88.65,304.6,1.52,358.0,77100.0
20220930:1400,8.78,95.85,399.05,716.47,141.25,307.1,1.38,355.0,77120.0
20220930:1500,11.02,86.1,685.25,1042.43,90.25,295.7,1.45,356.0,77100.0
20220930:1600,18.72,50.09,869.95,1043.24,96.1,290.25,1.79,358.0,77100.0
20220930:1700,18.39,52.95,953.7,953.95,132.2,294.24,1.75,354.0,77060.0
20220930:1800,18.06,55.81,864.35,688.33,230.55,298.23,1.71,345.0,77030.0
20220930:1900,17.73,58.67,787.45,649.7,191.95,302.23,1.67,0.0,76920.0
20220930:2000,17.4,61.53,657.15,583.61,161.75,306.22,1.63,3.0,76820.0
20220930:2100,17.07,64.39,514.05,510.72,145.2,310.21,1.59,2.0,76770.0
20220930:2200,16.74,67.24,211.1,189.26,107.9,314.2,1.55,355.0,76730.0
20220930:2300,16.41,70.1,104.3,187.5,42.4,318.2,1.52,348.0,76720.0
20181001:0000,16.08,72.96,4.85,11.39,3.85,322.19,1.48,339.0,77130.0
20181001:0100,15.75,75.82,0.0,-0.0,0.0,326.18,1.44,316.0,77190.0
20181001:0200,15.42,78.68,0.0,-0.0,0.0,330.18,1.4,317.0,77300.0
20181001:0300,15.09,81.54,0.0,-0.0,0.0,334.17,1.36,333.0,77370.0
20181001:0400,14.75,84.39,0.0,-0.0,0.0,338.16,1.32,345.0,77400.0
20181001:0500,14.42,87.25,0.0,-0.0,0.0,342.15,1.28,352.0,77390.0
20181001:0600,14.09,90.11,0.0,-0.0,0.0,346.15,1.24,353.0,77370.0
20181001:0700,13.76,92.97,0.0,-0.0,0.0,350.14,1.21,342.0,77350.0
20181001:0800,13.1,92.65,0.0,-0.0,0.0,352.0,1.31,350.0,77320.0
20181001:0900,12.72,95.95,0.0,-0.0,0.0,335.55,1.24,350.0,77280.0
20181001:1000,12.85,95.95,0.0,-0.0,0.0,347.75,1.45,359.0,77300.0
20181001:1100,13.07,92.65,0.0,-0.0,0.0,352.4,1.45,358.0,77280.0
20181001:1200,12.89,95.95,0.0,-0.0,0.0,344.65,1.45,358.0,77320.0
20181001:1300,12.94,95.95,132.55,471.3,74.9,344.3,1.79,2.0,77340.0
20181001:1400,13.85,89.45,331.5,517.57,145.85,343.1,1.79,9.0,77370.0
20181001:1500,15.69,77.85,521.15,630.31,162.25,337.9,1.93,14.0,77400.0
20181001:1600,17.19,70.3,654.55,558.25,241.4,323.55,2.0,16.0,77400.0
20181001:1700,18.53,61.3,703.1,550.51,230.15,334.8,1.86,22.0,77380.0
20181001:1800,19.4,59.15,855.35,780.03,139.0,339.45,1.72,31.0,77340.0
20181001:1900,19.98,59.25,773.1,721.81,113.5,319.3,1.86,21.0,77240.0
20181001:2000,20.4,55.3,638.45,590.88,138.7,331.5,2.14,29.0,77140.0
20181001:2100,20.44,53.35,467.0,474.21,126.1,327.45,2.0,32.0,77060.0
20181001:2200,20.32,51.5,212.5,224.54,90.85,317.55,1.38,34.0,77070.0
20181001:2300,19.15,55.05,88.4,119.44,49.4,337.7,0.34,48.0,77130.0
20181002:0000,17.99,67.95,4.75,16.63,3.35,327.05,0.21,99.0,77200.0
20181002:0100,16.57,72.7,0.0,-0.0,0.0,318.05,0.69,11.0,77240.0
20181002:0200,14.97,83.45,0.0,-0.0,0.0,308.1,1.1,17.0,77300.0
20181002:0300,13.93,89.45,0.0,-0.0,0.0,312.35,1.24,15.0,77360.0
20181002:0400,13.49,89.45,0.0,-0.0,0.0,329.55,1.31,352.0,77410.0
20181002:0500,12.62,92.6,0.0,-0.0,0.0,321.25,1.52,347.0,77430.0
20181002:0600,12.53,92.6,0.0,-0.0,0.0,333.25,1.59,349.0,77420.0
20181002:0700,12.42,99.4,0.0,-0.0,0.0,329.4,1.86,354.0,77380.0
20181002:0800,12.3,99.4,0.0,-0.0,0.0,328.4,1.86,353.0,77350.0
20181002:0900,11.91,99.4,0.0,-0.0,0.0,317.4,1.79,351.0,77320.0
20181002:1000,12.07,99.4,0.0,-0.0,0.0,338.3,1.72,354.0,77310.0
20181002:1100,12.11,99.4,0.0,-0.0,0.0,341.2,1.66,355.0,77310.0
20181002:1200,11.97,99.4,0.0,-0.0,0.0,336.35,1.59,355.0,77370.0
20181002:1300,11.86,100.0,139.35,463.98,83.05,337.1,1.79,1.0,77390.0
20181002:1400,12.42,95.95,397.95,787.92,116.25,340.6,1.86,5.0,77420.0
20181002:1500,14.56,77.75,637.6,853.48,152.85,294.75,1.93,15.0,77430.0
20181002:1600,16.63,67.75,826.0,898.37,162.7,297.85,1.86,16.0,77430.0
20181002:1700,18.49,56.95,875.45,826.54,167.1,296.5,2.0,24.0,77400.0
20181002:1800,19.94,53.25,641.05,481.49,200.05,316.2,2.14,27.0,77320.0
20181002:1900,19.51,55.05,785.35,707.29,141.0,327.85,2.0,18.0,77250.0
20181002:2000,19.85,55.2,585.6,501.92,162.65,323.2,2.21,17.0,77170.0
20181002:2100,19.49,55.05,427.0,431.29,118.4,329.2,2.21,19.0,77140.0
20181002:2200,19.21,55.05,288.85,368.89,90.3,333.45,2.34,13.0,77100.0
20181002:2300,18.67,53.15,113.55,180.86,55.15,316.6,2.21,11.0,77100.0
20181003:0000,17.65,61.05,3.8,4.96,3.4,321.05,1.93,14.0,77170.0
20181003:0100,16.15,67.65,0.0,-0.0,0.0,318.25,2.0,8.0,77240.0
20181003:0200,15.17,75.1,0.0,-0.0,0.0,333.05,1.86,4.0,77320.0
20181003:0300,14.34,83.4,0.0,-0.0,0.0,328.8,1.86,2.0,77360.0
20181003:0400,13.16,89.4,0.0,-0.0,0.0,310.05,1.86,358.0,77400.0
20181003:0500,12.65,92.6,0.0,-0.0,0.0,319.3,1.86,358.0,77390.0
20181003:0600,12.06,95.95,0.0,-0.0,0.0,312.75,1.86,360.0,77370.0
20181003:0700,11.29,99.35,0.0,-0.0,0.0,299.75,1.72,355.0,77330.0
20181003:0800,10.74,100.0,0.0,-0.0,0.0,302.65,1.59,353.0,77310.0
20181003:0900,11.4,99.35,0.0,-0.0,0.0,336.15,1.72,352.0,77260.0
20181003:1000,11.59,99.4,0.0,-0.0,0.0,342.75,1.72,353.0,77240.0
20181003:1100,11.56,99.4,0.0,-0.0,0.0,346.4,1.93,356.0,77240.0
20181003:1200,11.59,99.4,0.0,-0.0,0.0,351.25,2.07,7.0,77250.0
20181003:1300,11.67,99.4,92.15,141.27,75.15,345.05,2.21,6.0,77260.0
20181003:1400,12.18,95.95,279.15,226.48,198.45,347.95,2.07,6.0,77300.0
20181003:1500,13.74,86.35,489.8,523.48,193.25,349.7,1.79,9.0,77360.0
20181003:1600,15.74,72.55,656.8,506.9,283.45,334.4,1.79,15.0,77310.0
20181003:1700,17.48,65.45,736.55,521.31,290.9,327.85,1.93,17.0,77270.0
20181003:1800,18.78,59.15,602.7,343.55,288.9,327.25,1.93,10.0,77200.0
20181003:1900,18.75,61.3,562.1,349.54,244.65,355.7,1.72,13.0,77120.0
20181003:2000,18.99,61.3,439.15,284.92,199.95,346.2,1.1,7.0,77030.0
20181003:2100,18.95,63.5,353.25,203.96,208.0,339.25,1.45,350.0,76980.0
20181003:2200,17.8,67.95,132.7,63.02,99.0,342.95,2.21,9.0,76970.0
20181003:2300,16.86,72.7,60.15,11.27,56.55,341.75,1.86,13.0,77040.0
20181004:0000,16.25,77.95,2.05,0.0,2.05,336.15,1.38,11.0,77090.0
20181004:0100,14.88,86.45,0.0,-0.0,0.0,343.6,1.38,349.0,77170.0
20181004:0200,13.98,86.4,0.0,-0.0,0.0,329.95,1.52,342.0,77240.0
20181004:0300,13.29,92.65,0.0,-0.0,0.0,321.45,1.66,350.0,77280.0
20181004:0400,12.68,95.95,0.0,-0.0,0.0,316.6,1.72,353.0,77320.0
20181004:0500,12.18,99.4,0.0,-0.0,0.0,317.55,1.66,356.0,77320.0
20181004:0600,11.78,99.4,0.0,-0.0,0.0,318.15,1.59,352.0,77320.0
20181004:0700,12.28,99.4,0.0,-0.0,0.0,341.4,1.59,355.0,77270.0
20181004:0800,12.72,95.95,0.0,-0.0,0.0,355.1,1.59,355.0,77230.0
20181004:0900,12.67,95.95,0.0,-0.0,0.0,352.0,1.66,354.0,77190.0
20181004:1000,12.53,95.95,0.0,-0.0,0.0,352.6,1.66,355.0,77190.0
20181004:1100,12.27,99.4,0.0,-0.0,0.0,342.55,1.72,357.0,77210.0
20181004:1200,12.14,99.4,0.0,-0.0,0.0,346.0,1.59,358.0,77230.0
20181004:1300,12.11,99.4,129.5,406.98,80.95,347.75,1.66,1.0,77250.0
20181004:1400,12.68,95.95,329.2,556.08,131.75,316.8,1.93,8.0,77280.0
20181004:1500,14.13,83.4,505.55,481.26,233.65,320.65,1.66,14.0,77310.0
20181004:1600,16.0,72.65,765.65,781.95,191.15,338.65,1.45,18.0,77310.0
20181004:1700,17.79,63.3,780.25,732.16,155.95,330.55,1.38,24.0,77270.0
20181004:1800,18.97,57.1,754.4,666.78,147.05,320.3,1.24,22.0,77230.0
20181004:1900,19.64,55.2,784.7,700.2,150.8,325.5,1.59,21.0,77140.0
20181004:2000,19.82,55.2,704.4,706.85,113.2,322.05,1.52,23.0,77040.0
20181004:2100,20.11,51.5,449.3,398.36,166.95,321.85,1.79,25.0,76980.0
20181004:2200,19.79,51.4,275.35,277.3,128.05,328.4,1.86,36.0,76920.0
20181004:2300,18.8,51.25,81.95,63.66,61.85,320.5,0.62,49.0,76990.0
20181005:0000,17.71,63.3,3.4,0.68,3.35,323.0,0.48,356.0,77040.0
20181005:0100,16.49,75.25,0.0,-0.0,0.0,329.3,0.83,22.0,77120.0
20181005:0200,14.48,86.4,0.0,-0.0,0.0,316.6,1.52,20.0,77180.0
20181005:0300,13.68,86.35,0.0,-0.0,0.0,309.45,1.31,7.0,77230.0
20181005:0400,12.84,89.4,0.0,-0.0,0.0,296.5,1.24,357.0,77270.0
20181005:0500,12.24,92.6,0.0,-0.0,0.0,313.3,1.24,359.0,77280.0
20181005:0600,11.66,95.9,0.0,-0.0,0.0,315.45,1.38,356.0,77260.0
20181005:0700,11.65,99.4,0.0,-0.0,0.0,326.65,1.17,360.0,77220.0
20181005:0800,12.1,99.4,0.0,-0.0,0.0,351.65,1.1,351.0,77200.0
20181005:0900,12.35,99.4,0.0,-0.0,0.0,352.4,1.24,360.0,77190.0
20181005:1000,12.61,95.95,0.0,-0.0,0.0,355.9,1.72,14.0,77140.0
20181005:1100,12.24,99.4,0.0,-0.0,0.0,339.65,1.31,13.0,77150.0
20181005:1200,12.07,99.4,0.0,-0.0,0.0,345.25,1.24,10.0,77190.0
20181005:1300,11.86,100.0,127.45,290.55,93.1,335.55,1.24,13.0,77240.0
20181005:1400,12.25,99.4,308.7,320.67,195.25,327.05,1.66,17.0,77290.0
20181005:1500,13.74,89.45,468.2,455.71,211.45,327.05,1.59,17.0,77310.0
20181005:1600,15.27,77.8,739.9,751.76,189.0,318.95,1.45,15.0,77320.0
20181005:1700,17.39,65.45,870.2,776.95,209.45,319.3,0.97,15.0,77260.0
20181005:1800,19.03,63.5,992.05,950.24,128.95,308.65,0.76,356.0,77180.0
20181005:1900,20.95,55.45,854.65,750.82,177.1,307.1,0.9,0.0,77060.0
20181005:2000,20.88,57.45,664.55,591.03,172.1,310.2,0.9,16.0,77000.0
20181005:2100,20.42,59.35,378.35,262.55,193.15,318.55,0.34,34.0,76950.0
20181005:2200,19.19,63.5,208.65,163.93,122.15,340.2,0.62,328.0,76940.0
20181005:2300,17.84,70.35,58.7,50.13,43.05,333.45,0.62,301.0,77000.0
20181006:0000,16.85,78.0,2.15,0.0,2.15,341.95,0.21,104.0,77040.0
20181006:0100,16.28,80.75,0.0,-0.0,0.0,339.35,0.07,67.0,77070.0
20181006:0200,15.72,80.65,0.0,-0.0,0.0,318.75,0.28,343.0,77140.0
20181006:0300,14.89,83.45,0.0,-0.0,0.0,315.65,0.69,341.0,77190.0
20181006:0400,14.39,86.4,0.0,-0.0,0.0,327.85,0.55,34.0,77230.0
20181006:0500,13.95,89.45,0.0,-0.0,0.0,329.0,0.28,35.0,77230.0
20181006:0600,13.77,89.45,0.0,-0.0,0.0,331.9,0.34,290.0,77190.0
20181006:0700,13.02,89.4,0.0,-0.0,0.0,294.15,0.48,96.0,77160.0
20181006:0800,12.69,92.6,0.0,-0.0,0.0,300.55,0.28,18.0,77130.0
20181006:0900,12.45,95.95,0.0,-0.0,0.0,320.1,0.62,355.0,77090.0
20181006:1000,11.37,99.35,0.0,-0.0,0.0,318.75,0.62,346.0,77080.0
20181006:1100,11.36,99.35,0.0,-0.0,0.0,337.9,0.48,351.0,77090.0
20181006:1200,10.84,100.0,0.0,-0.0,0.0,341.95,0.55,359.0,77100.0
20181006:1300,10.87,100.0,105.75,172.05,85.6,325.9,0.55,349.0,77140.0
20181006:1400,13.09,92.65,326.75,460.48,164.45,336.95,0.55,334.0,77170.0
20181006:1500,15.03,80.6,550.65,613.38,206.05,337.1,0.41,330.0,77200.0
20181006:1600,16.72,72.7,651.15,675.22,157.65,328.8,0.69,310.0,77210.0
20181006:1700,18.06,63.4,727.35,631.3,191.9,328.4,0.48,309.0,77170.0
20181006:1800,18.74,63.5,794.25,728.35,134.6,336.75,0.14,304.0,77120.0
20181006:1900,19.77,61.4,735.3,620.03,177.6,327.45,0.97,2.0,77050.0
20181006:2000,20.01,61.4,627.0,522.7,193.15,325.7,1.03,5.0,76970.0
20181006:2100,20.17,59.35,396.4,293.52,190.35,329.0,1.24,14.0,76920.0
20181006:2200,18.6,63.5,245.75,248.68,115.4,335.2,0.9,21.0,76850.0
20181006:2300,17.89,67.95,61.8,67.23,41.05,324.55,0.62,232.0,76930.0
20181007:0000,16.82,75.3,1.9,1.5,1.8,346.2,1.1,296.0,76990.0
20181007:0100,15.53,80.65,0.0,-0.0,0.0,338.8,0.07,34.0,77080.0
20181007:0200,14.42,92.7,0.0,-0.0,0.0,335.75,0.83,101.0,77150.0
20181007:0300,14.66,86.45,0.0,-0.0,0.0,329.95,0.21,289.0,77190.0
20181007:0400,14.15,86.4,0.0,-0.0,0.0,319.3,0.69,323.0,77210.0
20181007:0500,13.6,89.45,0.0,-0.0,0.0,295.3,0.69,349.0,77190.0
20181007:0600,12.66,95.95,0.0,-0.0,0.0,307.9,0.34,58.0,77170.0
20181007:0700,11.88,100.0,0.0,-0.0,0.0,331.3,0.55,211.0,77130.0
20181007:0800,11.37,100.0,0.0,-0.0,0.0,348.95,0.21,129.0,77100.0
20181007:0900,10.99,99.35,0.0,-0.0,0.0,331.1,0.07,222.0,77060.0
20181007:1000,10.98,99.35,0.0,-0.0,0.0,341.0,0.34,208.0,77050.0
20181007:1100,11.08,99.35,0.0,-0.0,0.0,346.2,0.21,203.0,77040.0
20181007:1200,11.4,100.0,0.0,-0.0,0.0,349.3,0.0,172.0,77040.0
20181007:1300,11.38,100.0,92.85,168.99,73.25,337.9,0.14,50.0,77080.0
20181007:1400,12.92,95.95,266.35,278.56,168.55,339.85,0.55,90.0,77100.0
20181007:1500,14.73,83.45,517.1,561.73,202.45,350.5,0.21,163.0,77150.0
20181007:1600,16.87,72.7,713.8,693.52,208.3,320.1,0.41,216.0,77150.0
20181007:1700,18.17,65.65,741.55,564.17,264.35,322.2,1.03,213.0,77100.0
20181007:1800,18.86,63.5,559.9,362.79,232.3,327.85,1.31,214.0,77070.0
20181007:1900,18.88,68.1,611.0,467.53,191.85,340.2,1.45,213.0,77000.0
20181007:2000,19.59,73.15,542.9,378.03,230.35,334.8,1.24,215.0,76910.0
20181007:2100,19.51,78.3,384.5,214.29,234.8,354.15,0.9,185.0,76770.0
20181007:2200,17.56,72.9,132.95,76.44,93.15,339.65,1.31,212.0,76840.0
20181007:2300,16.89,78.0,43.6,0.0,43.6,339.45,1.45,240.0,76850.0
20181008:0000,16.01,83.6,1.95,0.0,1.95,341.4,0.55,225.0,76910.0
20181008:0100,15.03,86.5,0.0,-0.0,0.0,332.0,1.1,267.0,76970.0
20181008:0200,14.02,89.5,0.0,-0.0,0.0,323.2,0.9,261.0,77030.0
20181008:0300,14.6,86.45,0.0,-0.0,0.0,332.1,0.55,232.0,77070.0
20181008:0400,14.17,89.5,0.0,-0.0,0.0,313.5,0.55,234.0,77100.0
20181008:0500,13.78,89.45,0.0,-0.0,0.0,313.9,0.69,232.0,77090.0
20181008:0600,13.13,92.65,0.0,-0.0,0.0,316.8,0.55,234.0,77040.0
20181008:0700,13.03,92.65,0.0,-0.0,0.0,318.15,0.69,188.0,77000.0
20181008:0800,12.77,92.6,0.0,-0.0,0.0,301.7,0.83,200.0,76960.0
20181008:0900,12.7,92.6,0.0,-0.0,0.0,312.55,0.69,205.0,76940.0
20181008:1000,12.47,92.6,0.0,-0.0,0.0,326.85,0.83,209.0,76910.0
20181008:1100,12.6,92.6,0.0,-0.0,0.0,323.2,0.62,225.0,76900.0
20181008:1200,12.46,95.95,0.0,-0.0,0.0,320.65,0.55,270.0,76910.0
20181008:1300,12.43,99.4,108.3,292.22,74.75,329.55,0.62,283.0,76940.0
20181008:1400,13.63,89.45,334.8,532.77,148.5,328.8,0.41,282.0,76960.0
20181008:1500,15.1,80.6,566.35,728.91,159.3,322.0,0.62,287.0,77010.0
20181008:1600,17.06,72.8,810.55,954.65,116.65,315.85,0.55,262.0,77020.0
20181008:1700,18.94,63.5,805.95,822.73,112.0,308.5,0.83,243.0,76980.0
20181008:1800,19.72,59.25,576.6,461.84,160.8,322.4,1.24,223.0,76920.0
20181008:1900,19.46,63.5,718.1,567.13,211.35,331.5,1.38,240.0,76850.0
20181008:2000,19.95,63.6,594.4,458.49,216.8,339.65,1.52,232.0,76760.0
20181008:2100,20.05,63.7,462.15,473.39,133.05,337.1,1.52,228.0,76700.0
20181008:2200,19.78,68.2,208.7,116.4,148.5,325.3,1.31,215.0,76620.0
20181008:2300,17.84,72.9,67.9,92.5,40.0,364.4,1.17,210.0,76630.0
20181009:0000,15.9,83.55,2.05,0.0,2.05,339.25,0.48,205.0,76760.0
20181009:0100,14.85,92.7,0.0,-0.0,0.0,337.8,0.55,188.0,76860.0
20181009:0200,14.66,92.7,0.0,-0.0,0.0,352.2,0.62,187.0,76920.0
20181009:0300,13.74,95.95,0.0,-0.0,0.0,323.55,0.97,232.0,76970.0
20181009:0400,13.12,95.95,0.0,-0.0,0.0,330.55,0.83,224.0,77000.0
20181009:0500,12.94,99.4,0.0,-0.0,0.0,339.25,0.69,207.0,76990.0
20181009:0600,12.18,99.4,0.0,-0.0,0.0,329.55,0.9,194.0,76970.0
20181009:0700,13.38,95.95,0.0,-0.0,0.0,358.4,1.24,190.0,76910.0
20181009:0800,13.77,95.95,0.0,-0.0,0.0,360.95,0.9,206.0,76850.0
20181009:0900,14.0,92.7,0.0,-0.0,0.0,366.55,0.76,228.0,76850.0
20181009:1000,13.76,95.95,0.0,-0.0,0.0,359.0,0.83,243.0,76840.0
20181009:1100,13.64,95.95,0.0,-0.0,0.0,355.1,0.62,275.0,76840.0
20181009:1200,13.4,95.95,0.0,-0.0,0.0,353.75,0.48,287.0,76860.0
20181009:1300,13.12,95.95,123.95,361.35,82.9,349.5,0.48,289.0,76880.0
20181009:1400,13.81,89.45,367.0,685.47,128.3,323.2,0.41,253.0,76920.0
20181009:1500,15.83,80.65,620.5,876.97,132.3,304.6,0.97,193.0,76940.0
20181009:1600,17.91,70.35,739.0,784.44,170.45,305.0,1.45,202.0,76950.0
20181009:1700,19.16,63.5,728.25,691.09,147.0,313.7,1.66,216.0,76920.0
20181009:1800,19.86,61.4,788.9,723.89,139.15,330.95,1.86,215.0,76890.0
20181009:1900,20.56,55.45,666.6,543.28,182.8,326.1,1.93,219.0,76810.0
20181009:2000,20.71,55.45,647.25,647.06,116.45,326.1,2.07,221.0,76740.0
20181009:2100,19.87,61.4,446.05,472.24,119.35,317.55,1.93,212.0,76720.0
20181009:2200,19.23,65.75,271.85,368.89,82.35,347.75,1.93,208.0,76680.0
20181009:2300,18.5,68.05,95.9,178.42,42.7,332.65,1.79,209.0,76720.0
20181010:0000,17.7,75.45,2.0,0.0,2.0,335.95,1.45,192.0,76750.0
20181010:0100,16.45,83.6,0.0,-0.0,0.0,314.6,1.45,182.0,76840.0
20181010:0200,15.42,92.75,0.0,-0.0,0.0,333.25,1.31,187.0,76900.0
20181010:0300,14.24,96.0,0.0,-0.0,0.0,308.85,1.24,193.0,76950.0
20181010:0400,13.29,95.95,0.0,-0.0,0.0,306.75,1.38,187.0,77000.0
20181010:0500,13.14,95.95,0.0,-0.0,0.0,337.5,1.31,194.0,77010.0
20181010:0600,13.24,99.4,0.0,-0.0,0.0,344.65,1.17,195.0,77020.0
20181010:0700,13.61,95.95,0.0,-0.0,0.0,354.95,1.17,206.0,76980.0
20181010:0800,14.03,92.7,0.0,-0.0,0.0,360.35,0.76,236.0,76980.0
20181010:0900,13.98,95.95,0.0,-0.0,0.0,351.45,0.69,242.0,76930.0
20181010:1000,14.09,92.7,0.0,-0.0,0.0,353.4,0.55,236.0,76930.0
20181010:1100,13.91,95.95,0.0,-0.0,0.0,350.1,0.48,216.0,76930.0
20181010:1200,13.62,95.95,0.0,-0.0,0.0,356.3,0.48,202.0,76980.0
20181010:1300,13.48,99.4,109.95,212.71,86.05,336.55,0.28,224.0,77000.0
20181010:1400,13.78,95.95,328.75,536.58,142.7,338.3,0.48,16.0,77080.0
20181010:1500,15.92,89.6,556.5,692.83,172.05,313.9,0.55,12.0,77130.0
20181010:1600,18.01,83.75,644.05,576.34,227.55,329.95,0.55,352.0,77140.0
20181010:1700,19.29,81.05,674.2,437.63,307.2,348.35,0.41,346.0,77100.0
20181010:1800,20.17,78.45,676.85,565.92,170.45,341.0,0.62,300.0,77050.0
20181010:1900,20.58,63.8,614.35,428.41,234.15,336.35,0.55,325.0,76970.0
20181010:2000,20.59,66.05,603.4,446.11,238.9,334.8,0.76,360.0,76900.0
20181010:2100,20.81,68.4,278.95,150.27,175.5,351.65,1.03,29.0,76850.0
20181010:2200,19.59,68.2,148.05,74.18,110.2,373.1,1.1,25.0,76810.0
20181010:2300,17.29,75.4,20.4,0.0,20.4,353.95,0.76,336.0,76970.0
20181011:0000,15.9,86.5,0.8,0.0,0.8,345.05,1.45,327.0,77050.0
20181011:0100,15.3,86.5,0.0,-0.0,0.0,338.8,1.59,349.0,77060.0
20181011:0200,14.55,89.5,0.0,-0.0,0.0,329.95,1.17,352.0,77140.0
20181011:0300,15.23,80.6,0.0,-0.0,0.0,321.45,0.28,336.0,77200.0
20181011:0400,14.82,83.45,0.0,-0.0,0.0,318.95,0.34,232.0,77250.0
20181011:0500,13.35,92.65,0.0,-0.0,0.0,318.75,0.76,263.0,77240.0
20181011:0600,12.99,92.65,0.0,-0.0,0.0,321.25,0.83,328.0,77190.0
20181011:0700,12.04,99.4,0.0,-0.0,0.0,331.7,0.34,149.0,77150.0
20181011:0800,12.0,99.4,0.0,-0.0,0.0,336.95,0.34,62.0,77150.0
20181011:0900,11.72,100.0,0.0,-0.0,0.0,345.45,0.55,40.0,77160.0
20181011:1000,11.68,100.0,0.0,-0.0,0.0,338.3,0.41,28.0,77150.0
20181011:1100,11.88,100.0,0.0,-0.0,0.0,348.15,0.21,40.0,77150.0
20181011:1200,11.63,99.4,0.0,-0.0,0.0,344.65,0.41,52.0,77180.0
20181011:1300,11.76,100.0,90.55,130.98,76.0,343.3,0.55,30.0,77230.0
20181011:1400,13.57,92.65,249.8,231.61,169.85,339.25,0.76,356.0,77240.0
20181011:1500,15.11,83.5,431.55,466.68,173.45,346.8,1.31,357.0,77270.0
20181011:1600,16.45,77.95,615.1,596.4,185.4,322.8,1.31,16.0,77280.0
20181011:1700,17.96,70.35,644.5,561.77,174.8,323.75,1.17,27.0,77250.0
20181011:1800,18.68,65.75,749.5,662.77,158.3,327.45,0.97,12.0,77220.0
20181011:1900,19.61,63.6,511.05,359.96,192.7,343.3,0.41,307.0,77110.0
20181011:2000,19.53,65.75,518.1,386.52,203.55,347.75,0.69,265.0,77040.0
20181011:2100,19.95,65.85,305.3,199.85,168.4,342.55,0.9,339.0,76980.0
20181011:2200,19.52,68.1,184.45,168.31,99.15,349.1,0.83,350.0,76920.0
20181011:2300,18.42,70.45,44.7,54.74,28.75,342.75,0.76,39.0,76980.0
20181012:0000,16.64,80.8,1.0,0.0,1.0,353.95,0.9,328.0,77100.0
20181012:0100,15.25,89.55,0.0,-0.0,0.0,346.7,1.31,326.0,77160.0
20181012:0200,14.84,92.7,0.0,-0.0,0.0,348.95,1.1,324.0,77200.0
20181012:0300,14.32,96.0,0.0,-0.0,0.0,344.65,1.03,332.0,77260.0
20181012:0400,13.96,95.95,0.0,-0.0,0.0,346.8,1.03,2.0,77300.0
20181012:0500,13.27,95.95,0.0,-0.0,0.0,328.8,1.17,2.0,77280.0
20181012:0600,13.31,92.65,0.0,-0.0,0.0,333.05,0.97,348.0,77280.0
20181012:0700,12.3,99.4,0.0,-0.0,0.0,335.2,1.03,8.0,77220.0
20181012:0800,12.66,95.95,0.0,-0.0,0.0,346.6,1.24,5.0,77190.0
20181012:0900,12.82,95.95,0.0,-0.0,0.0,348.35,1.24,1.0,77170.0
20181012:1000,12.63,95.95,0.0,-0.0,0.0,338.5,1.31,5.0,77140.0
20181012:1100,12.56,95.95,0.0,-0.0,0.0,346.4,1.24,9.0,77150.0
20181012:1200,12.67,99.4,0.0,-0.0,0.0,348.35,1.45,7.0,77140.0
20181012:1300,12.52,95.95,101.9,223.65,77.35,339.05,1.45,9.0,77180.0
20181012:1400,13.17,95.95,268.8,298.3,166.3,351.05,1.79,22.0,77220.0
20181012:1500,14.52,83.45,531.15,594.83,203.3,348.15,1.52,24.0,77250.0
20181012:1600,16.81,72.7,597.9,539.62,210.3,323.75,1.45,16.0,77240.0
20181012:1700,18.11,65.65,742.85,572.41,265.7,336.15,1.38,15.0,77220.0
20181012:1800,19.24,61.3,645.4,516.6,186.05,347.2,1.31,21.0,77160.0
20181012:1900,19.47,61.3,704.0,596.14,178.6,327.25,1.1,26.0,77050.0
20181012:2000,19.72,59.25,483.0,369.51,183.5,333.25,0.76,9.0,76990.0
20181012:2100,19.23,61.3,375.65,256.74,200.65,332.1,0.55,323.0,76940.0
20181012:2200,19.15,61.3,155.8,54.23,128.5,337.9,0.69,329.0,76930.0
20181012:2300,18.76,59.15,54.3,0.0,54.3,337.9,0.55,311.0,76920.0
20181013:0000,17.91,67.95,0.95,0.0,0.95,341.55,0.83,222.0,76950.0
20181013:0100,16.3,80.75,0.0,-0.0,0.0,333.15,0.83,216.0,77020.0
20181013:0200,15.79,80.65,0.0,-0.0,0.0,332.3,0.76,205.0,77110.0
20181013:0300,15.49,86.5,0.0,-0.0,0.0,325.9,0.76,229.0,77160.0
20181013:0400,15.26,83.5,0.0,-0.0,0.0,333.65,0.83,237.0,77180.0
20181013:0500,14.62,80.55,0.0,-0.0,0.0,329.55,0.83,241.0,77190.0
20181013:0600,14.32,86.4,0.0,-0.0,0.0,323.95,0.69,240.0,77170.0
20181013:0700,14.02,86.4,0.0,-0.0,0.0,320.5,0.0,86.0,77120.0
20181013:0800,13.9,89.45,0.0,-0.0,0.0,323.0,0.0,97.0,77100.0
20181013:0900,13.95,89.45,0.0,-0.0,0.0,341.4,0.21,177.0,77050.0
20181013:1000,13.3,92.65,0.0,-0.0,0.0,337.3,0.21,161.0,77030.0
20181013:1100,13.05,92.65,0.0,-0.0,0.0,340.8,0.28,99.0,77040.0
20181013:1200,13.32,92.65,0.0,-0.0,0.0,349.7,0.48,26.0,77030.0
20181013:1300,13.66,92.65,76.15,170.63,57.65,361.5,0.55,32.0,77070.0
20181013:1400,14.51,86.45,204.85,213.75,131.75,365.75,0.9,74.0,77110.0
20181013:1500,15.42,83.5,320.8,202.92,209.35,343.1,0.48,115.0,77160.0
20181013:1600,16.39,77.95,605.4,618.0,162.9,351.85,0.69,150.0,77170.0
20181013:1700,17.8,70.35,634.4,592.24,142.25,327.25,0.9,166.0,77140.0
20181013:1800,18.62,68.1,683.5,551.83,194.4,331.7,1.03,193.0,77090.0
20181013:1900,18.86,68.1,738.85,677.22,144.1,327.25,1.31,196.0,77010.0
20181013:2000,19.68,70.65,670.75,704.05,102.4,341.95,1.03,217.0,76920.0
20181013:2100,20.25,70.7,470.2,527.75,112.25,340.6,0.83,237.0,76850.0
20181013:2200,18.62,70.55,314.2,484.09,72.15,327.85,1.1,218.0,76820.0
20181013:2300,17.98,72.9,68.95,130.15,31.9,317.0,1.66,205.0,76900.0
20181014:0000,16.11,86.55,0.7,0.0,0.7,331.1,1.66,206.0,76940.0
20181014:0100,14.6,92.7,0.0,-0.0,0.0,329.5,1.38,185.0,77040.0
20181014:0200,13.87,95.95,0.0,-0.0,0.0,320.5,1.31,174.0,77080.0
20181014:0300,13.75,95.95,0.0,-0.0,0.0,335.4,1.38,181.0,77130.0
20181014:0400,13.63,95.95,0.0,-0.0,0.0,337.3,1.38,182.0,77160.0
20181014:0500,13.11,95.95,0.0,-0.0,0.0,327.25,1.31,179.0,77160.0
20181014:0600,13.79,95.95,0.0,-0.0,0.0,360.55,1.59,186.0,77120.0
20181014:0700,12.82,99.4,0.0,-0.0,0.0,322.6,1.24,184.0,77090.0
20181014:0800,12.69,99.4,0.0,-0.0,0.0,339.05,1.31,183.0,77070.0
20181014:0900,12.67,99.4,0.0,-0.0,0.0,349.5,1.31,194.0,77070.0
20181014:1000,12.43,99.4,0.0,-0.0,0.0,344.85,1.17,190.0,77060.0
20181014:1100,12.23,99.4,0.0,-0.0,0.0,339.85,1.1,193.0,77060.0
20181014:1200,12.18,99.4,0.0,-0.0,0.0,346.2,1.03,198.0,77090.0
20181014:1300,12.42,99.4,99.65,310.66,66.4,346.6,1.24,195.0,77120.0
20181014:1400,13.16,92.65,310.15,553.6,121.75,350.1,1.31,186.0,77140.0
20181014:1500,15.41,83.5,505.2,642.48,153.6,342.95,1.38,199.0,77190.0
20181014:1600,17.39,72.8,714.7,807.46,138.4,321.85,1.52,196.0,77170.0
20181014:1700,19.26,63.5,667.85,588.37,180.45,322.4,1.79,193.0,77140.0
20181014:1800,19.81,61.4,850.7,819.47,126.75,327.65,2.0,191.0,77080.0
20181014:1900,21.27,57.55,685.3,590.21,168.8,329.95,1.66,190.0,76980.0
20181014:2000,21.02,61.6,627.25,595.29,148.65,336.95,1.59,187.0,76880.0
20181014:2100,20.91,61.6,448.6,526.23,93.45,319.5,1.52,185.0,76810.0
20181014:2200,19.0,65.75,246.25,272.22,111.05,330.55,2.07,189.0,76850.0
20181014:2300,17.75,72.9,57.6,73.21,37.0,344.1,2.34,201.0,76960.0
20181015:0000,15.73,86.5,0.65,0.0,0.65,357.05,1.66,211.0,77070.0
20181015:0100,15.08,92.75,0.0,-0.0,0.0,349.25,0.69,193.0,77100.0
20181015:0200,14.49,92.7,0.0,-0.0,0.0,322.05,0.9,146.0,77110.0
20181015:0300,13.84,95.95,0.0,-0.0,0.0,310.05,0.34,193.0,77140.0
20181015:0400,12.59,95.95,0.0,-0.0,0.0,326.3,0.62,163.0,77200.0
20181015:0500,12.08,99.4,0.0,-0.0,0.0,335.55,0.97,173.0,77220.0
20181015:0600,11.86,100.0,0.0,-0.0,0.0,343.1,0.97,175.0,77190.0
20181015:0700,13.19,95.95,0.0,-0.0,0.0,353.95,0.9,170.0,77130.0
20181015:0800,12.71,95.95,0.0,-0.0,0.0,335.2,0.97,180.0,77080.0
20181015:0900,12.7,95.95,0.0,-0.0,0.0,350.65,0.97,177.0,77070.0
20181015:1000,12.63,95.95,0.0,-0.0,0.0,352.0,0.97,168.0,77060.0
20181015:1100,12.37,99.4,0.0,-0.0,0.0,346.2,0.76,162.0,77060.0
20181015:1200,12.17,99.4,0.0,-0.0,0.0,341.55,0.69,170.0,77080.0
20181015:1300,12.2,99.4,95.25,163.34,78.0,346.6,0.55,150.0,77140.0
20181015:1400,13.04,92.65,257.9,253.68,172.0,347.4,0.97,157.0,77170.0
20181015:1500,15.15,83.5,432.45,380.67,224.9,353.4,1.24,182.0,77190.0
20181015:1600,16.71,72.7,632.8,611.21,198.0,334.8,1.31,191.0,77190.0
20181015:1700,18.11,65.65,672.2,522.14,241.05,336.35,1.45,184.0,77150.0
20181015:1800,18.89,63.5,774.15,647.01,204.45,344.1,1.59,176.0,77100.0
20181015:1900,20.7,57.45,769.6,660.51,193.65,322.0,1.59,172.0,76980.0
20181015:2000,20.91,59.5,600.6,554.52,156.6,330.15,1.31,176.0,76890.0
20181015:2100,20.87,59.5,439.85,407.64,166.1,330.15,1.17,172.0,76810.0
20181015:2200,19.57,63.6,274.85,344.71,104.8,339.45,1.52,183.0,76800.0
20181015:2300,18.24,70.45,85.5,135.9,47.7,317.75,1.93,180.0,76900.0
20181016:0000,17.04,78.1,0.8,0.0,0.8,333.25,1.24,186.0,76960.0
20181016:0100,15.89,86.5,0.0,-0.0,0.0,316.15,0.48,202.0,77020.0
20181016:0200,15.07,86.5,0.0,-0.0,0.0,309.05,0.21,215.0,77100.0
20181016:0300,14.6,89.5,0.0,-0.0,0.0,313.7,0.34,331.0,77150.0
20181016:0400,13.91,92.65,0.0,-0.0,0.0,324.35,0.9,19.0,77150.0
20181016:0500,13.72,92.65,0.0,-0.0,0.0,345.45,0.97,352.0,77150.0
20181016:0600,13.65,92.65,0.0,-0.0,0.0,334.0,0.83,353.0,77140.0
20181016:0700,14.36,86.4,0.0,-0.0,0.0,358.0,0.55,21.0,77110.0
20181016:0800,13.78,92.65,0.0,-0.0,0.0,362.1,1.03,14.0,77110.0
20181016:0900,13.7,92.65,0.0,-0.0,0.0,358.8,0.83,9.0,77070.0
20181016:1000,13.78,92.65,0.0,-0.0,0.0,363.45,0.9,18.0,77070.0
20181016:1100,13.2,92.65,0.0,-0.0,0.0,337.5,1.31,6.0,77070.0
20181016:1200,12.44,99.4,0.0,-0.0,0.0,320.85,1.45,6.0,77100.0
20181016:1300,12.07,95.95,129.95,625.11,64.85,302.5,1.17,12.0,77120.0
20181016:1400,14.07,92.7,289.45,469.34,131.35,307.7,0.76,20.0,77150.0
20181016:1500,15.67,80.65,413.75,509.24,137.15,320.65,1.1,55.0,77170.0
20181016:1600,17.07,70.3,751.05,859.6,141.6,320.65,1.38,66.0,77170.0
20181016:1700,19.02,63.5,840.85,855.29,136.9,313.1,1.45,84.0,77120.0
20181016:1800,20.18,55.3,773.9,730.03,133.25,315.85,1.38,101.0,77050.0
20181016:1900,20.03,61.4,693.1,632.64,143.45,331.5,0.9,141.0,76990.0
20181016:2000,20.32,59.35,452.4,393.77,138.4,330.75,0.48,173.0,76920.0
20181016:2100,19.76,61.4,429.35,444.85,132.1,333.05,0.14,264.0,76870.0
20181016:2200,19.64,63.6,194.35,231.53,80.9,329.75,0.48,130.0,76850.0
20181016:2300,18.19,68.05,84.45,167.66,38.35,332.85,1.17,105.0,76870.0
20181017:0000,17.24,78.1,0.6,0.0,0.6,323.75,0.76,169.0,76960.0
20181017:0100,15.71,80.65,0.0,-0.0,0.0,329.3,0.14,146.0,77060.0
20181017:0200,14.56,89.5,0.0,-0.0,0.0,336.35,0.76,33.0,77120.0
20181017:0300,13.3,92.65,0.0,-0.0,0.0,316.4,1.24,8.0,77210.0
20181017:0400,12.81,95.95,0.0,-0.0,0.0,323.75,1.17,2.0,77220.0
20181017:0500,12.57,95.95,0.0,-0.0,0.0,323.4,1.17,0.0,77250.0
20181017:0600,12.21,95.95,0.0,-0.0,0.0,325.3,1.52,2.0,77230.0
20181017:0700,12.42,99.4,0.0,-0.0,0.0,338.85,1.52,13.0,77190.0
20181017:0800,12.12,95.95,0.0,-0.0,0.0,332.65,1.52,12.0,77170.0
20181017:0900,12.21,95.95,0.0,-0.0,0.0,349.1,1.38,3.0,77150.0
20181017:1000,12.23,95.95,0.0,-0.0,0.0,353.0,1.72,4.0,77140.0
20181017:1100,12.28,95.95,0.0,-0.0,0.0,348.35,2.0,9.0,77170.0
20181017:1200,12.12,95.95,0.0,-0.0,0.0,346.8,1.72,9.0,77210.0
20181017:1300,12.18,95.95,85.45,205.57,64.35,350.85,2.0,11.0,77260.0
20181017:1400,12.66,89.4,194.25,211.6,123.35,349.7,2.34,14.0,77310.0
20181017:1500,14.13,83.4,249.05,165.05,159.75,346.4,2.41,17.0,77330.0
20181017:1600,15.26,77.8,207.4,13.73,197.7,359.95,2.62,20.0,77320.0
20181017:1700,15.66,75.15,428.45,165.73,292.5,364.6,2.69,25.0,77310.0
20181017:1800,16.59,72.7,292.85,11.89,282.45,361.9,3.17,30.0,77240.0
20181017:1900,17.02,67.85,433.8,207.41,254.25,363.05,2.76,27.0,77170.0
20181017:2000,17.12,70.3,424.0,191.97,271.55,344.85,2.9,36.0,77090.0
20181017:2100,17.32,67.85,409.35,335.32,186.4,345.45,2.83,36.0,77050.0
20181017:2200,17.4,67.85,221.35,208.94,119.65,341.4,2.76,36.0,77030.0
20181017:2300,16.84,67.75,64.4,68.8,45.7,335.55,2.41,33.0,77090.0
20181018:0000,15.97,75.15,0.55,0.0,0.55,336.95,2.0,18.0,77140.0
20181018:0100,15.02,77.8,0.0,-0.0,0.0,339.15,2.14,15.0,77190.0
20181018:0200,14.09,83.4,0.0,-0.0,0.0,329.95,2.14,11.0,77250.0
20181018:0300,13.21,89.4,0.0,-0.0,0.0,320.65,2.21,8.0,77320.0
20181018:0400,12.81,92.6,0.0,-0.0,0.0,328.4,2.14,5.0,77340.0
20181018:0500,12.66,92.6,0.0,-0.0,0.0,341.95,2.14,8.0,77340.0
20181018:0600,12.42,95.95,0.0,-0.0,0.0,341.4,1.86,6.0,77340.0
20181018:0700,12.11,95.95,0.0,-0.0,0.0,344.1,2.14,2.0,77280.0
20181018:0800,11.56,99.4,0.0,-0.0,0.0,323.2,2.07,360.0,77220.0
20181018:0900,11.6,99.4,0.0,-0.0,0.0,340.6,2.0,6.0,77210.0
20181018:1000,11.66,99.4,0.0,-0.0,0.0,353.4,2.07,7.0,77200.0
20181018:1100,11.68,99.4,0.0,-0.0,0.0,354.75,2.28,5.0,77210.0
20181018:1200,11.67,99.4,0.0,-0.0,0.0,354.55,2.34,5.0,77240.0
20181018:1300,11.63,99.4,63.3,71.22,56.1,353.75,2.62,7.0,77270.0
20181018:1400,11.78,95.9,212.25,142.85,164.65,350.85,2.76,3.0,77340.0
20181018:1500,13.0,86.3,366.0,218.13,248.45,341.95,2.83,12.0,77350.0
20181018:1600,14.38,80.45,532.5,387.59,259.6,325.7,2.9,16.0,77370.0
20181018:1700,16.11,67.65,430.7,111.43,339.6,336.35,3.03,20.0,77330.0
20181018:1800,16.97,63.05,540.1,268.01,306.5,346.2,3.17,23.0,77270.0
20181018:1900,18.49,59.05,406.9,113.57,308.95,343.3,2.69,22.0,77180.0
20181018:2000,18.41,59.05,272.15,16.31,259.25,350.3,2.76,24.0,77120.0
20181018:2100,17.89,61.05,212.1,86.23,155.05,357.65,2.69,23.0,77080.0
20181018:2200,17.58,58.9,111.15,0.1,111.1,359.95,2.69,23.0,77050.0
20181018:2300,16.99,65.35,55.9,30.7,47.65,354.95,2.28,19.0,77100.0
20181019:0000,16.07,70.1,0.45,0.0,0.45,337.1,2.14,4.0,77170.0
20181019:0100,14.89,77.75,0.0,-0.0,0.0,335.5,2.21,2.0,77230.0
20181019:0200,13.64,83.35,0.0,-0.0,0.0,315.05,2.14,4.0,77330.0
20181019:0300,12.9,92.6,0.0,-0.0,0.0,321.65,2.14,4.0,77360.0
20181019:0400,12.1,95.95,0.0,-0.0,0.0,309.85,2.0,4.0,77410.0
20181019:0500,11.76,99.4,0.0,-0.0,0.0,317.55,1.86,3.0,77420.0
20181019:0600,11.78,99.4,0.0,-0.0,0.0,334.4,1.72,4.0,77400.0
20181019:0700,11.08,99.35,0.0,-0.0,0.0,313.1,1.59,11.0,77350.0
20181019:0800,10.88,100.0,0.0,-0.0,0.0,328.0,1.52,10.0,77300.0
20181019:0900,10.69,100.0,0.0,-0.0,0.0,333.05,1.52,7.0,77260.0
20181019:1000,10.6,99.4,0.0,-0.0,0.0,335.2,1.52,1.0,77230.0
20181019:1100,10.34,100.0,0.0,-0.0,0.0,314.85,1.52,358.0,77230.0
20181019:1200,10.38,100.0,0.0,-0.0,0.0,323.55,1.59,359.0,77280.0
20181019:1300,10.74,99.4,115.15,471.24,68.25,330.95,2.0,360.0,77310.0
20181019:1400,11.94,95.9,263.35,312.82,159.7,331.5,2.07,3.0,77390.0
20181019:1500,13.7,83.35,459.65,596.71,139.4,336.95,2.21,7.0,77400.0
20181019:1600,15.63,72.55,486.9,338.44,249.45,319.9,2.14,15.0,77400.0
20181019:1700,17.0,65.35,486.25,178.57,340.75,344.1,2.07,26.0,77380.0
20181019:1800,17.99,61.05,538.5,307.34,271.55,363.45,1.79,18.0,77290.0
20181019:1900,18.35,61.2,571.95,408.52,220.9,355.9,1.59,15.0,77150.0
20181019:2000,18.54,61.3,229.3,82.78,164.1,346.8,1.24,30.0,77110.0
20181019:2100,17.89,65.55,265.0,185.32,143.0,364.6,2.28,0.0,77030.0
20181019:2200,17.02,70.3,140.4,156.47,65.25,350.1,2.83,20.0,77030.0
20181019:2300,16.02,75.25,17.0,0.0,17.0,338.85,2.0,27.0,77110.0
20181020:0000,15.2,83.5,0.2,0.0,0.2,354.15,1.31,4.0,77140.0
20181020:0100,14.42,89.5,0.0,-0.0,0.0,351.75,1.52,353.0,77210.0
20181020:0200,13.9,92.65,0.0,-0.0,0.0,347.4,1.45,1.0,77280.0
20181020:0300,13.58,89.45,0.0,-0.0,0.0,350.65,1.45,6.0,77320.0
20181020:0400,13.02,92.65,0.0,-0.0,0.0,334.05,1.52,360.0,77330.0
20181020:0500,13.03,92.65,0.0,-0.0,0.0,353.75,1.45,357.0,77330.0
20181020:0600,13.0,92.65,0.0,-0.0,0.0,354.15,1.45,3.0,77320.0
20181020:0700,13.03,92.65,0.0,-0.0,0.0,353.75,1.45,9.0,77260.0
20181020:0800,12.93,95.95,0.0,-0.0,0.0,353.75,1.52,4.0,77230.0
20181020:0900,12.9,95.95,0.0,-0.0,0.0,358.8,1.72,3.0,77160.0
20181020:1000,12.79,95.95,0.0,-0.0,0.0,357.25,1.72,6.0,77150.0
20181020:1100,12.72,95.95,0.0,-0.0,0.0,360.15,1.38,4.0,77150.0
20181020:1200,12.6,95.95,0.0,-0.0,0.0,356.1,1.24,355.0,77190.0
20181020:1300,12.65,95.95,36.7,75.58,29.3,363.45,1.45,352.0,77230.0
20181020:1400,12.79,95.95,151.75,137.06,106.6,362.85,1.79,356.0,77290.0
20181020:1500,13.31,92.65,239.05,121.34,174.2,358.6,1.86,5.0,77320.0
20181020:1600,14.42,86.4,580.8,532.44,208.6,356.85,1.86,21.0,77320.0
20181020:1700,16.21,75.25,464.4,274.88,241.2,335.95,1.72,38.0,77280.0
20181020:1800,16.98,72.7,452.9,271.62,217.8,356.3,1.17,36.0,77210.0
20181020:1900,17.91,67.95,392.8,226.6,198.8,344.1,1.31,357.0,77110.0
20181020:2000,18.11,68.05,308.9,128.71,207.95,349.9,0.9,340.0,77050.0
20181020:2100,17.57,72.9,194.1,53.12,159.3,355.5,1.17,62.0,76970.0
20181020:2200,17.11,75.4,114.85,62.25,85.15,353.2,1.31,32.0,76960.0
20181020:2300,15.85,83.55,27.5,14.47,23.7,348.75,0.69,10.0,77070.0
20181021:0000,15.06,86.5,0.15,0.0,0.15,342.75,1.1,342.0,77110.0
20181021:0100,14.63,89.5,0.0,-0.0,0.0,349.8,1.31,356.0,77170.0
20181021:0200,13.98,92.65,0.0,-0.0,0.0,337.5,1.59,347.0,77250.0
20181021:0300,13.68,92.65,0.0,-0.0,0.0,347.95,1.59,354.0,77310.0
20181021:0400,13.31,92.65,0.0,-0.0,0.0,343.3,1.59,1.0,77340.0
20181021:0500,13.16,92.65,0.0,-0.0,0.0,346.8,1.66,1.0,77350.0
20181021:0600,13.2,95.95,0.0,-0.0,0.0,357.05,1.52,0.0,77320.0
20181021:0700,12.67,95.95,0.0,-0.0,0.0,348.75,1.72,356.0,77300.0
20181021:0800,12.66,95.95,0.0,-0.0,0.0,354.15,1.59,357.0,77270.0
20181021:0900,12.62,95.95,0.0,-0.0,0.0,354.95,1.59,3.0,77210.0
20181021:1000,12.65,95.95,0.0,-0.0,0.0,354.75,1.86,9.0,77200.0
20181021:1100,12.7,95.95,0.0,-0.0,0.0,355.1,1.79,9.0,77220.0
20181021:1200,12.79,95.95,0.0,-0.0,0.0,357.25,1.86,10.0,77220.0
20181021:1300,12.91,95.95,45.15,56.1,39.75,356.1,1.93,8.0,77270.0
20181021:1400,13.33,92.65,160.7,171.17,104.65,359.55,2.0,12.0,77320.0
20181021:1500,14.2,86.4,332.15,353.45,144.05,345.85,1.93,16.0,77330.0
20181021:1600,15.3,83.5,296.0,141.21,197.65,333.85,2.07,42.0,77340.0
20181021:1700,16.25,80.75,247.8,40.91,214.7,356.85,1.38,25.0,77320.0
20181021:1800,16.4,83.6,476.6,289.39,227.0,371.4,1.72,2.0,77250.0
20181021:1900,17.94,72.9,395.55,123.92,289.85,364.2,2.21,24.0,77130.0
20181021:2000,17.76,72.9,361.3,167.14,230.75,378.15,2.21,27.0,77030.0
20181021:2100,17.41,75.4,276.4,161.01,171.45,357.65,2.0,49.0,77000.0
20181021:2200,16.99,75.3,181.65,100.74,133.9,343.9,1.72,34.0,77020.0
20181021:2300,16.07,75.25,32.7,16.94,28.3,322.2,1.38,14.0,77100.0
20181022:0000,14.69,86.45,0.05,0.0,0.05,351.65,1.24,359.0,77180.0
20181022:0100,14.04,89.5,0.0,-0.0,0.0,348.65,1.17,349.0,77210.0
20181022:0200,13.79,92.65,0.0,-0.0,0.0,362.65,1.31,354.0,77280.0
20181022:0300,13.58,92.65,0.0,-0.0,0.0,360.15,1.1,358.0,77310.0
20181022:0400,13.34,95.95,0.0,-0.0,0.0,353.0,1.03,351.0,77320.0
20181022:0500,13.43,95.95,0.0,-0.0,0.0,363.65,0.97,360.0,77300.0
20181022:0600,12.9,95.95,0.0,-0.0,0.0,343.1,0.97,343.0,77270.0
20181022:0700,12.9,95.95,0.0,-0.0,0.0,353.55,1.17,1.0,77240.0
20181022:0800,12.84,95.95,0.0,-0.0,0.0,354.35,1.17,358.0,77180.0
20181022:0900,12.86,95.95,0.0,-0.0,0.0,357.85,1.17,2.0,77180.0
20181022:1000,12.65,95.95,0.0,-0.0,0.0,354.15,0.76,3.0,77190.0
20181022:1100,12.9,95.95,0.0,-0.0,0.0,363.45,1.1,15.0,77170.0
20181022:1200,12.69,95.95,0.0,-0.0,0.0,354.75,0.83,38.0,77190.0
20181022:1300,12.79,95.95,61.35,161.79,46.05,361.5,0.69,63.0,77230.0
20181022:1400,13.18,92.65,213.0,251.34,131.2,352.6,0.83,101.0,77300.0
20181022:1500,13.94,89.45,437.4,501.17,171.85,351.45,1.31,130.0,77350.0
20181022:1600,15.34,80.6,570.55,577.93,169.55,321.85,1.59,164.0,77380.0
20181022:1700,17.02,67.85,749.0,666.09,211.95,327.65,2.14,174.0,77340.0
20181022:1800,18.33,63.4,695.8,579.56,197.7,312.15,2.62,172.0,77240.0
20181022:1900,18.54,63.5,600.3,508.97,167.8,332.65,2.0,184.0,77140.0
20181022:2000,18.67,65.75,475.4,415.38,152.3,337.9,2.14,190.0,77070.0
20181022:2100,17.66,67.95,376.85,382.72,128.6,333.05,2.28,194.0,77050.0
20181022:2200,17.15,72.8,231.45,288.58,95.55,325.9,2.07,197.0,77080.0
20181022:2300,16.64,72.7,78.2,150.49,39.55,323.2,1.86,195.0,77100.0
20181023:0000,15.43,80.6,0.2,0.0,0.2,311.95,1.45,207.0,77140.0
20181023:0100,13.97,89.45,0.0,-0.0,0.0,298.7,1.03,214.0,77230.0
20181023:0200,13.65,89.45,0.0,-0.0,0.0,289.9,0.55,210.0,77310.0
20181023:0300,13.35,92.65,0.0,-0.0,0.0,300.35,0.48,145.0,77350.0
20181023:0400,13.09,92.65,0.0,-0.0,0.0,299.0,0.76,123.0,77340.0
20181023:0500,12.87,95.95,0.0,-0.0,0.0,283.7,0.83,149.0,77330.0
20181023:0600,12.01,92.6,0.0,-0.0,0.0,289.9,1.1,174.0,77320.0
20181023:0700,11.94,86.15,0.0,-0.0,0.0,277.5,1.31,173.0,77270.0
20181023:0800,10.98,86.1,0.0,-0.0,0.0,273.65,1.38,179.0,77250.0
20181023:0900,11.44,89.3,0.0,-0.0,0.0,277.9,1.17,181.0,77250.0
20181023:1000,11.6,86.15,0.0,-0.0,0.0,286.05,0.9,179.0,77260.0
20181023:1100,11.25,89.3,0.0,-0.0,0.0,282.95,0.69,174.0,77270.0
20181023:1200,11.01,89.3,0.0,-0.0,0.0,289.1,0.55,176.0,77280.0
20181023:1300,10.82,92.5,157.35,1189.69,46.9,281.95,0.69,169.0,77340.0
20181023:1400,11.65,95.9,400.1,1004.0,75.4,280.2,0.76,182.0,77360.0
20181023:1500,15.55,75.15,568.3,835.08,127.8,292.05,1.79,185.0,77360.0
20181023:1600,17.05,67.85,641.65,629.12,206.8,296.1,2.14,182.0,77390.0
20181023:1700,18.19,61.2,769.85,669.05,232.35,337.1,2.41,187.0,77350.0
20181023:1800,19.31,59.15,964.15,1005.24,103.3,337.5,2.62,190.0,77290.0
20181023:1900,20.71,55.45,913.85,962.37,99.15,291.05,2.62,190.0,77190.0
20181023:2000,20.85,55.45,764.5,851.77,104.7,291.25,2.69,191.0,77110.0
20181023:2100,20.69,53.5,588.25,785.78,81.05,294.35,2.62,190.0,77070.0
20181023:2200,20.16,55.3,317.0,514.01,76.5,292.2,2.48,190.0,77050.0
20181023:2300,18.95,59.15,97.3,259.26,31.45,296.3,2.34,197.0,77100.0
20181024:0000,16.84,72.7,0.2,0.0,0.2,287.95,2.14,202.0,77160.0
20181024:0100,14.9,83.45,0.0,-0.0,0.0,282.05,1.93,197.0,77230.0
20181024:0200,12.7,92.6,0.0,-0.0,0.0,271.1,1.52,190.0,77320.0
20181024:0300,12.53,89.4,0.0,-0.0,0.0,271.7,1.17,186.0,77390.0
20181024:0400,13.02,89.4,0.0,-0.0,0.0,274.05,1.03,186.0,77420.0
20181024:0500,12.61,92.6,0.0,-0.0,0.0,275.2,0.97,180.0,77430.0
20181024:0600,12.15,95.95,0.0,-0.0,0.0,270.15,1.1,169.0,77400.0
20181024:0700,11.05,89.3,0.0,-0.0,0.0,259.9,1.31,186.0,77310.0
20181024:0800,10.97,86.1,0.0,-0.0,0.0,257.6,1.24,184.0,77290.0
20181024:0900,10.08,92.5,0.0,-0.0,0.0,260.65,1.24,182.0,77250.0
20181024:1000,9.19,95.85,0.0,-0.0,0.0,266.3,1.17,179.0,77280.0
20181024:1100,8.51,99.4,0.0,-0.0,0.0,273.05,1.1,178.0,77290.0
20181024:1200,8.99,95.85,0.0,-0.0,0.0,266.5,0.97,176.0,77300.0
20181024:1300,8.84,99.4,151.8,1063.41,54.95,280.2,0.97,160.0,77330.0
20181024:1400,12.0,89.35,394.3,938.0,92.9,272.65,0.69,163.0,77320.0
20181024:1500,15.7,72.55,627.8,1025.8,89.15,284.3,1.1,195.0,77350.0
20181024:1600,17.58,65.55,763.75,931.19,122.6,286.2,1.38,206.0,77340.0
20181024:1700,19.09,61.3,747.35,676.74,205.65,301.3,1.66,210.0,77320.0
20181024:1800,19.93,59.25,799.25,685.83,214.05,328.6,1.72,215.0,77260.0
20181024:1900,21.24,48.2,708.1,562.62,233.6,329.2,1.17,260.0,77160.0
20181024:2000,21.66,46.6,594.1,514.12,197.5,324.95,1.1,257.0,77090.0
20181024:2100,21.7,46.6,475.3,514.84,144.6,338.85,0.9,254.0,77040.0
20181024:2200,21.52,46.5,220.9,254.35,102.65,334.6,0.9,266.0,77010.0
20181024:2300,20.35,53.35,81.05,178.53,36.2,340.0,0.83,238.0,77050.0
20181025:0000,18.8,63.5,0.1,0.0,0.1,338.1,0.83,214.0,77100.0
20181025:0100,16.37,77.95,0.0,-0.0,0.0,309.75,1.1,198.0,77180.0
20181025:0200,15.75,80.65,0.0,-0.0,0.0,312.15,1.03,204.0,77270.0
20181025:0300,15.91,80.65,0.0,-0.0,0.0,314.65,0.76,216.0,77330.0
20181025:0400,15.54,80.65,0.0,-0.0,0.0,319.1,0.28,254.0,77350.0
20181025:0500,15.18,83.5,0.0,-0.0,0.0,303.45,0.48,338.0,77360.0
20181025:0600,14.81,86.45,0.0,-0.0,0.0,308.1,0.69,350.0,77320.0
20181025:0700,14.48,89.5,0.0,-0.0,0.0,308.5,0.14,109.0,77270.0
20181025:0800,14.18,86.4,0.0,-0.0,0.0,319.5,0.14,165.0,77220.0
20181025:0900,13.74,89.45,0.0,-0.0,0.0,297.45,0.21,219.0,77200.0
20181025:1000,13.12,92.65,0.0,-0.0,0.0,302.1,0.28,220.0,77170.0
20181025:1100,12.83,95.95,0.0,-0.0,0.0,306.15,0.28,231.0,77180.0
20181025:1200,12.06,99.4,0.0,-0.0,0.0,308.85,0.14,142.0,77190.0
20181025:1300,11.02,99.35,125.4,610.49,70.9,299.95,0.28,99.0,77240.0
20181025:1400,12.2,99.4,360.75,687.97,141.15,307.9,0.21,99.0,77260.0
20181025:1500,16.05,83.6,612.85,961.13,110.5,324.15,0.62,355.0,77300.0
20181025:1600,18.14,68.05,778.85,928.75,141.9,295.3,1.24,4.0,77280.0
20181025:1700,19.58,61.4,820.5,782.74,196.25,300.95,1.1,11.0,77260.0
20181025:1800,20.59,55.45,858.6,813.19,167.25,320.3,0.83,6.0,77180.0
20181025:1900,21.75,48.3,801.0,770.31,153.8,315.05,0.69,331.0,77050.0
20181025:2000,22.03,48.3,654.75,710.26,109.1,321.85,0.55,329.0,76980.0
20181025:2100,21.96,46.6,459.2,504.04,137.0,312.15,0.21,305.0,76940.0
20181025:2200,21.41,48.2,223.25,304.46,82.6,323.0,0.34,197.0,76900.0
20181025:2300,20.23,57.3,88.7,243.66,28.15,317.95,0.9,204.0,76960.0
20181026:0000,18.81,65.75,0.05,0.0,0.05,319.1,1.1,220.0,76980.0
20181026:0100,16.22,80.75,0.0,-0.0,0.0,304.5,0.9,235.0,77070.0
20181026:0200,16.05,77.95,0.0,-0.0,0.0,310.6,0.62,264.0,77140.0
20181026:0300,15.05,80.6,0.0,-0.0,0.0,332.1,0.34,271.0,77220.0
20181026:0400,14.5,83.45,0.0,-0.0,0.0,319.9,0.41,326.0,77250.0
20181026:0500,13.91,89.45,0.0,-0.0,0.0,330.95,0.41,335.0,77270.0
20181026:0600,13.29,92.65,0.0,-0.0,0.0,304.6,0.9,309.0,77240.0
20181026:0700,12.5,89.4,0.0,-0.0,0.0,293.2,0.14,88.0,77190.0
20181026:0800,11.95,95.9,0.0,-0.0,0.0,285.05,0.62,179.0,77160.0
20181026:0900,11.88,92.55,0.0,-0.0,0.0,297.25,0.9,193.0,77130.0
20181026:1000,11.69,92.55,0.0,-0.0,0.0,313.7,0.97,194.0,77120.0
20181026:1100,12.05,92.6,0.0,-0.0,0.0,315.45,0.76,196.0,77140.0
20181026:1200,11.38,99.35,0.0,-0.0,0.0,312.95,0.41,200.0,77140.0
20181026:1300,10.19,99.4,108.9,431.18,71.2,321.85,0.28,150.0,77190.0
20181026:1400,12.78,95.95,330.05,570.6,149.15,316.8,0.21,221.0,77210.0
20181026:1500,15.07,80.6,514.6,637.93,182.75,320.85,0.34,252.0,77240.0
20181026:1600,16.73,72.7,693.8,751.46,180.5,324.35,0.9,312.0,77250.0
20181026:1700,18.49,65.65,722.3,715.81,153.55,338.3,1.31,336.0,77230.0
20181026:1800,19.56,57.2,748.55,641.92,204.8,326.1,0.97,348.0,77140.0
20181026:1900,20.47,53.35,634.55,588.59,141.9,316.4,0.9,329.0,77030.0
20181026:2000,20.52,51.5,622.9,650.98,124.85,335.4,0.48,301.0,76970.0
20181026:2100,20.57,49.8,365.15,393.61,114.75,316.8,0.76,269.0,76920.0
20181026:2200,19.82,55.2,237.35,365.85,69.4,327.05,0.83,264.0,76910.0
20181026:2300,18.87,57.1,66.7,182.63,21.8,332.5,0.28,51.0,76980.0
20181027:0000,17.49,70.3,0.05,0.0,0.05,322.2,0.69,21.0,77030.0
20181027:0100,15.56,77.85,0.0,-0.0,0.0,316.15,1.24,342.0,77100.0
20181027:0200,14.41,86.4,0.0,-0.0,0.0,319.7,1.17,327.0,77160.0
20181027:0300,13.54,86.35,0.0,-0.0,0.0,298.8,1.17,327.0,77220.0
20181027:0400,13.57,86.35,0.0,-0.0,0.0,299.95,0.97,331.0,77260.0
20181027:0500,12.35,92.6,0.0,-0.0,0.0,306.15,1.03,335.0,77280.0
20181027:0600,11.47,95.9,0.0,-0.0,0.0,318.35,1.17,334.0,77270.0
20181027:0700,11.83,99.4,0.0,-0.0,0.0,315.65,0.76,342.0,77230.0
20181027:0800,11.99,99.4,0.0,-0.0,0.0,339.85,0.76,333.0,77190.0
20181027:0900,12.45,99.4,0.0,-0.0,0.0,340.4,0.41,331.0,77160.0
20181027:1000,12.34,99.4,0.0,-0.0,0.0,331.7,0.28,271.0,77140.0
20181027:1100,11.94,99.4,0.0,-0.0,0.0,309.85,0.41,290.0,77140.0
20181027:1200,10.79,100.0,0.0,-0.0,0.0,328.4,0.9,359.0,77190.0
20181027:1300,10.18,100.0,82.05,213.88,63.75,327.65,1.03,7.0,77250.0
20181027:1400,12.37,99.4,234.2,279.35,146.25,334.4,1.03,11.0,77300.0
20181027:1500,13.96,95.95,431.25,411.92,218.0,337.9,1.03,15.0,77340.0
20181027:1600,15.42,83.5,578.6,619.36,157.25,345.25,1.17,17.0,77350.0
20181027:1700,16.42,75.25,643.8,602.53,166.85,305.0,1.17,357.0,77340.0
20181027:1800,17.25,70.3,618.6,521.77,178.25,328.6,1.17,358.0,77270.0
20181027:1900,17.67,65.55,557.85,390.37,232.35,334.2,1.31,12.0,77210.0
20181027:2000,17.99,67.95,222.4,108.87,139.45,331.1,1.38,21.0,77180.0
20181027:2100,16.92,72.7,388.45,390.2,141.4,351.05,1.45,9.0,77100.0
20181027:2200,16.84,72.7,95.7,101.48,49.4,313.9,2.0,33.0,77160.0
20181027:2300,14.95,86.45,58.3,103.39,33.15,329.2,1.72,3.0,77220.0
20181028:0000,13.57,89.45,0.0,0.0,0.0,313.3,1.59,357.0,77320.0
20181028:0100,12.95,95.95,0.0,-0.0,0.0,344.2,1.79,353.0,77360.0
20181028:0200,12.65,95.95,0.0,-0.0,0.0,339.45,1.79,358.0,77450.0
20181028:0300,12.26,95.95,0.0,-0.0,0.0,329.0,1.79,0.0,77490.0
20181028:0400,12.15,95.95,0.0,-0.0,0.0,336.95,1.66,6.0,77510.0
20181028:0500,11.88,99.4,0.0,-0.0,0.0,333.45,1.52,3.0,77510.0
20181028:0600,11.8,99.4,0.0,-0.0,0.0,342.55,1.45,358.0,77500.0
20181028:0700,11.93,99.4,0.0,-0.0,0.0,350.3,1.52,358.0,77470.0
20181028:0800,11.79,99.4,0.0,-0.0,0.0,347.2,1.59,358.0,77440.0
20181028:0900,11.16,99.35,0.0,-0.0,0.0,327.45,1.45,352.0,77410.0
20181028:1000,10.65,99.4,0.0,-0.0,0.0,324.15,1.31,346.0,77420.0
20181028:1100,10.61,99.4,0.0,-0.0,0.0,342.15,1.31,348.0,77430.0
20181028:1200,10.37,100.0,0.0,-0.0,0.0,337.3,1.38,351.0,77440.0
20181028:1300,10.38,100.0,83.9,286.9,59.9,338.3,1.72,355.0,77490.0
20181028:1400,10.9,99.4,195.1,189.22,135.95,338.3,1.86,5.0,77540.0
20181028:1500,12.3,89.35,317.9,191.01,219.5,328.6,1.86,10.0,77570.0
20181028:1600,14.07,77.65,523.15,464.06,208.75,344.3,1.66,9.0,77580.0
20181028:1700,15.47,72.45,712.65,749.25,121.8,336.75,1.59,12.0,77550.0
20181028:1800,16.39,67.65,639.05,506.64,213.05,323.2,1.52,31.0,77470.0
20181028:1900,17.71,63.3,642.4,511.99,217.1,332.65,1.31,20.0,77360.0
20181028:2000,18.36,63.4,400.55,252.1,209.25,339.25,1.17,16.0,77260.0
20181028:2100,17.87,65.55,310.25,197.49,185.8,347.95,1.93,4.0,77200.0
20181028:2200,17.23,67.85,124.0,72.23,91.25,344.3,0.9,356.0,77240.0
20181028:2300,15.59,75.15,30.35,19.73,25.6,335.95,1.52,40.0,77320.0
20181029:0000,13.85,89.45,0.0,0.0,0.0,329.75,1.52,355.0,77390.0
20181029:0100,13.33,92.65,0.0,-0.0,0.0,331.6,1.59,342.0,77440.0
20181029:0200,12.84,95.95,0.0,-0.0,0.0,329.95,1.52,353.0,77500.0
20181029:0300,12.59,95.95,0.0,-0.0,0.0,337.9,1.52,357.0,77560.0
20181029:0400,12.35,95.95,0.0,-0.0,0.0,338.85,1.45,358.0,77580.0
20181029:0500,11.85,99.4,0.0,-0.0,0.0,326.65,1.45,354.0,77600.0
20181029:0600,11.43,99.35,0.0,-0.0,0.0,323.75,1.45,350.0,77580.0
20181029:0700,11.31,100.0,0.0,-0.0,0.0,336.55,1.31,4.0,77540.0
20181029:0800,11.79,99.4,0.0,-0.0,0.0,349.1,1.79,4.0,77480.0
20181029:0900,11.68,99.4,0.0,-0.0,0.0,343.9,1.52,359.0,77450.0
20181029:1000,11.57,99.4,0.0,-0.0,0.0,346.6,1.52,2.0,77450.0
20181029:1100,11.36,100.0,0.0,-0.0,0.0,341.2,1.52,3.0,77450.0
20181029:1200,11.19,100.0,0.0,-0.0,0.0,338.1,1.52,5.0,77450.0
20181029:1300,11.11,99.35,84.3,281.48,61.3,334.8,1.59,3.0,77500.0
20181029:1400,11.36,99.35,265.3,353.17,155.7,339.45,1.66,2.0,77530.0
20181029:1500,12.66,89.4,401.75,438.75,176.85,338.3,1.52,14.0,77560.0
20181029:1600,14.53,77.75,612.6,533.81,252.45,331.5,1.52,19.0,77550.0
20181029:1700,16.26,70.1,665.0,635.08,166.1,338.3,1.38,10.0,77510.0
20181029:1800,17.39,63.2,706.1,602.36,201.5,318.15,1.17,8.0,77430.0
20181029:1900,18.53,59.15,539.2,409.05,200.7,323.75,0.62,349.0,77310.0
20181029:2000,18.36,63.4,517.25,456.58,172.2,318.35,0.69,10.0,77230.0
20181029:2100,18.4,65.65,226.0,123.96,148.25,329.75,0.48,100.0,77210.0
20181029:2200,17.1,70.3,156.15,104.95,108.85,354.55,0.21,72.0,77150.0
20181029:2300,16.37,75.25,28.9,17.0,24.85,327.65,0.62,278.0,77260.0
20181030:0000,14.93,86.45,0.0,0.0,0.0,339.25,1.17,309.0,77310.0
20181030:0100,14.15,86.4,0.0,-0.0,0.0,325.6,1.24,2.0,77380.0
20181030:0200,13.23,92.65,0.0,-0.0,0.0,333.65,1.1,6.0,77440.0
20181030:0300,12.86,95.95,0.0,-0.0,0.0,345.25,1.03,320.0,77490.0
20181030:0400,12.36,99.4,0.0,-0.0,0.0,337.7,0.97,319.0,77500.0
20181030:0500,12.49,95.95,0.0,-0.0,0.0,330.15,0.55,323.0,77480.0
20181030:0600,12.04,99.4,0.0,-0.0,0.0,328.0,0.34,338.0,77460.0
20181030:0700,12.32,99.4,0.0,-0.0,0.0,340.6,0.55,246.0,77410.0
20181030:0800,11.89,99.4,0.0,-0.0,0.0,327.65,0.55,259.0,77370.0
20181030:0900,10.97,99.35,0.0,-0.0,0.0,326.65,0.14,196.0,77340.0
20181030:1000,10.38,100.0,0.0,-0.0,0.0,336.15,0.28,134.0,77330.0
20181030:1100,9.72,100.0,0.0,-0.0,0.0,325.5,0.41,113.0,77320.0
20181030:1200,9.2,100.0,0.0,-0.0,0.0,326.1,0.41,98.0,77320.0
20181030:1300,8.81,100.0,102.35,230.77,83.95,321.45,0.48,97.0,77360.0
20181030:1400,10.91,99.4,280.8,275.62,195.9,324.75,0.34,73.0,77380.0
20181030:1500,14.21,89.5,513.25,611.68,201.3,340.6,0.41,17.0,77370.0
20181030:1600,16.14,75.25,718.9,850.13,147.75,335.2,0.62,333.0,77370.0
20181030:1700,17.57,67.95,633.25,657.4,118.8,305.4,0.9,326.0,77370.0
20181030:1800,18.02,67.95,737.65,663.2,184.15,316.4,0.83,294.0,77330.0
20181030:1900,19.73,63.6,688.8,658.67,145.8,332.1,0.83,272.0,77210.0
20181030:2000,19.89,63.6,542.15,490.39,173.05,323.95,0.83,270.0,77150.0
20181030:2100,19.56,63.6,428.25,501.93,114.9,330.95,0.34,290.0,77090.0
20181030:2200,18.95,63.5,197.7,279.33,72.55,333.85,0.48,221.0,77040.0
20181030:2300,16.73,70.2,30.85,28.83,24.05,313.7,0.48,254.0,77210.0
20181031:0000,15.34,80.6,0.0,0.0,0.0,339.25,0.48,139.0,77250.0
20181031:0100,15.12,80.6,0.0,-0.0,0.0,343.25,0.21,327.0,77290.0
20181031:0200,14.69,83.45,0.0,-0.0,0.0,326.1,0.34,359.0,77360.0
20181031:0300,14.11,86.4,0.0,-0.0,0.0,318.35,0.34,336.0,77420.0
20181031:0400,13.66,89.45,0.0,-0.0,0.0,308.65,0.14,327.0,77420.0
20181031:0500,13.27,92.65,0.0,-0.0,0.0,300.15,0.21,275.0,77400.0
20181031:0600,13.06,89.4,0.0,-0.0,0.0,307.1,0.34,224.0,77400.0
20181031:0700,12.68,92.6,0.0,-0.0,0.0,309.25,0.14,237.0,77340.0
20181031:0800,11.72,95.9,0.0,-0.0,0.0,311.2,0.62,205.0,77310.0
20181031:0900,10.89,100.0,0.0,-0.0,0.0,320.85,0.83,183.0,77300.0
20181031:1000,10.8,99.4,0.0,-0.0,0.0,320.65,1.03,179.0,77280.0
20181031:1100,10.73,99.4,0.0,-0.0,0.0,310.05,0.97,182.0,77280.0
20181031:1200,10.0,99.4,0.0,-0.0,0.0,290.5,1.03,187.0,77270.0
20181031:1300,9.74,100.0,126.35,877.48,58.15,305.0,0.83,173.0,77320.0
20181031:1400,12.31,99.4,295.85,492.65,145.25,307.9,0.62,180.0,77330.0
20181031:1500,15.21,86.5,529.5,723.45,162.45,323.4,0.83,191.0,77330.0
20181031:1600,21.25,54.57,700.85,872.16,117.4,315.48,1.6,208.0,77320.0
20181031:1700,20.43,57.42,771.95,834.04,121.8,316.81,1.63,206.0,77280.0
20181031:1800,19.6,60.27,783.05,770.15,142.7,318.14,1.66,209.0,77200.0
20181031:1900,18.78,63.11,677.4,611.25,175.4,319.47,1.69,233.0,77150.0
20181031:2000,17.96,65.96,547.75,525.92,153.5,320.8,1.72,228.0,77070.0
20181031:2100,17.13,68.81,463.4,572.06,107.9,322.13,1.75,216.0,77030.0
20181031:2200,16.31,71.66,238.1,365.28,75.4,323.46,1.78,216.0,77030.0
20181031:2300,15.48,74.5,67.6,193.74,22.35,324.79,1.81,214.0,77070.0
20091101:0000,14.66,77.35,0.0,-0.0,0.0,326.11,1.84,347.0,77150.0
20091101:0100,13.83,80.2,0.0,-0.0,0.0,327.44,1.87,350.0,77250.0
20091101:0200,13.01,83.05,0.0,-0.0,0.0,328.77,1.9,352.0,77320.0
20091101:0300,12.19,85.9,0.0,-0.0,0.0,330.1,1.93,350.0,77370.0
20091101:0400,11.36,88.74,0.0,-0.0,0.0,331.43,1.95,347.0,77400.0
20091101:0500,10.54,91.59,0.0,-0.0,0.0,332.76,1.98,351.0,77380.0
20091101:0600,9.71,94.44,0.0,-0.0,0.0,334.09,2.01,356.0,77350.0
20091101:0700,8.89,97.29,0.0,-0.0,0.0,335.42,2.04,359.0,77310.0
20091101:0800,9.45,92.45,0.0,-0.0,0.0,331.3,1.66,359.0,77280.0
20091101:0900,9.23,95.85,0.0,-0.0,0.0,332.1,1.59,355.0,77250.0
20091101:1000,9.1,95.85,0.0,-0.0,0.0,336.35,1.45,357.0,77240.0
20091101:1100,8.88,99.4,0.0,-0.0,0.0,328.4,1.38,4.0,77240.0
20091101:1200,8.77,99.4,0.0,-0.0,0.0,326.1,1.31,6.0,77260.0
20091101:1300,8.84,99.4,74.25,105.71,66.25,332.65,1.38,12.0,77270.0
20091101:1400,9.69,89.15,197.0,123.46,159.55,330.75,1.59,7.0,77340.0
20091101:1500,11.2,83.05,418.45,364.67,234.4,316.4,1.52,4.0,77350.0
20091101:1600,13.43,77.5,681.9,636.63,257.85,308.85,1.38,6.0,77340.0
20091101:1700,16.05,62.95,776.9,726.42,212.85,309.85,1.03,16.0,77310.0
20091101:1800,16.83,60.85,524.9,301.2,275.4,304.8,1.1,11.0,77230.0
20091101:1900,17.08,58.8,472.4,270.42,251.15,343.5,1.45,358.0,77160.0
20091101:2000,17.15,56.75,436.35,357.0,169.8,338.65,1.66,7.0,77080.0
20091101:2100,16.87,60.85,276.95,213.3,145.0,327.45,1.59,14.0,77060.0
20091101:2200,16.52,58.7,141.8,124.76,86.55,344.5,1.59,20.0,77070.0
20091101:2300,15.75,62.85,48.35,129.05,18.5,327.85,1.31,15.0,77130.0
20091102:0000,14.87,69.85,0.0,-0.0,0.0,320.1,1.45,17.0,77140.0
20091102:0100,13.87,80.4,0.0,-0.0,0.0,314.8,1.59,9.0,77220.0
20091102:0200,13.06,80.35,0.0,-0.0,0.0,331.5,1.72,358.0,77290.0
20091102:0300,12.08,86.2,0.0,-0.0,0.0,318.35,1.66,349.0,77340.0
20091102:0400,11.05,89.3,0.0,-0.0,0.0,306.55,1.59,344.0,77370.0
20091102:0500,10.38,95.9,0.0,-0.0,0.0,305.4,1.52,344.0,77350.0
20091102:0600,9.67,95.85,0.0,-0.0,0.0,287.0,1.38,343.0,77330.0
20091102:0700,9.98,92.5,0.0,-0.0,0.0,291.45,1.1,344.0,77300.0
20091102:0800,9.98,92.5,0.0,-0.0,0.0,280.2,0.9,356.0,77250.0
20091102:0900,9.61,95.85,0.0,-0.0,0.0,274.8,0.9,10.0,77230.0
20091102:1000,8.51,99.4,0.0,-0.0,0.0,296.3,0.83,19.0,77230.0
20091102:1100,8.12,99.4,0.0,-0.0,0.0,280.2,0.9,17.0,77260.0
20091102:1200,8.08,99.4,0.0,-0.0,0.0,295.9,0.9,11.0,77280.0
20091102:1300,7.97,99.4,124.1,1010.77,49.7,277.7,0.97,5.0,77320.0
20091102:1400,10.1,95.9,309.35,739.87,86.7,288.95,0.9,1.0,77340.0
20091102:1500,12.82,83.25,533.45,821.57,121.0,287.95,1.24,11.0,77360.0
20091102:1600,14.91,72.4,696.9,874.87,116.7,278.3,1.38,17.0,77370.0
20091102:1700,16.59,63.05,857.1,979.34,99.65,281.2,1.45,17.0,77350.0
20091102:1800,17.88,56.85,802.85,803.64,139.65,284.3,1.66,18.0,77270.0
20091102:1900,18.69,54.95,760.15,802.79,105.8,302.5,2.14,13.0,77180.0
20091102:2000,18.69,53.0,482.4,435.4,158.6,304.05,2.28,12.0,77110.0
20091102:2100,18.37,51.15,262.15,155.64,166.3,326.5,2.62,3.0,77040.0
20091102:2200,17.9,52.9,181.25,212.78,87.55,331.1,2.41,3.0,77050.0
20091102:2300,17.17,54.7,50.1,119.16,22.8,318.55,2.62,3.0,77090.0
20091103:0000,15.51,62.85,0.0,-0.0,0.0,311.2,2.55,2.0,77180.0
20091103:0100,13.39,72.1,0.0,-0.0,0.0,301.05,2.34,360.0,77250.0
20091103:0200,11.93,80.15,0.0,-0.0,0.0,291.25,2.14,352.0,77340.0
20091103:0300,10.67,86.05,0.0,-0.0,0.0,285.05,2.0,348.0,77390.0
20091103:0400,9.51,89.15,0.0,-0.0,0.0,282.15,1.79,347.0,77420.0
20091103:0500,8.2,95.8,0.0,-0.0,0.0,264.75,1.79,350.0,77400.0
20091103:0600,7.22,95.8,0.0,-0.0,0.0,263.95,1.66,357.0,77400.0
20091103:0700,6.64,99.4,0.0,-0.0,0.0,264.35,1.79,0.0,77360.0
20091103:0800,6.14,99.4,0.0,-0.0,0.0,264.35,1.72,1.0,77350.0
20091103:0900,5.75,99.4,0.0,-0.0,0.0,265.5,1.66,359.0,77300.0
20091103:1000,5.38,99.4,0.0,-0.0,0.0,262.05,1.72,1.0,77320.0
20091103:1100,5.0,99.4,0.0,-0.0,0.0,261.45,1.86,4.0,77310.0
20091103:1200,4.86,99.4,0.0,-0.0,0.0,265.1,1.86,4.0,77350.0
20091103:1300,5.08,99.4,113.2,743.33,60.05,274.05,1.79,2.0,77400.0
20091103:1400,7.54,92.4,298.3,599.15,119.45,290.85,2.0,2.0,77440.0
20091103:1500,9.63,82.9,505.15,633.06,189.05,277.9,2.14,7.0,77460.0
20091103:1600,11.61,69.25,660.95,698.73,199.6,277.3,2.28,10.0,77470.0
20091103:1700,13.27,62.3,787.3,759.37,202.3,287.0,2.34,9.0,77450.0
20091103:1800,14.38,58.1,893.95,914.99,141.7,275.95,2.34,2.0,77400.0
20091103:1900,16.19,50.6,837.0,894.17,110.9,279.25,2.34,2.0,77300.0
20091103:2000,16.65,48.9,675.15,687.4,165.95,273.45,2.48,359.0,77240.0
20091103:2100,16.64,48.9,445.45,518.71,127.4,282.15,2.62,354.0,77190.0
20091103:2200,16.07,50.6,231.55,348.01,79.15,294.35,2.83,350.0,77190.0
20091103:2300,14.97,54.1,60.3,128.19,31.2,298.4,2.62,348.0,77220.0
20091104:0000,13.2,62.3,0.0,-0.0,0.0,284.5,2.28,345.0,77280.0
20091104:0100,11.72,69.25,0.0,-0.0,0.0,287.5,2.14,346.0,77360.0
20091104:0200,10.55,74.4,0.0,-0.0,0.0,287.95,2.14,349.0,77450.0
20091104:0300,9.38,82.85,0.0,-0.0,0.0,278.65,2.14,349.0,77520.0
20091104:0400,8.65,85.9,0.0,-0.0,0.0,285.45,2.07,349.0,77540.0
20091104:0500,7.72,89.05,0.0,-0.0,0.0,272.5,2.0,352.0,77550.0
20091104:0600,7.1,92.35,0.0,-0.0,0.0,273.45,2.07,355.0,77530.0
20091104:0700,6.65,95.8,0.0,-0.0,0.0,274.6,1.86,355.0,77530.0
20091104:0800,6.37,99.4,0.0,-0.0,0.0,277.7,1.86,354.0,77490.0
20091104:0900,6.38,99.4,0.0,-0.0,0.0,292.2,1.72,355.0,77450.0
20091104:1000,6.57,99.4,0.0,-0.0,0.0,305.2,1.52,355.0,77410.0
20091104:1100,6.59,99.4,0.0,-0.0,0.0,303.85,1.45,357.0,77430.0
20091104:1200,6.4,95.8,0.0,-0.0,0.0,294.95,1.52,360.0,77410.0
20091104:1300,6.46,95.8,111.75,739.52,60.45,297.05,1.79,3.0,77470.0
20091104:1400,7.55,95.8,291.65,531.67,134.25,303.65,2.07,6.0,77510.0
20091104:1500,9.5,85.95,527.6,730.68,164.75,306.55,2.28,7.0,77540.0
20091104:1600,11.94,80.15,600.55,515.34,261.8,297.25,2.28,9.0,77560.0
20091104:1700,13.66,69.65,611.35,541.04,196.2,327.65,2.28,7.0,77540.0
20091104:1800,14.75,64.95,723.6,679.08,167.4,317.2,2.41,8.0,77450.0
20091104:1900,15.6,60.65,489.65,412.79,155.7,301.3,2.34,18.0,77410.0
20091104:2000,15.0,62.75,393.55,240.15,216.35,307.9,2.48,17.0,77350.0
20091104:2100,14.71,64.95,247.95,200.99,125.25,323.0,2.55,13.0,77330.0
20091104:2200,14.25,64.85,125.15,108.37,77.95,333.45,2.55,9.0,77290.0
20091104:2300,13.84,64.75,40.0,89.79,19.8,334.0,2.48,9.0,77370.0
20091105:0000,12.86,72.05,0.0,-0.0,0.0,323.2,2.34,4.0,77410.0
20091105:0100,12.06,74.6,0.0,-0.0,0.0,320.8,2.34,6.0,77470.0
20091105:0200,11.66,80.15,0.0,-0.0,0.0,336.35,2.34,8.0,77550.0
20091105:0300,10.85,86.05,0.0,-0.0,0.0,317.0,2.28,9.0,77610.0
20091105:0400,10.1,86.0,0.0,-0.0,0.0,307.9,2.21,10.0,77650.0
20091105:0500,9.65,89.15,0.0,-0.0,0.0,314.1,2.14,8.0,77660.0
20091105:0600,9.31,92.45,0.0,-0.0,0.0,317.2,2.07,6.0,77670.0
20091105:0700,8.95,92.45,0.0,-0.0,0.0,330.95,2.07,7.0,77670.0
20091105:0800,8.89,92.4,0.0,-0.0,0.0,337.1,2.0,5.0,77620.0
20091105:0900,8.7,92.4,0.0,-0.0,0.0,333.05,2.0,4.0,77600.0
20091105:1000,8.59,92.4,0.0,-0.0,0.0,334.0,2.14,3.0,77570.0
20091105:1100,8.33,95.8,0.0,-0.0,0.0,327.05,2.07,4.0,77570.0
20091105:1200,8.15,95.8,0.0,-0.0,0.0,330.55,2.21,5.0,77560.0
20091105:1300,8.15,95.8,54.6,84.07,48.95,336.95,2.41,6.0,77590.0
20091105:1400,8.48,89.1,247.85,397.18,131.25,337.1,2.83,9.0,77640.0
20091105:1500,9.67,79.9,377.65,321.25,219.0,295.5,3.03,16.0,77650.0
20091105:1600,11.09,74.45,590.05,495.88,265.55,313.3,3.03,18.0,77660.0
20091105:1700,12.99,64.65,562.05,268.56,356.8,312.15,3.1,22.0,77630.0
20091105:1800,13.81,60.2,495.6,211.1,323.35,327.65,3.1,20.0,77550.0
20091105:1900,14.27,60.3,438.7,150.43,317.45,318.35,3.1,13.0,77530.0
20091105:2000,14.36,60.3,343.1,155.98,228.45,336.35,3.03,12.0,77460.0
20091105:2100,13.91,64.75,377.3,403.36,132.1,330.95,2.97,8.0,77420.0
20091105:2200,13.93,64.75,208.2,294.53,80.6,304.4,3.03,10.0,77390.0
20091105:2300,13.22,64.65,57.15,142.83,25.3,301.7,2.9,12.0,77410.0
20091106:0000,11.67,71.85,0.0,-0.0,0.0,281.0,2.69,11.0,77440.0
20091106:0100,10.02,77.1,0.0,-0.0,0.0,280.7,2.48,9.0,77490.0
20091106:0200,9.03,82.85,0.0,-0.0,0.0,282.55,2.34,8.0,77550.0
20091106:0300,8.2,89.05,0.0,-0.0,0.0,278.85,2.28,10.0,77600.0
20091106:0400,7.53,89.05,0.0,-0.0,0.0,279.45,2.21,9.0,77640.0
20091106:0500,7.23,92.35,0.0,-0.0,0.0,294.35,2.14,6.0,77640.0
20091106:0600,6.94,89.0,0.0,-0.0,0.0,299.95,2.07,3.0,77620.0
20091106:0700,6.95,92.35,0.0,-0.0,0.0,306.75,2.07,4.0,77560.0
20091106:0800,6.65,95.8,0.0,-0.0,0.0,300.75,2.0,2.0,77530.0
20091106:0900,6.2,95.8,0.0,-0.0,0.0,288.55,1.93,2.0,77490.0
20091106:1000,5.7,99.4,0.0,-0.0,0.0,280.2,1.79,2.0,77440.0
20091106:1100,5.41,95.75,0.0,-0.0,0.0,280.2,1.72,2.0,77420.0
20091106:1200,4.99,95.75,0.0,-0.0,0.0,268.2,1.66,1.0,77430.0
20091106:1300,4.29,99.4,148.65,1252.55,67.21,245.2,1.79,3.0,77450.0
20091106:1400,6.54,85.75,383.3,1050.8,77.45,248.5,2.21,9.0,77460.0
20091106:1500,9.03,79.85,614.3,1068.77,89.45,248.5,2.34,12.0,77460.0
20091106:1600,11.46,69.25,749.35,930.02,143.5,251.4,2.41,16.0,77450.0
20091106:1700,13.27,67.05,721.45,657.9,220.65,277.3,2.41,22.0,77420.0
20091106:1800,14.41,60.3,489.35,262.82,275.7,283.9,2.28,16.0,77330.0
20091106:1900,14.69,60.4,516.5,416.05,182.4,321.45,2.28,15.0,77270.0
20091106:2000,14.94,60.4,467.9,391.13,181.5,313.5,2.21,9.0,77160.0
20091106:2100,14.89,60.4,372.15,408.28,125.0,326.3,2.28,1.0,77140.0
20091106:2200,14.63,60.4,191.35,271.81,74.2,309.05,2.34,4.0,77100.0
20091106:2300,13.94,62.45,53.4,128.68,24.95,305.4,2.41,11.0,77140.0
20091107:0000,12.62,69.45,0.0,-0.0,0.0,305.95,2.34,12.0,77140.0
20091107:0100,11.82,74.55,0.0,-0.0,0.0,323.7,2.28,10.0,77190.0
20091107:0200,10.72,83.0,0.0,-0.0,0.0,307.5,2.14,4.0,77250.0
20091107:0300,9.64,89.15,0.0,-0.0,0.0,289.9,2.07,0.0,77310.0
20091107:0400,9.19,92.45,0.0,-0.0,0.0,303.85,2.0,2.0,77330.0
20091107:0500,9.16,92.45,0.0,-0.0,0.0,323.4,1.86,5.0,77310.0
20091107:0600,9.26,92.45,0.0,-0.0,0.0,336.15,1.79,5.0,77270.0
20091107:0700,9.28,92.45,0.0,-0.0,0.0,334.6,1.66,6.0,77240.0
20091107:0800,9.03,89.1,0.0,-0.0,0.0,332.1,1.59,3.0,77210.0
20091107:0900,8.76,92.4,0.0,-0.0,0.0,327.85,1.52,0.0,77160.0
20091107:1000,8.58,92.4,0.0,-0.0,0.0,327.85,1.38,353.0,77110.0
20091107:1100,8.16,95.8,0.0,-0.0,0.0,311.0,1.38,349.0,77110.0
20091107:1200,7.67,95.8,0.0,-0.0,0.0,306.55,1.24,347.0,77120.0
20091107:1300,6.87,99.4,118.6,773.04,70.05,285.05,1.03,350.0,77140.0
20091107:1400,8.09,95.8,381.9,1068.85,73.5,270.15,1.03,14.0,77150.0
20091107:1500,10.77,80.05,617.0,1099.84,79.95,251.0,1.03,15.0,77160.0
20091107:1600,13.27,67.05,766.0,1002.66,115.8,254.85,1.1,3.0,77170.0
20091107:1700,14.98,60.4,804.65,854.76,156.6,266.85,1.24,346.0,77140.0
20091107:1800,16.15,54.45,718.55,663.99,180.8,282.75,1.45,340.0,77070.0
20091107:1900,16.52,52.65,668.65,519.25,253.2,312.15,1.38,343.0,77010.0
20091107:2000,16.97,52.65,437.35,284.59,229.75,329.55,1.38,345.0,76920.0
20091107:2100,16.75,50.75,239.5,152.28,147.7,330.35,1.31,339.0,76870.0
20091107:2200,16.14,54.45,156.3,191.92,74.0,331.3,1.31,325.0,76860.0
20091107:2300,15.54,56.35,31.85,53.13,20.2,329.95,1.24,315.0,76870.0
20091108:0000,14.56,62.65,0.0,-0.0,0.0,332.65,0.97,310.0,76900.0
20091108:0100,13.3,77.5,0.0,-0.0,0.0,321.95,1.17,331.0,76940.0
20091108:0200,12.37,80.2,0.0,-0.0,0.0,327.45,1.45,354.0,77010.0
20091108:0300,10.87,86.05,0.0,-0.0,0.0,287.75,1.59,357.0,77070.0
20091108:0400,10.35,89.2,0.0,-0.0,0.0,308.3,1.52,354.0,77100.0
20091108:0500,10.03,89.2,0.0,-0.0,0.0,311.4,1.45,352.0,77110.0
20091108:0600,10.14,89.2,0.0,-0.0,0.0,323.4,1.24,350.0,77090.0
20091108:0700,9.88,92.45,0.0,-0.0,0.0,317.55,1.1,358.0,77040.0
20091108:0800,9.66,89.15,0.0,-0.0,0.0,298.05,0.97,353.0,77010.0
20091108:0900,10.26,89.2,0.0,-0.0,0.0,310.8,0.62,358.0,76980.0
20091108:1000,9.95,89.2,0.0,-0.0,0.0,298.2,0.48,6.0,76960.0
20091108:1100,9.77,92.45,0.0,-0.0,0.0,302.1,0.34,43.0,76960.0
20091108:1200,9.67,92.45,0.0,-0.0,0.0,290.85,0.28,74.0,76980.0
20091108:1300,9.73,89.15,132.6,1253.73,56.67,296.1,0.28,80.0,77000.0
20091108:1400,11.47,80.15,372.7,1039.39,75.45,271.1,0.21,83.0,77020.0
20091108:1500,13.69,69.65,592.75,1026.99,94.15,267.25,0.14,201.0,77050.0
20091108:1600,15.64,62.85,718.85,898.12,139.1,265.3,0.34,277.0,77050.0
20091108:1700,17.0,56.6,802.0,848.94,160.95,293.4,0.69,296.0,77030.0
20091108:1800,18.29,47.55,856.35,887.84,140.0,308.5,1.1,306.0,76950.0
20091108:1900,19.26,45.95,785.1,820.58,130.95,291.05,1.31,319.0,76870.0
20091108:2000,19.73,42.85,512.7,399.03,222.7,298.6,1.31,329.0,76800.0
20091108:2100,19.52,42.7,305.85,178.04,198.95,316.8,1.38,347.0,76760.0
20091108:2200,19.05,42.7,181.0,195.8,97.45,347.4,1.31,8.0,76740.0
20091108:2300,18.28,45.85,50.8,106.42,27.65,335.4,1.03,8.0,76770.0
20091109:0000,16.46,67.65,0.0,-0.0,0.0,310.6,0.62,350.0,76820.0
20091109:0100,16.1,54.45,0.0,-0.0,0.0,307.6,0.55,322.0,76880.0
20091109:0200,15.24,58.35,0.0,-0.0,0.0,290.1,0.83,333.0,76940.0
20091109:0300,13.85,64.75,0.0,-0.0,0.0,286.6,1.17,357.0,77000.0
20091109:0400,11.93,74.55,0.0,-0.0,0.0,284.1,1.31,5.0,77050.0
20091109:0500,10.85,80.05,0.0,-0.0,0.0,278.3,1.38,6.0,77080.0
20091109:0600,10.45,80.05,0.0,-0.0,0.0,275.95,1.24,7.0,77090.0
20091109:0700,9.7,82.9,0.0,-0.0,0.0,261.05,1.17,11.0,77090.0
20091109:0800,9.81,85.95,0.0,-0.0,0.0,270.15,1.03,6.0,77080.0
20091109:0900,9.42,89.1,0.0,-0.0,0.0,274.05,1.03,11.0,77050.0
20091109:1000,9.58,85.95,0.0,-0.0,0.0,293.4,0.83,11.0,77060.0
20091109:1100,9.66,85.95,0.0,-0.0,0.0,301.9,0.76,7.0,77050.0
20091109:1200,9.56,85.95,0.0,-0.0,0.0,295.9,0.83,11.0,77100.0
20091109:1300,9.48,85.95,116.7,1192.1,47.2,288.75,0.83,16.0,77130.0
20091109:1400,10.94,83.0,336.85,866.05,91.4,284.3,0.76,14.0,77170.0
20091109:1500,13.62,69.65,556.9,923.37,111.2,281.2,0.97,13.0,77200.0
20091109:1600,15.33,62.75,751.3,985.54,118.05,271.7,1.1,10.0,77210.0
20091109:1700,16.9,56.6,805.9,832.62,179.7,268.6,1.24,358.0,77210.0
20091109:1800,18.03,49.3,661.3,511.42,250.2,293.0,1.38,347.0,77150.0
20091109:1900,18.88,47.55,551.95,316.31,300.7,317.55,1.31,342.0,77100.0
20091109:2000,19.2,45.95,465.95,276.62,265.65,336.95,1.66,346.0,77040.0
20091109:2100,19.17,45.95,378.55,413.44,131.3,332.65,1.86,353.0,77010.0
20091109:2200,19.04,44.3,192.3,231.11,94.15,319.5,1.93,357.0,76990.0
20091109:2300,18.25,45.85,49.25,100.75,27.5,330.75,1.59,360.0,77010.0
20091110:0000,16.41,56.5,0.0,-0.0,0.0,301.9,1.59,358.0,77070.0
20091110:0100,13.83,64.75,0.0,-0.0,0.0,290.6,2.07,358.0,77160.0
20091110:0200,12.47,69.45,0.0,-0.0,0.0,309.45,2.21,3.0,77250.0
20091110:0300,11.11,77.2,0.0,-0.0,0.0,298.2,2.07,0.0,77320.0
20091110:0400,10.11,86.0,0.0,-0.0,0.0,296.1,1.93,357.0,77360.0
20091110:0500,9.62,89.15,0.0,-0.0,0.0,301.5,1.93,355.0,77370.0
20091110:0600,8.96,92.45,0.0,-0.0,0.0,292.2,1.86,357.0,77380.0
20091110:0700,8.11,95.8,0.0,-0.0,0.0,284.65,1.79,358.0,77360.0
20091110:0800,7.79,95.8,0.0,-0.0,0.0,293.75,1.66,359.0,77340.0
20091110:0900,7.99,99.4,0.0,-0.0,0.0,314.3,1.59,356.0,77310.0
20091110:1000,7.86,95.8,0.0,-0.0,0.0,309.45,1.59,357.0,77300.0
20091110:1100,7.38,99.4,0.0,-0.0,0.0,294.95,1.45,359.0,77310.0
20091110:1200,6.49,99.4,0.0,-0.0,0.0,273.85,1.45,2.0,77330.0
20091110:1300,5.58,99.4,138.4,1254.88,68.11,249.85,1.45,6.0,77390.0
20091110:1400,7.93,95.8,334.05,905.19,79.85,250.4,1.72,13.0,77440.0
20091110:1500,10.23,82.95,500.0,848.57,92.8,264.35,2.28,12.0,77470.0
20091110:1600,11.99,71.95,695.8,873.87,136.9,260.65,2.55,12.0,77470.0
20091110:1700,13.64,62.45,883.1,1055.59,92.4,267.05,2.62,15.0,77450.0
20091110:1800,15.19,56.25,880.75,969.51,104.3,263.2,2.48,14.0,77390.0
20091110:1900,16.68,47.15,727.8,689.61,182.0,271.5,2.83,14.0,77300.0
20091110:2000,17.38,45.55,614.95,607.97,176.3,285.85,2.48,14.0,77230.0
20091110:2100,17.75,44.05,340.15,309.79,155.6,299.55,2.55,6.0,77170.0
20091110:2200,16.87,48.9,206.15,261.87,95.45,315.45,3.03,358.0,77190.0
20091110:2300,15.42,56.25,57.9,159.14,23.8,303.85,2.9,359.0,77220.0
20091111:0000,13.42,67.05,0.0,-0.0,0.0,293.4,2.76,358.0,77300.0
20091111:0100,10.86,80.05,0.0,-0.0,0.0,280.9,2.55,357.0,77380.0
20091111:0200,10.04,82.95,0.0,-0.0,0.0,310.4,2.69,1.0,77430.0
20091111:0300,9.01,89.1,0.0,-0.0,0.0,291.05,2.62,2.0,77490.0
20091111:0400,8.57,92.4,0.0,-0.0,0.0,309.45,2.48,3.0,77500.0
20091111:0500,8.08,92.4,0.0,-0.0,0.0,314.1,2.41,2.0,77520.0
20091111:0600,7.7,92.4,0.0,-0.0,0.0,312.95,2.28,1.0,77510.0
20091111:0700,7.55,92.4,0.0,-0.0,0.0,320.5,2.21,358.0,77490.0
20091111:0800,7.21,92.35,0.0,-0.0,0.0,316.8,2.14,358.0,77470.0
20091111:0900,7.02,92.35,0.0,-0.0,0.0,319.1,2.14,360.0,77420.0
20091111:1000,6.81,95.8,0.0,-0.0,0.0,318.55,2.14,1.0,77420.0
20091111:1100,6.77,95.8,0.0,-0.0,0.0,326.5,2.07,3.0,77420.0
20091111:1200,6.66,95.8,0.0,-0.0,0.0,315.45,2.28,4.0,77440.0
20091111:1300,6.59,95.8,92.25,709.39,54.15,308.65,2.07,4.0,77480.0
20091111:1400,7.11,89.0,270.75,493.85,133.35,311.55,2.55,6.0,77490.0
20091111:1500,8.59,79.75,468.6,702.05,133.7,296.85,2.48,11.0,77510.0
20091111:1600,10.46,69.1,745.1,976.12,123.7,285.85,2.34,10.0,77510.0
20091111:1700,12.31,64.45,833.3,983.72,99.4,272.85,2.28,8.0,77460.0
20091111:1800,13.77,60.2,899.3,1005.56,96.95,278.85,2.14,7.0,77380.0
20091111:1900,15.34,54.25,843.35,946.15,97.15,267.25,1.72,9.0,77290.0
20091111:2000,16.28,48.8,647.35,677.18,160.5,272.65,1.38,1.0,77190.0
20091111:2100,16.6,45.45,477.95,598.93,122.5,291.65,1.59,353.0,77130.0
20091111:2200,16.33,47.0,241.5,289.19,119.8,300.95,2.21,352.0,77120.0
20091111:2300,15.21,50.35,47.85,88.36,29.05,298.4,2.14,351.0,77170.0
20091112:0000,13.7,58.0,0.0,-0.0,0.0,313.3,2.0,344.0,77220.0
20091112:0100,12.17,66.85,0.0,-0.0,0.0,299.7,2.14,351.0,77280.0
20091112:0200,10.7,74.4,0.0,-0.0,0.0,292.2,2.07,353.0,77360.0
20091112:0300,9.37,85.95,0.0,-0.0,0.0,285.25,2.0,350.0,77400.0
20091112:0400,8.41,92.4,0.0,-0.0,0.0,282.75,2.0,349.0,77410.0
20091112:0500,8.05,95.8,0.0,-0.0,0.0,295.5,1.93,351.0,77400.0
20091112:0600,7.22,95.8,0.0,-0.0,0.0,275.75,1.93,354.0,77380.0
20091112:0700,7.06,95.8,0.0,-0.0,0.0,291.85,1.66,355.0,77340.0
20091112:0800,7.04,95.8,0.0,-0.0,0.0,304.05,1.59,351.0,77300.0
20091112:0900,6.94,95.8,0.0,-0.0,0.0,310.8,1.45,350.0,77260.0
20091112:1000,6.8,99.4,0.0,-0.0,0.0,316.05,1.31,355.0,77220.0
20091112:1100,6.74,99.4,0.0,-0.0,0.0,318.35,1.31,360.0,77220.0
20091112:1200,6.47,95.8,0.0,-0.0,0.0,304.05,1.1,2.0,77230.0
20091112:1300,6.04,99.4,109.65,1085.02,53.9,286.2,1.03,4.0,77260.0
20091112:1400,7.1,95.8,353.15,945.57,92.55,275.95,0.97,7.0,77280.0
20091112:1500,9.86,85.95,597.3,1075.61,87.25,264.15,1.1,4.0,77270.0
20091112:1600,12.69,69.45,772.35,1080.36,87.8,255.05,1.03,359.0,77270.0
20091112:1700,14.81,60.4,869.1,1043.8,93.5,259.5,0.76,345.0,77210.0
20091112:1800,16.45,54.45,895.85,1008.06,94.45,266.65,0.62,324.0,77120.0
20091112:1900,17.69,47.4,839.95,951.06,92.5,272.3,0.34,246.0,77030.0
20091112:2000,18.52,44.2,678.5,791.07,111.75,276.55,0.76,250.0,76920.0
20091112:2100,18.82,44.2,412.65,452.57,145.05,295.9,0.76,254.0,76870.0
20091112:2200,18.29,44.2,216.65,293.19,93.8,320.1,0.28,234.0,76840.0
20091112:2300,17.33,49.05,50.25,118.06,25.3,319.1,0.28,255.0,76860.0
20091113:0000,15.9,56.35,0.0,-0.0,0.0,316.8,0.55,258.0,76910.0
20091113:0100,15.62,58.45,0.0,-0.0,0.0,296.95,0.62,257.0,76960.0
20091113:0200,14.78,64.95,0.0,-0.0,0.0,290.85,0.34,287.0,77020.0
20091113:0300,13.88,69.65,0.0,-0.0,0.0,286.05,0.62,344.0,77060.0
20091113:0400,12.56,74.7,0.0,-0.0,0.0,276.95,0.97,344.0,77090.0
20091113:0500,11.44,80.1,0.0,-0.0,0.0,268.05,0.83,347.0,77090.0
20091113:0600,10.71,83.0,0.0,-0.0,0.0,266.3,0.62,2.0,77070.0
20091113:0700,10.74,80.05,0.0,-0.0,0.0,279.45,0.21,70.0,77080.0
20091113:0800,10.22,82.95,0.0,-0.0,0.0,264.15,0.21,120.0,77040.0
20091113:0900,9.87,85.95,0.0,-0.0,0.0,267.05,0.34,149.0,77020.0
20091113:1000,9.46,85.95,0.0,-0.0,0.0,264.75,0.34,161.0,77000.0
20091113:1100,8.98,89.1,0.0,-0.0,0.0,255.45,0.34,156.0,77010.0
20091113:1200,8.57,89.1,0.0,-0.0,0.0,249.45,0.28,146.0,77040.0
20091113:1300,8.26,92.4,136.5,1256.55,74.88,246.35,0.28,136.0,77080.0
20091113:1400,10.71,83.0,376.95,1129.26,68.7,246.55,0.21,123.0,77100.0
20091113:1500,14.12,64.85,599.0,1096.21,82.3,250.4,0.48,332.0,77090.0
20091113:1600,15.94,56.35,764.05,1055.94,98.1,256.05,0.83,328.0,77110.0
20091113:1700,17.3,50.85,866.5,1041.38,95.8,267.65,0.83,318.0,77060.0
20091113:1800,18.43,45.85,887.7,991.86,102.05,267.85,0.9,295.0,77000.0
20091113:1900,19.3,44.3,812.7,899.32,108.35,274.2,0.97,285.0,76900.0
20091113:2000,19.9,41.3,592.05,604.7,160.3,280.6,0.9,279.0,76820.0
20091113:2100,20.01,39.8,420.4,457.0,151.15,299.4,0.97,279.0,76760.0
20091113:2200,19.87,38.35,204.35,203.11,119.6,317.4,0.76,279.0,76740.0
20091113:2300,19.0,42.6,60.2,145.01,29.75,330.55,0.41,272.0,76750.0
20091114:0000,17.49,49.05,0.0,-0.0,0.0,285.05,0.34,242.0,76800.0
20091114:0100,16.38,52.5,0.0,-0.0,0.0,274.5,0.48,230.0,76860.0
20091114:0200,15.39,58.35,0.0,-0.0,0.0,273.85,0.62,205.0,76950.0
20091114:0300,14.42,62.55,0.0,-0.0,0.0,268.4,0.76,195.0,77010.0
20091114:0400,13.39,67.05,0.0,-0.0,0.0,276.55,0.69,194.0,77040.0
20091114:0500,12.24,71.95,0.0,-0.0,0.0,261.45,0.55,186.0,77050.0
20091114:0600,11.11,77.2,0.0,-0.0,0.0,258.95,0.48,177.0,77030.0
20091114:0700,10.31,82.95,0.0,-0.0,0.0,259.3,0.76,186.0,77040.0
20091114:0800,9.57,85.95,0.0,-0.0,0.0,259.3,0.69,178.0,77010.0
20091114:0900,9.13,89.1,0.0,-0.0,0.0,257.75,0.62,168.0,77010.0
20091114:1000,8.85,92.4,0.0,-0.0,0.0,259.9,0.55,160.0,77010.0
20091114:1100,8.52,92.4,0.0,-0.0,0.0,253.9,0.48,152.0,77030.0
20091114:1200,8.29,95.8,0.0,-0.0,0.0,255.85,0.48,142.0,77040.0
20091114:1300,8.21,92.4,132.75,1257.09,74.07,256.8,0.48,140.0,77090.0
20091114:1400,10.82,86.05,371.6,1118.48,69.25,250.8,0.34,143.0,77100.0
20091114:1500,14.97,64.95,593.0,1089.85,82.4,256.4,0.34,192.0,77100.0
20091114:1600,16.84,54.6,762.25,1070.22,90.45,261.85,0.48,181.0,77120.0
20091114:1700,18.21,51.15,850.25,1003.71,110.4,269.75,0.9,194.0,77080.0
20091114:1800,19.3,49.45,866.7,948.7,117.95,274.8,1.1,210.0,77030.0
20091114:1900,20.07,46.2,763.85,809.71,131.85,280.4,1.45,220.0,76970.0
20091114:2000,20.43,44.6,502.4,411.19,209.8,299.4,1.52,232.0,76900.0
20091114:2100,20.16,44.6,324.35,274.64,163.1,328.4,1.59,229.0,76850.0
20091114:2200,19.57,46.1,189.8,210.18,102.45,331.9,1.52,222.0,76840.0
20091114:2300,18.63,51.15,51.95,123.38,26.2,329.4,1.31,215.0,76870.0
20091115:0000,17.11,58.8,0.0,-0.0,0.0,323.0,1.1,206.0,76910.0
20091115:0100,14.54,75.0,0.0,-0.0,0.0,300.85,1.31,191.0,76970.0
20091115:0200,13.3,74.75,0.0,-0.0,0.0,290.5,1.31,188.0,77040.0
20091115:0300,13.26,74.75,0.0,-0.0,0.0,286.05,1.17,190.0,77120.0
20091115:0400,12.99,74.75,0.0,-0.0,0.0,276.75,0.76,194.0,77130.0
20091115:0500,11.81,83.1,0.0,-0.0,0.0,270.55,0.48,181.0,77140.0
20091115:0600,10.89,86.05,0.0,-0.0,0.0,266.85,0.48,164.0,77120.0
20091115:0700,10.15,86.0,0.0,-0.0,0.0,260.65,0.48,153.0,77120.0
20091115:0800,9.61,85.95,0.0,-0.0,0.0,259.5,0.55,163.0,77100.0
20091115:0900,9.19,89.1,0.0,-0.0,0.0,257.75,0.69,167.0,77070.0
20091115:1000,8.88,92.4,0.0,-0.0,0.0,256.8,0.69,166.0,77060.0
20091115:1100,8.64,92.4,0.0,-0.0,0.0,255.05,0.69,159.0,77060.0
20091115:1200,8.49,92.4,0.0,-0.0,0.0,252.55,0.69,150.0,77090.0
20091115:1300,8.23,95.8,131.15,1257.62,75.44,250.2,0.69,144.0,77140.0
20091115:1400,10.68,86.05,368.25,1122.1,67.9,251.95,0.48,138.0,77170.0
20091115:1500,15.13,67.45,587.55,1086.85,81.45,257.75,0.55,180.0,77190.0
20091115:1600,17.16,52.75,755.95,1066.71,89.5,265.5,0.62,184.0,77180.0
20091115:1700,18.58,51.15,849.65,1008.2,109.45,272.1,1.03,189.0,77160.0
20091115:1800,19.69,49.55,886.65,1008.89,93.25,280.6,1.31,194.0,77070.0
20091115:1900,20.33,47.9,830.85,944.52,96.1,278.3,1.52,197.0,77010.0
20091115:2000,20.8,48.05,703.1,861.53,92.05,284.65,1.72,205.0,76930.0
20091115:2100,20.91,46.35,431.3,476.89,152.25,287.95,1.66,212.0,76890.0
20091115:2200,20.4,46.2,200.15,218.6,109.65,321.25,1.72,216.0,76880.0
20091115:2300,19.25,51.25,53.35,125.77,27.25,326.85,1.38,215.0,76920.0
20091116:0000,17.57,58.9,0.0,-0.0,0.0,327.05,1.31,209.0,76980.0
20091116:0100,14.97,77.75,0.0,-0.0,0.0,290.95,1.38,201.0,77040.0
20091116:0200,14.32,74.95,0.0,-0.0,0.0,291.05,1.17,194.0,77130.0
20091116:0300,14.71,69.85,0.0,-0.0,0.0,284.5,1.03,191.0,77200.0
20091116:0400,14.04,72.3,0.0,-0.0,0.0,290.1,0.83,206.0,77250.0
20091116:0500,13.11,77.5,0.0,-0.0,0.0,283.1,0.62,228.0,77260.0
20091116:0600,12.27,83.15,0.0,-0.0,0.0,290.85,0.34,230.0,77240.0
20091116:0700,11.33,86.1,0.0,-0.0,0.0,269.95,0.41,178.0,77210.0
20091116:0800,10.67,86.05,0.0,-0.0,0.0,267.85,0.41,154.0,77190.0
20091116:0900,10.27,89.2,0.0,-0.0,0.0,270.15,0.34,138.0,77160.0
20091116:1000,10.24,86.0,0.0,-0.0,0.0,279.85,0.28,122.0,77150.0
20091116:1100,10.26,86.0,0.0,-0.0,0.0,277.7,0.28,96.0,77150.0
20091116:1200,10.23,82.95,0.0,-0.0,0.0,271.7,0.28,76.0,77170.0
20091116:1300,10.17,82.95,120.55,1258.15,67.82,269.6,0.34,68.0,77220.0
20091116:1400,12.19,80.2,356.5,1072.61,72.25,266.65,0.28,70.0,77250.0
20091116:1500,15.99,60.65,571.75,1039.52,90.65,265.5,0.48,27.0,77250.0
20091116:1600,17.96,49.15,747.65,1058.23,89.6,271.1,0.69,18.0,77250.0
20091116:1700,19.34,49.45,848.3,1030.13,95.0,276.15,0.55,25.0,77220.0
20091116:1800,20.44,47.9,876.1,998.64,93.55,283.7,0.48,17.0,77130.0
20091116:1900,21.04,43.1,815.85,923.27,100.0,284.1,0.9,8.0,77070.0
20091116:2000,21.62,38.9,616.0,698.38,122.25,295.9,0.9,8.0,77020.0
20091116:2100,21.71,37.5,384.2,378.15,163.65,313.1,0.97,350.0,76950.0
20091116:2200,21.43,37.35,166.75,133.82,111.55,324.35,1.1,342.0,76950.0
20091116:2300,20.11,44.6,41.3,87.21,23.3,331.1,1.03,328.0,76980.0
20091117:0000,18.28,54.95,0.0,-0.0,0.0,330.35,1.79,350.0,77040.0
20091117:0100,15.97,62.85,0.0,-0.0,0.0,324.65,2.21,357.0,77130.0
20091117:0200,14.13,72.3,0.0,-0.0,0.0,310.05,2.21,360.0,77230.0
20091117:0300,12.36,86.2,0.0,-0.0,0.0,295.7,2.07,358.0,77310.0
20091117:0400,11.39,92.55,0.0,-0.0,0.0,307.1,1.93,358.0,77350.0
20091117:0500,10.96,92.55,0.0,-0.0,0.0,315.85,1.79,2.0,77360.0
20091117:0600,11.45,92.55,0.0,-0.0,0.0,348.15,1.59,6.0,77330.0
20091117:0700,10.85,95.9,0.0,-0.0,0.0,326.5,1.31,9.0,77310.0
20091117:0800,10.96,92.55,0.0,-0.0,0.0,338.85,1.31,1.0,77300.0
20091117:0900,10.8,95.9,0.0,-0.0,0.0,335.55,1.31,359.0,77280.0
20091117:1000,10.66,95.9,0.0,-0.0,0.0,335.75,1.24,6.0,77270.0
20091117:1100,10.48,95.9,0.0,-0.0,0.0,333.45,1.17,6.0,77270.0
20091117:1200,10.19,95.9,0.0,-0.0,0.0,329.55,1.24,5.0,77290.0
20091117:1300,10.14,95.9,50.35,0.0,50.35,335.4,1.17,6.0,77320.0
20091117:1400,11.07,92.55,223.0,343.26,132.95,335.75,1.1,16.0,77360.0
20091117:1500,11.8,86.15,522.6,890.39,113.05,318.75,0.9,27.0,77360.0
20091117:1600,14.67,69.85,684.7,891.71,132.8,295.5,0.48,65.0,77340.0
20091117:1700,16.84,58.7,731.65,724.35,204.05,293.6,0.62,154.0,77280.0
20091117:1800,18.4,51.15,738.05,695.25,195.15,312.35,0.9,188.0,77180.0
20091117:1900,19.87,46.1,642.8,514.09,245.5,317.55,1.45,197.0,77090.0
20091117:2000,20.03,43.0,307.3,148.34,202.75,323.0,1.52,209.0,77010.0
20091117:2100,19.22,47.65,222.65,121.0,152.3,351.45,1.72,200.0,76970.0
20091117:2200,18.47,51.15,159.8,167.14,91.1,350.65,2.0,196.0,76980.0
20091117:2300,17.65,54.85,50.0,133.91,22.5,335.55,1.72,197.0,76990.0
20091118:0000,16.21,65.25,0.0,-0.0,0.0,307.9,1.17,210.0,77020.0
20091118:0100,14.62,77.75,0.0,-0.0,0.0,313.6,0.9,236.0,77080.0
20091118:0200,13.89,80.4,0.0,-0.0,0.0,319.3,0.97,277.0,77160.0
20091118:0300,13.57,83.35,0.0,-0.0,0.0,347.75,0.97,300.0,77210.0
20091118:0400,13.93,80.4,0.0,-0.0,0.0,347.95,0.69,294.0,77220.0
20091118:0500,13.89,80.4,0.0,-0.0,0.0,346.2,0.48,275.0,77220.0
20091118:0600,13.6,80.4,0.0,-0.0,0.0,340.4,0.69,240.0,77210.0
20091118:0700,12.46,80.3,0.0,-0.0,0.0,291.05,0.69,216.0,77210.0
20091118:0800,11.95,86.15,0.0,-0.0,0.0,277.5,0.69,213.0,77200.0
20091118:0900,11.44,89.3,0.0,-0.0,0.0,276.15,0.62,215.0,77180.0
20091118:1000,10.8,89.25,0.0,-0.0,0.0,260.5,0.55,210.0,77180.0
20091118:1100,10.12,92.5,0.0,-0.0,0.0,258.95,0.48,203.0,77160.0
20091118:1200,9.73,92.45,0.0,-0.0,0.0,261.05,0.34,192.0,77190.0
20091118:1300,9.41,95.85,37.0,0.0,37.0,259.1,0.34,176.0,77230.0
20091118:1400,11.49,86.15,341.7,1062.7,65.75,256.8,0.28,147.0,77250.0
20091118:1500,14.55,67.35,562.9,1049.37,83.2,264.35,0.34,244.0,77270.0
20091118:1600,16.44,60.75,698.3,943.23,117.25,273.45,0.48,276.0,77270.0
20091118:1700,17.9,52.9,745.65,822.31,149.05,290.5,0.62,305.0,77240.0
20091118:1800,19.15,47.65,619.1,464.81,257.4,307.3,0.76,311.0,77160.0
20091118:1900,19.6,44.45,564.1,353.99,291.4,332.3,0.62,275.0,77060.0
20091118:2000,19.93,44.45,506.1,370.53,245.75,338.3,0.9,265.0,76980.0
20091118:2100,20.03,44.45,273.25,163.47,178.5,333.45,1.1,260.0,76930.0
20091118:2200,19.27,45.95,151.2,187.58,74.35,340.6,0.97,250.0,76920.0
20091118:2300,18.3,51.15,44.8,119.61,20.35,333.85,0.9,243.0,76940.0
20091119:0000,16.83,63.05,0.0,-0.0,0.0,320.1,0.83,238.0,76990.0
20091119:0100,15.91,65.15,0.0,-0.0,0.0,316.7,0.69,233.0,77050.0
20091119:0200,15.45,67.45,0.0,-0.0,0.0,309.25,0.48,241.0,77120.0
20091119:0300,14.78,69.85,0.0,-0.0,0.0,296.5,0.62,234.0,77160.0
20091119:0400,14.3,72.3,0.0,-0.0,0.0,312.75,0.76,227.0,77170.0
20091119:0500,13.85,74.85,0.0,-0.0,0.0,305.4,0.69,223.0,77180.0
20091119:0600,13.46,77.5,0.0,-0.0,0.0,311.0,0.62,220.0,77180.0
20091119:0700,13.14,80.35,0.0,-0.0,0.0,307.1,0.83,190.0,77140.0
20091119:0800,12.58,83.25,0.0,-0.0,0.0,294.55,0.83,182.0,77110.0
20091119:0900,11.96,83.15,0.0,-0.0,0.0,286.8,0.83,180.0,77090.0
20091119:1000,11.29,89.3,0.0,-0.0,0.0,272.1,0.83,182.0,77080.0
20091119:1100,10.89,92.5,0.0,-0.0,0.0,279.45,0.83,181.0,77090.0
20091119:1200,9.95,92.5,0.0,-0.0,0.0,270.75,0.83,180.0,77100.0
20091119:1300,9.64,92.45,44.6,0.0,44.6,261.45,0.83,177.0,77150.0
20091119:1400,11.28,92.55,322.3,879.59,96.25,275.75,0.62,175.0,77170.0
20091119:1500,14.75,75.0,541.95,949.04,110.8,309.05,0.83,204.0,77200.0
20091119:1600,16.85,63.05,647.0,810.91,149.8,296.3,0.69,220.0,77200.0
20091119:1700,18.3,56.95,632.8,547.95,236.8,300.15,0.34,231.0,77170.0
20091119:1800,19.3,53.15,580.2,325.41,327.85,328.8,0.48,226.0,77090.0
20091119:1900,19.87,49.55,486.35,334.66,229.35,354.95,0.9,241.0,77010.0
20091119:2000,19.97,49.55,497.25,386.48,226.5,348.35,1.31,259.0,76950.0
20091119:2100,20.12,47.9,326.5,243.29,185.9,342.55,1.59,259.0,76880.0
20091119:2200,19.62,51.4,166.55,149.61,105.45,329.0,1.59,248.0,76880.0
20091119:2300,18.78,54.95,41.4,86.96,23.7,344.3,1.24,242.0,76900.0
20091120:0000,17.33,65.45,0.0,-0.0,0.0,324.35,0.9,226.0,76940.0
20091120:0100,15.66,75.15,0.0,-0.0,0.0,317.3,1.03,205.0,76990.0
20091120:0200,14.69,75.0,0.0,-0.0,0.0,301.7,1.17,191.0,77030.0
20091120:0300,14.29,77.65,0.0,-0.0,0.0,292.2,1.17,185.0,77080.0
20091120:0400,13.79,80.4,0.0,-0.0,0.0,299.55,1.17,193.0,77100.0
20091120:0500,13.27,80.35,0.0,-0.0,0.0,297.45,1.17,202.0,77110.0
20091120:0600,12.71,83.25,0.0,-0.0,0.0,296.1,1.17,201.0,77110.0
20091120:0700,13.42,80.35,0.0,-0.0,0.0,292.6,1.1,205.0,77090.0
20091120:0800,13.1,80.35,0.0,-0.0,0.0,305.2,1.1,200.0,77070.0
20091120:0900,12.62,80.3,0.0,-0.0,0.0,292.2,1.1,193.0,77050.0
20091120:1000,12.02,83.15,0.0,-0.0,0.0,277.5,1.1,188.0,77040.0
20091120:1100,11.61,83.1,0.0,-0.0,0.0,277.1,1.03,188.0,77050.0
20091120:1200,11.25,86.1,0.0,-0.0,0.0,275.4,0.97,186.0,77060.0
20091120:1300,10.83,86.05,40.4,0.0,40.4,265.3,0.9,186.0,77100.0
20091120:1400,12.29,86.2,333.95,1016.03,75.55,268.05,0.48,171.0,77130.0
20091120:1500,15.6,70.0,541.35,974.9,101.2,278.85,0.48,230.0,77140.0
20091120:1600,17.42,63.2,602.95,733.43,155.35,282.95,0.76,306.0,77150.0
20091120:1700,18.63,56.95,546.75,444.78,226.55,306.75,0.9,311.0,77130.0
20091120:1800,19.17,51.25,591.95,410.87,274.4,331.7,0.9,285.0,77090.0
20091120:1900,19.95,49.55,589.4,431.24,259.25,329.4,1.24,245.0,76970.0
20091120:2000,20.5,47.9,486.6,439.27,179.75,339.25,1.52,235.0,76900.0
20091120:2100,20.49,47.9,319.55,270.17,163.85,337.1,1.52,240.0,76850.0
20091120:2200,20.03,49.55,178.35,210.83,92.5,341.2,1.38,232.0,76840.0
20091120:2300,19.29,53.15,48.15,138.35,20.1,348.35,1.1,216.0,76870.0
20091121:0000,17.77,63.3,0.0,-0.0,0.0,322.4,0.83,199.0,76900.0
20091121:0100,15.77,72.55,0.0,-0.0,0.0,299.1,0.97,190.0,76970.0
20091121:0200,14.97,75.0,0.0,-0.0,0.0,288.15,1.1,188.0,77040.0
20091121:0300,14.88,75.0,0.0,-0.0,0.0,290.5,1.03,195.0,77070.0
20091121:0400,14.0,77.65,0.0,-0.0,0.0,286.8,0.76,206.0,77080.0
20091121:0500,13.13,80.35,0.0,-0.0,0.0,291.25,0.34,195.0,77080.0
20091121:0600,12.58,83.25,0.0,-0.0,0.0,299.55,0.28,142.0,77060.0
20091121:0700,12.92,83.25,0.0,-0.0,0.0,305.75,0.9,8.0,77020.0
20091121:0800,12.14,86.2,0.0,-0.0,0.0,287.75,0.76,2.0,77000.0
20091121:0900,11.85,89.3,0.0,-0.0,0.0,315.65,0.9,360.0,76980.0
20091121:1000,11.57,89.3,0.0,-0.0,0.0,315.85,0.97,356.0,76960.0
20091121:1100,11.94,92.55,0.0,-0.0,0.0,338.5,0.83,1.0,76970.0
20091121:1200,11.89,92.55,0.0,-0.0,0.0,339.25,0.83,7.0,77000.0
20091121:1300,11.9,92.55,29.45,0.0,29.45,336.55,0.62,6.0,77050.0
20091121:1400,12.49,89.4,127.85,159.35,87.75,342.15,0.48,6.0,77080.0
20091121:1500,13.49,83.35,334.95,333.87,185.15,349.7,0.14,277.0,77120.0
20091121:1600,15.05,77.8,509.8,602.44,143.85,332.65,1.17,195.0,77140.0
20091121:1700,17.06,63.2,499.1,304.05,281.05,311.55,1.93,195.0,77110.0
20091121:1800,18.11,54.95,683.7,545.37,263.6,329.2,2.28,204.0,77050.0
20091121:1900,19.59,49.55,659.1,632.13,176.6,335.95,2.83,207.0,76960.0
20091121:2000,19.85,47.8,572.3,614.64,144.15,318.55,3.24,208.0,76890.0
20091121:2100,19.66,46.1,395.35,471.95,124.1,315.25,2.83,213.0,76850.0
20091121:2200,19.08,47.65,213.4,371.37,62.6,316.4,2.62,219.0,76870.0
20091121:2300,18.09,49.3,47.5,124.48,22.35,307.5,2.0,219.0,76900.0
20091122:0000,16.48,62.95,0.0,-0.0,0.0,304.2,1.66,199.0,76930.0
20091122:0100,14.09,74.95,0.0,-0.0,0.0,287.1,1.45,201.0,77000.0
20091122:0200,13.11,74.75,0.0,-0.0,0.0,284.3,1.31,201.0,77070.0
20091122:0300,13.31,72.1,0.0,-0.0,0.0,279.45,1.1,198.0,77110.0
20091122:0400,12.82,74.7,0.0,-0.0,0.0,275.2,1.1,205.0,77140.0
20091122:0500,12.04,77.35,0.0,-0.0,0.0,275.0,1.17,210.0,77130.0
20091122:0600,11.4,80.1,0.0,-0.0,0.0,273.85,1.24,211.0,77120.0
20091122:0700,12.24,77.35,0.0,-0.0,0.0,273.25,1.17,203.0,77070.0
20091122:0800,11.28,80.1,0.0,-0.0,0.0,269.0,1.24,195.0,77050.0
20091122:0900,10.24,82.95,0.0,-0.0,0.0,267.05,1.38,190.0,77030.0
20091122:1000,9.5,85.95,0.0,-0.0,0.0,269.6,1.45,186.0,77000.0
20091122:1100,8.76,89.1,0.0,-0.0,0.0,265.5,1.52,185.0,76990.0
20091122:1200,8.34,92.4,0.0,-0.0,0.0,260.3,1.45,188.0,77030.0
20091122:1300,8.3,92.4,43.5,0.0,43.5,261.25,1.38,188.0,77070.0
20091122:1400,10.97,83.05,281.25,845.63,70.7,259.3,1.03,180.0,77120.0
20091122:1500,14.17,72.3,550.15,1020.91,94.95,271.7,1.45,198.0,77110.0
20091122:1600,16.58,58.7,698.9,964.56,115.7,271.7,1.52,206.0,77140.0
20091122:1700,18.02,51.15,777.1,877.7,150.05,278.1,1.66,215.0,77120.0
20091122:1800,19.15,47.65,768.15,789.68,161.85,295.7,1.72,220.0,77060.0
20091122:1900,19.67,44.45,707.75,764.66,125.8,305.4,1.93,231.0,76990.0
20091122:2000,19.65,44.45,571.7,597.94,156.3,294.95,2.0,233.0,76920.0
20091122:2100,19.71,44.45,395.25,473.94,123.55,321.05,2.14,229.0,76920.0
20091122:2200,19.34,45.95,174.95,265.42,67.45,320.5,2.14,220.0,76900.0
20091122:2300,18.19,49.3,50.85,143.74,21.9,319.1,1.79,208.0,76920.0
20091123:0000,16.48,60.75,0.0,-0.0,0.0,300.35,1.72,203.0,76980.0
20091123:0100,14.31,74.95,0.0,-0.0,0.0,292.35,1.72,197.0,77030.0
20091123:0200,12.51,83.25,0.0,-0.0,0.0,296.3,1.59,200.0,77100.0
20091123:0300,11.87,83.1,0.0,-0.0,0.0,280.6,1.38,204.0,77130.0
20091123:0400,11.65,83.1,0.0,-0.0,0.0,281.2,1.24,204.0,77180.0
20091123:0500,11.42,86.1,0.0,-0.0,0.0,287.2,1.17,202.0,77190.0
20091123:0600,11.04,83.05,0.0,-0.0,0.0,275.95,1.17,202.0,77180.0
20091123:0700,11.12,83.05,0.0,-0.0,0.0,287.0,1.17,198.0,77150.0
20091123:0800,10.12,82.95,0.0,-0.0,0.0,265.7,1.38,196.0,77130.0
20091123:0900,9.89,85.95,0.0,-0.0,0.0,266.5,1.38,200.0,77110.0
20091123:1000,9.96,82.95,0.0,-0.0,0.0,256.6,1.31,200.0,77110.0
20091123:1100,10.14,82.95,0.0,-0.0,0.0,253.3,1.24,200.0,77120.0
20091123:1200,9.84,85.95,0.0,-0.0,0.0,253.3,1.17,196.0,77150.0
20091123:1300,9.39,85.95,41.25,0.0,41.25,255.05,1.17,193.0,77190.0
20091123:1400,10.97,80.1,339.25,1106.66,66.65,261.05,0.83,184.0,77210.0
20091123:1500,14.59,64.95,551.8,1063.19,80.7,258.95,1.31,199.0,77220.0
20091123:1600,16.44,56.5,720.75,1049.36,89.2,266.3,1.38,207.0,77250.0
20091123:1700,17.87,49.15,696.3,747.6,164.2,273.45,1.72,212.0,77230.0
20091123:1800,18.7,47.55,794.85,843.26,149.5,296.85,2.14,216.0,77170.0
20091123:1900,19.54,44.45,741.55,799.73,134.65,301.5,2.28,216.0,77060.0
20091123:2000,19.64,44.45,576.85,671.88,111.3,291.85,2.69,220.0,77000.0
20091123:2100,19.26,45.95,425.75,577.3,95.6,302.1,2.69,220.0,76950.0
20091123:2200,18.66,47.55,237.95,433.85,62.65,299.95,2.55,218.0,76950.0
20091123:2300,17.84,49.15,54.35,162.8,21.65,292.8,2.07,206.0,76980.0
20091124:0000,16.29,60.75,0.0,-0.0,0.0,293.2,1.66,195.0,77010.0
20091124:0100,13.94,74.85,0.0,-0.0,0.0,278.6,1.72,193.0,77070.0
20091124:0200,12.06,80.2,0.0,-0.0,0.0,281.75,1.66,197.0,77130.0
20091124:0300,11.23,83.05,0.0,-0.0,0.0,269.2,1.59,199.0,77170.0
20091124:0400,11.24,80.1,0.0,-0.0,0.0,264.95,1.38,198.0,77180.0
20091124:0500,11.57,77.3,0.0,-0.0,0.0,262.6,1.17,204.0,77180.0
20091124:0600,10.82,80.05,0.0,-0.0,0.0,258.75,0.97,205.0,77170.0
20091124:0700,10.23,82.95,0.0,-0.0,0.0,255.25,0.9,199.0,77150.0
20091124:0800,9.68,85.95,0.0,-0.0,0.0,255.25,0.83,190.0,77140.0
20091124:0900,9.17,89.1,0.0,-0.0,0.0,252.15,0.83,188.0,77110.0
20091124:1000,8.77,89.1,0.0,-0.0,0.0,250.2,0.9,187.0,77100.0
20091124:1100,8.49,89.1,0.0,-0.0,0.0,252.55,0.83,183.0,77120.0
20091124:1200,8.2,89.05,0.0,-0.0,0.0,250.05,0.83,183.0,77150.0
20091124:1300,7.93,85.85,34.95,0.0,34.95,248.1,0.76,181.0,77190.0
20091124:1400,9.69,85.95,335.15,1105.57,65.75,251.4,0.55,168.0,77200.0
20091124:1500,14.23,62.55,551.05,1067.58,80.95,255.25,0.83,201.0,77190.0
20091124:1600,16.25,52.5,722.4,1056.93,89.2,263.4,1.1,210.0,77200.0
20091124:1700,17.64,45.7,753.85,872.86,134.9,271.5,1.38,220.0,77160.0
20091124:1800,18.29,42.6,748.85,804.44,135.15,288.35,1.79,230.0,77090.0
20091124:1900,18.78,41.05,740.05,815.37,123.0,287.75,1.72,248.0,77010.0
20091124:2000,19.06,39.65,586.7,630.01,151.25,292.4,2.07,252.0,76920.0
20091124:2100,18.98,39.55,402.75,477.77,130.15,304.05,2.0,251.0,76880.0
20091124:2200,18.73,39.55,248.4,463.33,61.6,292.8,1.52,241.0,76870.0
20091124:2300,18.06,41.05,54.05,167.93,20.4,286.2,0.9,223.0,76880.0
20091125:0000,16.15,67.65,0.0,-0.0,0.0,289.3,0.62,220.0,76940.0
20091125:0100,15.72,54.35,0.0,-0.0,0.0,279.35,0.55,244.0,77010.0
20091125:0200,14.93,58.25,0.0,-0.0,0.0,275.75,0.41,336.0,77100.0
20091125:0300,14.06,60.3,0.0,-0.0,0.0,280.8,0.97,5.0,77140.0
20091125:0400,11.83,71.85,0.0,-0.0,0.0,274.8,1.31,359.0,77200.0
20091125:0500,9.58,82.9,0.0,-0.0,0.0,269.0,1.59,3.0,77230.0
20091125:0600,9.19,85.95,0.0,-0.0,0.0,265.1,1.45,358.0,77230.0
20091125:0700,8.38,92.4,0.0,-0.0,0.0,294.35,1.59,354.0,77180.0
20091125:0800,7.9,95.8,0.0,-0.0,0.0,293.0,1.66,350.0,77180.0
20091125:0900,7.53,95.8,0.0,-0.0,0.0,292.8,1.79,351.0,77170.0
20091125:1000,7.23,99.4,0.0,-0.0,0.0,285.45,1.86,356.0,77160.0
20091125:1100,7.87,99.4,0.0,-0.0,0.0,319.7,1.79,0.0,77160.0
20091125:1200,8.53,99.4,0.0,-0.0,0.0,331.3,1.72,6.0,77190.0
20091125:1300,8.6,99.4,35.15,0.0,35.15,316.2,1.38,360.0,77220.0
20091125:1400,9.71,99.4,205.35,382.73,113.1,321.85,1.72,0.0,77270.0
20091125:1500,11.1,89.3,399.0,644.3,117.05,326.3,1.66,1.0,77310.0
20091125:1600,13.33,74.75,558.85,694.12,144.9,300.35,1.59,11.0,77310.0
20091125:1700,15.19,60.5,638.5,691.78,149.75,291.65,1.24,32.0,77270.0
20091125:1800,16.65,52.65,715.15,643.96,225.4,313.5,0.97,40.0,77190.0
20091125:1900,17.55,49.15,576.2,410.48,266.4,305.4,0.41,325.0,77090.0
20091125:2000,17.45,49.05,518.95,547.85,141.2,329.0,0.41,358.0,77010.0
20091125:2100,17.72,47.4,284.1,233.61,151.1,316.8,0.55,33.0,76970.0
20091125:2200,17.16,49.05,149.9,177.08,78.65,332.1,1.31,55.0,76960.0
20091125:2300,16.36,54.45,47.55,128.25,21.9,323.2,1.66,64.0,76980.0
20091126:0000,15.11,60.5,0.0,-0.0,0.0,292.8,1.31,63.0,77020.0
20091126:0100,13.09,74.75,0.0,-0.0,0.0,298.7,1.1,38.0,77080.0
20091126:0200,12.24,77.35,0.0,-0.0,0.0,316.2,1.17,25.0,77150.0
20091126:0300,11.31,83.05,0.0,-0.0,0.0,311.2,1.38,18.0,77200.0
20091126:0400,10.4,86.0,0.0,-0.0,0.0,306.55,1.45,10.0,77230.0
20091126:0500,9.77,89.15,0.0,-0.0,0.0,311.55,1.52,357.0,77250.0
20091126:0600,9.11,92.45,0.0,-0.0,0.0,307.5,1.52,351.0,77270.0
20091126:0700,8.37,95.8,0.0,-0.0,0.0,296.65,1.59,355.0,77230.0
20091126:0800,8.35,99.4,0.0,-0.0,0.0,312.55,1.52,356.0,77230.0
20091126:0900,8.77,95.85,0.0,-0.0,0.0,327.45,1.59,356.0,77210.0
20091126:1000,9.14,95.85,0.0,-0.0,0.0,337.7,1.52,2.0,77200.0
20091126:1100,9.27,95.85,0.0,-0.0,0.0,339.85,1.59,6.0,77220.0
20091126:1200,9.3,92.45,0.0,-0.0,0.0,338.5,1.52,5.0,77260.0
20091126:1300,9.14,92.45,35.0,0.0,35.0,328.2,1.59,6.0,77310.0
20091126:1400,9.53,89.15,144.4,217.28,92.6,313.5,1.79,8.0,77350.0
20091126:1500,10.5,80.05,399.35,625.1,127.5,324.55,1.93,14.0,77410.0
20091126:1600,12.5,69.45,588.9,682.1,183.95,306.35,1.86,22.0,77420.0
20091126:1700,14.48,58.25,594.6,479.85,256.8,299.95,1.66,27.0,77390.0
20091126:1800,15.62,52.4,515.7,335.65,261.2,310.4,1.45,23.0,77340.0
20091126:1900,16.27,50.6,472.0,345.53,211.9,323.2,1.1,19.0,77250.0
20091126:2000,16.6,47.15,429.35,401.13,153.4,316.6,0.97,15.0,77180.0
20091126:2100,16.71,47.15,311.85,322.35,128.7,317.55,0.97,34.0,77140.0
20091126:2200,16.27,48.8,124.95,121.0,76.35,302.1,1.1,49.0,77120.0
20091126:2300,15.43,54.25,24.45,47.57,14.95,316.6,1.31,47.0,77140.0
20091127:0000,14.28,62.55,0.0,-0.0,0.0,330.35,1.52,30.0,77190.0
20091127:0100,12.87,69.45,0.0,-0.0,0.0,322.7,1.72,21.0,77270.0
20091127:0200,11.88,77.3,0.0,-0.0,0.0,329.4,1.72,17.0,77350.0
20091127:0300,11.32,80.1,0.0,-0.0,0.0,336.15,1.86,17.0,77410.0
20091127:0400,10.62,86.05,0.0,-0.0,0.0,335.55,1.72,15.0,77440.0
20091127:0500,10.14,89.2,0.0,-0.0,0.0,331.5,1.72,10.0,77440.0
20091127:0600,9.77,89.15,0.0,-0.0,0.0,327.45,1.72,12.0,77430.0
20091127:0700,9.32,89.1,0.0,-0.0,0.0,308.65,1.45,13.0,77400.0
20091127:0800,8.77,92.4,0.0,-0.0,0.0,309.45,1.38,15.0,77380.0
20091127:0900,8.42,92.4,0.0,-0.0,0.0,311.95,1.31,14.0,77350.0
20091127:1000,7.93,95.8,0.0,-0.0,0.0,298.2,1.17,16.0,77320.0
20091127:1100,7.69,92.4,0.0,-0.0,0.0,299.55,1.17,12.0,77320.0
20091127:1200,7.16,92.35,0.0,-0.0,0.0,292.4,1.31,0.0,77340.0
20091127:1300,6.83,95.8,45.5,0.0,45.5,297.05,1.45,359.0,77390.0
20091127:1400,8.26,92.4,254.8,570.01,120.4,302.85,1.45,4.0,77430.0
20091127:1500,10.09,82.95,470.65,735.66,152.7,300.55,1.31,6.0,77450.0
20091127:1600,12.29,71.95,642.1,843.69,143.45,282.75,0.69,9.0,77440.0
20091127:1700,14.52,60.4,728.35,802.53,165.4,284.85,0.14,355.0,77410.0
20091127:1800,16.25,54.45,619.15,534.28,215.25,296.3,0.48,216.0,77310.0
20091127:1900,17.3,49.05,470.65,251.78,281.6,308.85,0.76,244.0,77230.0
20091127:2000,17.59,45.7,413.05,185.02,286.05,336.75,1.03,228.0,77150.0
20091127:2100,17.82,45.7,307.3,286.46,144.85,337.3,1.38,224.0,77080.0
20091127:2200,17.51,45.7,159.3,163.46,93.75,329.95,1.31,210.0,77060.0
20091127:2300,16.72,48.9,42.15,103.78,21.45,328.05,1.1,219.0,77060.0
20091128:0000,15.46,58.35,0.0,-0.0,0.0,317.95,0.9,242.0,77120.0
20091128:0100,14.38,62.55,0.0,-0.0,0.0,289.8,0.76,265.0,77160.0
20091128:0200,13.07,67.05,0.0,-0.0,0.0,293.6,1.03,319.0,77240.0
20091128:0300,11.49,74.55,0.0,-0.0,0.0,287.95,1.38,339.0,77270.0
20091128:0400,11.03,77.2,0.0,-0.0,0.0,299.75,1.24,346.0,77270.0
20091128:0500,11.1,77.2,0.0,-0.0,0.0,276.15,1.03,345.0,77270.0
20091128:0600,10.57,80.05,0.0,-0.0,0.0,270.95,0.76,335.0,77250.0
20091128:0700,9.77,85.95,0.0,-0.0,0.0,265.9,0.41,332.0,77250.0
20091128:0800,9.37,89.1,0.0,-0.0,0.0,256.05,0.14,155.0,77220.0
20091128:0900,8.82,92.4,0.0,-0.0,0.0,255.85,0.69,166.0,77190.0
20091128:1000,8.52,92.4,0.0,-0.0,0.0,258.55,0.9,172.0,77180.0
20091128:1100,8.31,92.4,0.0,-0.0,0.0,259.3,0.9,174.0,77160.0
20091128:1200,8.11,89.05,0.0,-0.0,0.0,254.3,0.76,175.0,77210.0
20091128:1300,7.95,89.05,31.45,0.0,31.45,256.05,0.62,170.0,77230.0
20091128:1400,9.39,89.1,319.0,1071.46,69.15,264.55,0.48,153.0,77250.0
20091128:1500,13.38,64.65,513.7,991.66,87.75,266.85,0.55,201.0,77260.0
20091128:1600,15.35,56.25,698.15,1031.49,91.2,275.2,0.76,224.0,77260.0
20091128:1700,17.09,49.05,719.2,753.63,192.4,274.6,1.1,233.0,77230.0
20091128:1800,18.36,45.85,557.15,436.0,228.5,313.5,1.72,236.0,77140.0
20091128:1900,18.57,44.2,539.35,410.54,231.85,325.5,1.79,235.0,77070.0
20091128:2000,18.77,45.85,449.4,439.86,148.1,332.5,2.07,228.0,76990.0
20091128:2100,18.68,45.85,311.55,340.22,118.95,320.1,2.28,227.0,76930.0
20091128:2200,18.07,45.85,181.55,272.44,72.45,308.1,1.93,213.0,76910.0
20091128:2300,17.39,50.85,51.85,142.99,23.35,314.5,1.66,203.0,76930.0
20091129:0000,15.95,58.45,0.0,-0.0,0.0,301.1,1.45,192.0,76990.0
20091129:0100,13.49,72.2,0.0,-0.0,0.0,281.9,1.38,191.0,77050.0
20091129:0200,12.67,72.05,0.0,-0.0,0.0,275.6,1.31,195.0,77110.0
20091129:0300,12.49,69.45,0.0,-0.0,0.0,270.35,1.24,199.0,77160.0
20091129:0400,11.78,74.55,0.0,-0.0,0.0,265.3,1.17,200.0,77190.0
20091129:0500,10.73,80.05,0.0,-0.0,0.0,262.4,1.17,199.0,77220.0
20091129:0600,9.76,85.95,0.0,-0.0,0.0,260.5,1.17,194.0,77210.0
20091129:0700,9.38,85.95,0.0,-0.0,0.0,258.95,1.38,195.0,77200.0
20091129:0800,9.2,85.95,0.0,-0.0,0.0,260.3,1.31,192.0,77140.0
20091129:0900,9.24,85.95,0.0,-0.0,0.0,257.6,1.17,187.0,77130.0
20091129:1000,8.8,85.9,0.0,-0.0,0.0,256.6,1.03,180.0,77100.0
20091129:1100,8.43,85.9,0.0,-0.0,0.0,258.15,0.9,173.0,77110.0
20091129:1200,8.12,85.85,0.0,-0.0,0.0,257.0,0.76,169.0,77130.0
20091129:1300,7.92,85.85,32.7,0.0,32.7,256.6,0.69,162.0,77150.0
20091129:1400,9.72,82.9,316.7,1085.4,66.4,258.75,0.48,157.0,77170.0
20091129:1500,14.52,62.65,529.65,1047.2,82.6,263.95,0.69,206.0,77170.0
20091129:1600,16.91,52.65,695.2,1027.48,93.25,272.65,1.1,210.0,77180.0
20091129:1700,18.42,47.55,797.15,998.39,101.65,280.05,1.45,204.0,77150.0
20091129:1800,19.62,44.45,826.55,963.99,101.95,285.45,1.93,208.0,77080.0
20091129:1900,20.47,43.0,596.8,586.89,158.25,289.5,2.76,210.0,77000.0
20091129:2000,20.15,43.0,464.4,334.68,235.6,316.05,3.03,213.0,76940.0
20091129:2100,19.53,44.45,360.45,420.21,122.95,343.3,2.9,213.0,76920.0
20091129:2200,18.96,47.55,238.8,438.65,63.35,321.45,2.55,210.0,76920.0
20091129:2300,18.18,47.55,51.05,153.08,20.55,310.4,1.93,200.0,76960.0
20091130:0000,16.62,56.6,0.0,-0.0,0.0,302.1,1.59,182.0,76990.0
20091130:0100,14.06,72.3,0.0,-0.0,0.0,285.35,1.45,183.0,77050.0
20091130:0200,13.01,69.55,0.0,-0.0,0.0,276.15,1.31,189.0,77120.0
20091130:0300,12.83,72.05,0.0,-0.0,0.0,276.15,1.17,189.0,77170.0
20091130:0400,12.34,74.6,0.0,-0.0,0.0,281.0,0.97,194.0,77190.0
20091130:0500,11.39,77.2,0.0,-0.0,0.0,276.95,0.9,185.0,77210.0
20091130:0600,10.67,80.05,0.0,-0.0,0.0,273.85,0.9,176.0,77190.0
20091130:0700,10.05,82.95,0.0,-0.0,0.0,263.4,0.9,177.0,77190.0
20091130:0800,9.55,85.95,0.0,-0.0,0.0,261.65,0.97,178.0,77160.0
20091130:0900,9.18,85.95,0.0,-0.0,0.0,260.5,0.97,178.0,77120.0
20091130:1000,8.9,89.1,0.0,-0.0,0.0,259.3,0.97,178.0,77110.0
20091130:1100,8.69,85.9,0.0,-0.0,0.0,258.35,0.9,172.0,77120.0
20091130:1200,8.52,85.9,0.0,-0.0,0.0,257.6,0.83,164.0,77140.0
20091130:1300,8.42,82.75,30.9,0.0,30.9,256.8,0.83,160.0,77160.0
20091130:1400,10.04,82.95,318.1,1115.14,63.8,258.15,0.69,154.0,77200.0
20091130:1500,14.99,69.9,532.2,1069.41,78.45,263.75,0.9,182.0,77210.0
20091130:1600,22.18,32.66,699.05,1048.82,87.25,285.89,2.06,198.0,77200.0
20091130:1700,21.44,36.26,800.5,1015.72,95.3,289.04,2.04,197.0,77170.0
20091130:1800,20.71,39.85,770.2,803.95,167.55,292.2,2.02,201.0,77080.0
20091130:1900,19.97,43.44,699.5,765.61,128.7,295.36,2.0,208.0,76990.0
20091130:2000,19.23,47.03,520.9,556.16,141.4,298.52,1.98,205.0,76920.0
20091130:2100,18.49,50.62,393.55,511.73,104.75,301.68,1.96,203.0,76880.0
20091130:2200,17.75,54.21,257.7,477.37,66.95,304.83,1.94,198.0,76890.0
20091130:2300,17.01,57.8,57.45,173.89,22.8,307.99,1.92,186.0,76890.0
20221201:0000,16.27,61.4,0.0,-0.0,0.0,311.15,1.9,31.0,76930.0
20221201:0100,15.53,64.99,0.0,-0.0,0.0,314.31,1.88,18.0,77020.0
20221201:0200,14.79,68.58,0.0,-0.0,0.0,317.47,1.86,9.0,77150.0
20221201:0300,14.05,72.17,0.0,-0.0,0.0,320.63,1.84,12.0,77250.0
20221201:0400,13.31,75.76,0.0,-0.0,0.0,323.78,1.82,13.0,77340.0
20221201:0500,12.58,79.35,0.0,-0.0,0.0,326.94,1.8,15.0,77370.0
20221201:0600,11.84,82.94,0.0,-0.0,0.0,330.1,1.78,18.0,77360.0
20221201:0700,11.1,86.54,0.0,-0.0,0.0,333.26,1.76,13.0,77270.0
20221201:0800,10.54,95.9,0.0,-0.0,0.0,300.95,1.1,11.0,77250.0
20221201:0900,9.69,99.4,0.0,-0.0,0.0,297.25,1.38,3.0,77220.0
20221201:1000,9.65,99.4,0.0,-0.0,0.0,320.85,1.52,2.0,77220.0
20221201:1100,9.4,99.4,0.0,-0.0,0.0,311.4,1.52,4.0,77240.0
20221201:1200,9.87,99.4,0.0,-0.0,0.0,334.8,1.45,8.0,77280.0
20221201:1300,10.13,99.4,31.95,0.0,31.95,335.2,1.66,13.0,77330.0
20221201:1400,10.85,99.4,215.0,469.62,109.1,341.0,1.93,20.0,77370.0
20221201:1500,11.52,89.3,460.55,799.92,123.2,309.45,1.86,22.0,77420.0
20221201:1600,13.59,72.2,667.25,911.78,137.65,290.5,1.72,25.0,77410.0
20221201:1700,15.55,60.65,804.75,1029.34,92.45,281.95,1.59,21.0,77380.0
20221201:1800,17.32,52.75,826.35,959.24,109.2,280.2,1.45,21.0,77310.0
20221201:1900,18.73,51.15,724.05,769.56,151.55,292.05,0.97,45.0,77210.0
20221201:2000,19.34,45.95,586.2,686.1,118.85,296.65,0.55,113.0,77140.0
20221201:2100,19.79,44.45,422.35,554.28,109.95,307.1,0.83,187.0,77070.0
20221201:2200,19.71,46.1,173.3,300.17,53.45,308.65,1.52,187.0,77050.0
20221201:2300,17.53,60.95,40.45,102.58,20.0,309.85,1.1,180.0,77110.0
20221202:0000,15.28,75.1,0.0,-0.0,0.0,304.2,1.03,179.0,77160.0
20221202:0100,14.09,83.4,0.0,-0.0,0.0,320.95,0.69,188.0,77230.0
20221202:0200,14.51,72.4,0.0,-0.0,0.0,324.95,0.34,197.0,77300.0
20221202:0300,13.91,77.65,0.0,-0.0,0.0,298.8,0.14,284.0,77350.0
20221202:0400,13.21,83.25,0.0,-0.0,0.0,289.9,0.76,326.0,77400.0
20221202:0500,12.21,86.2,0.0,-0.0,0.0,288.35,1.03,344.0,77400.0
20221202:0600,11.41,89.3,0.0,-0.0,0.0,288.35,1.1,353.0,77360.0
20221202:0700,10.01,92.5,0.0,-0.0,0.0,286.05,1.17,2.0,77320.0
20221202:0800,9.19,95.85,0.0,-0.0,0.0,269.0,1.24,357.0,77300.0
20221202:0900,9.12,95.85,0.0,-0.0,0.0,275.4,1.1,359.0,77280.0
20221202:1000,8.63,99.4,0.0,-0.0,0.0,286.4,0.83,14.0,77280.0
20221202:1100,8.56,99.4,0.0,-0.0,0.0,299.55,0.76,20.0,77290.0
20221202:1200,8.21,100.0,0.0,-0.0,0.0,298.2,0.62,37.0,77320.0
20221202:1300,7.51,99.4,39.35,0.0,39.35,306.35,0.48,48.0,77380.0
20221202:1400,8.38,95.85,263.2,666.18,114.65,312.35,0.41,47.0,77410.0
20221202:1500,11.7,92.55,529.2,1074.56,78.75,307.3,0.55,17.0,77410.0
20221202:1600,14.84,72.4,698.4,1061.54,84.4,267.05,0.62,19.0,77410.0
20221202:1700,17.01,60.95,807.45,1043.31,87.8,273.45,0.07,38.0,77350.0
20221202:1800,18.53,54.95,828.9,961.04,112.25,279.25,0.21,168.0,77300.0
20221202:1900,19.9,46.1,773.25,908.89,98.5,284.3,0.34,135.0,77170.0
20221202:2000,20.38,43.0,578.85,670.61,122.8,295.5,0.48,143.0,77120.0
20221202:2100,20.27,41.45,480.0,714.99,77.5,309.05,0.55,161.0,77070.0
20221202:2200,20.12,41.45,245.45,413.61,80.4,300.35,0.76,187.0,77060.0
20221202:2300,19.19,45.95,59.7,180.68,23.65,306.95,1.03,214.0,77100.0
20221203:0000,17.3,58.8,0.0,-0.0,0.0,297.45,1.03,219.0,77170.0
20221203:0100,15.52,67.55,0.0,-0.0,0.0,293.1,0.76,246.0,77260.0
20221203:0200,14.83,69.85,0.0,-0.0,0.0,279.25,0.97,296.0,77370.0
20221203:0300,13.56,74.85,0.0,-0.0,0.0,287.55,1.1,310.0,77430.0
20221203:0400,13.22,80.35,0.0,-0.0,0.0,298.6,1.1,328.0,77490.0
20221203:0500,12.05,83.15,0.0,-0.0,0.0,291.85,1.17,346.0,77500.0
20221203:0600,10.93,89.3,0.0,-0.0,0.0,295.7,1.24,358.0,77500.0
20221203:0700,11.49,86.15,0.0,-0.0,0.0,289.9,1.1,355.0,77460.0
20221203:0800,10.27,92.5,0.0,-0.0,0.0,272.1,1.17,355.0,77440.0
20221203:0900,9.19,95.85,0.0,-0.0,0.0,278.1,1.31,357.0,77430.0
20221203:1000,8.7,99.4,0.0,-0.0,0.0,275.6,1.31,1.0,77410.0
20221203:1100,8.2,99.4,0.0,-0.0,0.0,262.2,1.38,5.0,77440.0
20221203:1200,7.75,100.0,0.0,-0.0,0.0,261.05,1.31,11.0,77480.0
20221203:1300,7.18,100.0,35.75,0.0,35.75,273.05,1.24,19.0,77540.0
20221203:1400,8.4,99.4,278.5,801.37,101.8,282.15,1.1,13.0,77580.0
20221203:1500,12.0,89.35,450.8,745.98,139.95,303.25,1.45,5.0,77600.0
20221203:1600,13.97,77.65,696.25,1037.98,98.35,299.95,1.59,7.0,77580.0
20221203:1700,16.31,65.25,799.3,1022.46,96.25,281.0,1.66,11.0,77530.0
20221203:1800,18.07,54.85,819.85,947.23,115.25,276.15,1.66,14.0,77460.0
20221203:1900,20.2,46.2,694.3,749.81,138.75,287.95,1.66,48.0,77340.0
20221203:2000,20.76,43.1,603.75,731.71,106.9,301.7,1.72,58.0,77260.0
20221203:2100,20.61,43.1,412.6,548.58,104.1,299.75,2.21,75.0,77190.0
20221203:2200,18.69,53.0,192.65,280.65,80.7,315.85,1.79,96.0,77240.0
20221203:2300,18.05,54.85,48.35,121.39,24.1,324.35,0.76,104.0,77270.0
20221204:0000,16.84,63.05,0.0,-0.0,0.0,307.1,1.38,57.0,77340.0
20221204:0100,14.76,69.85,0.0,-0.0,0.0,308.8,1.79,40.0,77400.0
20221204:0200,13.09,77.5,0.0,-0.0,0.0,305.2,1.86,29.0,77510.0
20221204:0300,11.8,86.15,0.0,-0.0,0.0,304.6,1.86,22.0,77560.0
20221204:0400,10.72,92.5,0.0,-0.0,0.0,299.75,1.86,19.0,77600.0
20221204:0500,10.5,92.5,0.0,-0.0,0.0,318.15,1.79,17.0,77610.0
20221204:0600,10.2,99.4,0.0,-0.0,0.0,324.75,1.66,18.0,77580.0
20221204:0700,11.11,95.9,0.0,-0.0,0.0,346.2,1.93,10.0,77500.0
20221204:0800,10.79,99.4,0.0,-0.0,0.0,327.85,1.86,8.0,77490.0
20221204:0900,10.44,95.9,0.0,-0.0,0.0,325.3,1.93,7.0,77490.0
20221204:1000,9.8,99.4,0.0,-0.0,0.0,311.4,1.86,7.0,77480.0
20221204:1100,9.2,99.4,0.0,-0.0,0.0,309.25,1.86,7.0,77460.0
20221204:1200,8.51,99.4,0.0,-0.0,0.0,295.5,1.86,6.0,77500.0
20221204:1300,7.53,99.4,0.0,-0.0,0.0,270.35,1.93,5.0,77550.0
20221204:1400,7.9,95.8,302.45,1052.13,73.05,276.55,2.07,6.0,77600.0
20221204:1500,9.61,79.9,522.3,1056.51,84.65,244.8,2.21,5.0,77620.0
20221204:1600,11.8,66.75,688.6,1035.67,94.45,252.95,2.07,8.0,77620.0
20221204:1700,13.79,55.9,814.95,1060.17,88.2,253.5,1.93,11.0,77550.0
20221204:1800,15.63,48.65,831.15,998.55,90.15,256.4,1.72,15.0,77460.0
20221204:1900,17.51,42.3,799.05,963.44,86.55,271.5,1.45,17.0,77320.0
20221204:2000,18.38,40.9,687.95,894.96,81.1,271.9,1.24,7.0,77240.0
20221204:2100,18.8,39.55,494.45,752.67,71.55,277.3,0.9,2.0,77140.0
20221204:2200,18.91,38.1,258.3,474.63,69.0,278.1,0.62,14.0,77110.0
20221204:2300,18.35,37.95,58.7,178.16,23.05,282.95,0.76,316.0,77110.0
20221205:0000,16.64,60.85,0.0,-0.0,0.0,278.5,0.76,296.0,77140.0
20221205:0100,15.16,56.25,0.0,-0.0,0.0,285.15,1.17,341.0,77180.0
20221205:0200,13.18,62.3,0.0,-0.0,0.0,286.4,1.52,357.0,77260.0
20221205:0300,12.36,66.85,0.0,-0.0,0.0,267.25,1.38,351.0,77320.0
20221205:0400,11.59,69.25,0.0,-0.0,0.0,260.85,1.31,338.0,77350.0
20221205:0500,11.09,71.75,0.0,-0.0,0.0,257.6,1.03,336.0,77340.0
20221205:0600,10.29,77.1,0.0,-0.0,0.0,256.6,0.62,346.0,77290.0
20221205:0700,10.69,77.15,0.0,-0.0,0.0,256.05,0.34,30.0,77240.0
20221205:0800,10.06,77.1,0.0,-0.0,0.0,253.1,0.21,49.0,77200.0
20221205:0900,9.58,79.9,0.0,-0.0,0.0,256.2,0.14,45.0,77170.0
20221205:1000,9.05,82.85,0.0,-0.0,0.0,252.95,0.07,97.0,77140.0
20221205:1100,8.51,82.75,0.0,-0.0,0.0,250.8,0.14,138.0,77160.0
20221205:1200,8.19,85.85,0.0,-0.0,0.0,249.45,0.34,148.0,77190.0
20221205:1300,8.02,82.7,0.0,-0.0,0.0,248.3,0.41,150.0,77220.0
20221205:1400,9.37,79.9,310.2,1152.59,61.7,250.4,0.41,143.0,77240.0
20221205:1500,13.79,69.65,526.65,1092.82,76.6,256.4,0.34,184.0,77230.0
20221205:1600,16.42,54.45,696.8,1070.87,84.9,264.15,0.48,245.0,77220.0
20221205:1700,17.94,50.85,800.65,1038.17,91.1,272.1,0.55,266.0,77190.0
20221205:1800,19.09,45.95,838.3,1012.61,88.6,278.1,0.48,266.0,77130.0
20221205:1900,20.12,41.45,796.45,957.49,89.6,279.05,0.69,256.0,77010.0
20221205:2000,20.61,38.65,667.2,846.49,93.95,281.4,0.55,232.0,76900.0
20221205:2100,20.73,38.65,491.95,710.65,92.95,292.2,0.41,194.0,76840.0
20221205:2200,20.32,39.95,261.85,505.69,60.15,284.1,0.48,204.0,76840.0
20221205:2300,19.28,42.7,59.65,183.79,22.8,283.5,0.83,203.0,76870.0
20221206:0000,17.42,54.7,0.0,-0.0,0.0,285.05,0.97,201.0,76920.0
20221206:0100,15.73,62.85,0.0,-0.0,0.0,279.55,0.97,203.0,76980.0
20221206:0200,15.59,60.65,0.0,-0.0,0.0,278.1,0.69,189.0,77060.0
20221206:0300,14.64,64.95,0.0,-0.0,0.0,273.25,0.55,175.0,77110.0
20221206:0400,13.66,69.65,0.0,-0.0,0.0,266.85,0.48,202.0,77140.0
20221206:0500,12.86,74.7,0.0,-0.0,0.0,265.3,0.55,219.0,77160.0
20221206:0600,12.28,77.35,0.0,-0.0,0.0,264.35,0.55,215.0,77150.0
20221206:0700,11.95,74.6,0.0,-0.0,0.0,257.95,0.55,202.0,77130.0
20221206:0800,11.24,80.1,0.0,-0.0,0.0,257.75,0.62,188.0,77120.0
20221206:0900,10.47,80.05,0.0,-0.0,0.0,257.4,0.62,180.0,77080.0
20221206:1000,9.75,85.95,0.0,-0.0,0.0,256.6,0.62,174.0,77080.0
20221206:1100,9.11,89.1,0.0,-0.0,0.0,255.85,0.62,172.0,77080.0
20221206:1200,8.61,89.1,0.0,-0.0,0.0,254.85,0.55,168.0,77110.0
20221206:1300,8.33,92.4,0.0,-0.0,0.0,253.7,0.48,164.0,77170.0
20221206:1400,9.79,89.15,304.6,1141.19,61.3,254.5,0.34,155.0,77210.0
20221206:1500,14.34,80.45,519.8,1082.91,76.4,259.7,0.21,236.0,77200.0
20221206:1600,17.26,52.75,689.55,1062.76,84.65,268.4,0.76,319.0,77220.0
20221206:1700,18.88,42.6,778.3,981.89,109.15,275.2,0.97,342.0,77210.0
20221206:1800,19.95,36.95,815.55,961.37,105.35,283.3,0.97,360.0,77140.0
20221206:1900,20.78,35.9,771.25,905.76,103.7,282.75,0.34,340.0,77050.0
20221206:2000,21.12,34.7,627.7,740.8,126.6,289.1,0.21,48.0,76980.0
20221206:2100,21.04,34.7,483.15,706.16,86.9,291.45,0.34,102.0,76920.0
20221206:2200,20.79,34.55,265.55,487.14,71.2,288.35,0.34,130.0,76930.0
20221206:2300,19.75,38.35,59.85,180.11,23.65,293.95,0.69,170.0,76950.0
20221207:0000,17.86,54.7,0.0,-0.0,0.0,288.55,0.97,187.0,77010.0
20221207:0100,15.31,62.75,0.0,-0.0,0.0,276.05,1.17,195.0,77070.0
20221207:0200,15.45,58.45,0.0,-0.0,0.0,270.55,1.1,193.0,77170.0
20221207:0300,14.6,64.95,0.0,-0.0,0.0,268.05,0.97,190.0,77230.0
20221207:0400,13.66,72.2,0.0,-0.0,0.0,265.3,0.9,196.0,77290.0
20221207:0500,12.93,74.75,0.0,-0.0,0.0,264.75,0.83,196.0,77300.0
20221207:0600,12.3,80.2,0.0,-0.0,0.0,265.3,0.69,187.0,77320.0
20221207:0700,12.2,77.35,0.0,-0.0,0.0,263.2,0.83,182.0,77290.0
20221207:0800,11.51,80.15,0.0,-0.0,0.0,261.25,0.97,175.0,77270.0
20221207:0900,10.85,83.0,0.0,-0.0,0.0,259.5,0.97,173.0,77260.0
20221207:1000,10.25,86.0,0.0,-0.0,0.0,257.6,0.76,166.0,77250.0
20221207:1100,9.65,85.95,0.0,-0.0,0.0,255.25,0.62,149.0,77270.0
20221207:1200,9.13,89.1,0.0,-0.0,0.0,252.55,0.62,134.0,77300.0
20221207:1300,8.66,89.1,0.0,-0.0,0.0,249.85,0.55,119.0,77360.0
20221207:1400,9.57,85.95,310.9,1185.07,61.05,248.5,0.48,96.0,77410.0
20221207:1500,14.09,74.95,532.45,1122.13,75.6,251.2,0.69,42.0,77410.0
20221207:1600,17.16,52.75,707.55,1100.07,83.8,257.4,1.1,17.0,77430.0
20221207:1700,18.72,47.55,823.55,1087.65,84.4,262.6,1.17,13.0,77400.0
20221207:1800,19.94,39.8,856.9,1042.49,88.4,266.1,1.1,16.0,77340.0
20221207:1900,21.04,31.05,828.05,1014.25,81.7,264.75,1.17,22.0,77230.0
20221207:2000,21.63,26.8,707.55,927.5,80.8,263.2,0.9,37.0,77150.0
20221207:2100,21.81,23.9,524.7,805.15,73.1,261.65,0.34,72.0,77100.0
20221207:2200,21.5,22.15,300.5,611.92,56.25,261.05,0.41,174.0,77080.0
20221207:2300,20.15,29.6,71.1,240.15,22.7,260.85,0.76,184.0,77110.0
20221208:0000,17.27,60.95,0.0,-0.0,0.0,255.65,0.83,188.0,77190.0
20221208:0100,16.19,45.3,0.0,-0.0,0.0,252.25,0.48,207.0,77270.0
20221208:0200,14.89,54.1,0.0,-0.0,0.0,251.95,0.41,259.0,77370.0
20221208:0300,13.63,60.2,0.0,-0.0,0.0,253.5,0.62,313.0,77430.0
20221208:0400,12.31,66.85,0.0,-0.0,0.0,247.9,0.83,346.0,77490.0
20221208:0500,11.26,71.75,0.0,-0.0,0.0,245.75,0.9,0.0,77500.0
20221208:0600,10.57,71.7,0.0,-0.0,0.0,242.65,0.83,7.0,77500.0
20221208:0700,10.04,66.45,0.0,-0.0,0.0,238.4,0.97,15.0,77420.0
20221208:0800,9.48,68.9,0.0,-0.0,0.0,236.85,1.03,12.0,77410.0
20221208:0900,8.84,74.05,0.0,-0.0,0.0,235.7,1.1,8.0,77380.0
20221208:1000,8.04,76.8,0.0,-0.0,0.0,233.6,1.17,9.0,77360.0
20221208:1100,7.51,79.65,0.0,-0.0,0.0,238.05,1.17,10.0,77360.0
20221208:1200,7.06,79.55,0.0,-0.0,0.0,231.25,1.17,8.0,77390.0
20221208:1300,6.71,82.6,0.0,-0.0,0.0,235.3,1.1,10.0,77420.0
20221208:1400,7.41,82.65,298.55,1035.98,82.55,244.4,0.9,14.0,77450.0
20221208:1500,10.34,77.1,514.9,1014.46,104.2,271.9,0.9,11.0,77470.0
20221208:1600,13.27,60.05,715.0,1118.43,83.2,249.65,0.97,22.0,77450.0
20221208:1700,15.72,45.15,822.55,1085.36,86.95,245.0,0.76,27.0,77420.0
20221208:1800,17.41,37.8,858.45,1048.12,87.35,251.75,0.41,26.0,77330.0
20221208:1900,18.63,32.75,817.45,1007.27,77.3,254.85,0.07,154.0,77220.0
20221208:2000,19.37,31.65,697.8,913.97,80.75,258.95,0.34,187.0,77140.0
20221208:2100,19.68,30.65,517.95,796.63,71.25,263.95,0.62,176.0,77070.0
20221208:2200,19.47,29.5,292.9,590.23,57.15,264.95,0.76,171.0,77060.0
20221208:2300,18.5,32.75,68.45,228.27,22.3,265.3,0.97,182.0,77070.0
20221209:0000,16.56,43.8,0.0,-0.0,0.0,263.95,1.24,194.0,77120.0
20221209:0100,14.12,56.0,0.0,-0.0,0.0,260.6,1.24,196.0,77170.0
20221209:0200,14.52,48.4,0.0,-0.0,0.0,261.05,0.69,199.0,77230.0
20221209:0300,13.62,53.85,0.0,-0.0,0.0,255.25,0.48,246.0,77290.0
20221209:0400,12.67,59.95,0.0,-0.0,0.0,261.85,0.55,284.0,77340.0
20221209:0500,11.63,66.75,0.0,-0.0,0.0,262.6,0.69,332.0,77350.0
20221209:0600,10.7,71.7,0.0,-0.0,0.0,256.8,0.97,352.0,77330.0
20221209:0700,9.98,74.3,0.0,-0.0,0.0,253.9,0.97,6.0,77260.0
20221209:0800,9.22,79.85,0.0,-0.0,0.0,254.65,1.1,359.0,77250.0
20221209:0900,8.47,82.75,0.0,-0.0,0.0,254.5,1.24,358.0,77210.0
20221209:1000,7.67,89.0,0.0,-0.0,0.0,261.65,1.24,358.0,77210.0
20221209:1100,6.94,92.35,0.0,-0.0,0.0,257.95,1.31,3.0,77190.0
20221209:1200,7.02,95.8,0.0,-0.0,0.0,273.05,1.17,7.0,77200.0
20221209:1300,7.45,95.8,0.0,-0.0,0.0,283.1,0.97,14.0,77240.0
20221209:1400,7.75,99.4,249.15,745.39,95.45,270.35,0.76,10.0,77270.0
20221209:1500,9.91,89.2,508.05,1028.64,93.9,286.6,0.76,357.0,77300.0
20221209:1600,13.04,72.1,695.15,1086.88,83.4,257.2,0.69,10.0,77300.0
20221209:1700,15.47,56.35,806.1,1062.83,87.65,257.95,0.28,16.0,77260.0
20221209:1800,17.2,49.05,836.05,1017.98,88.55,265.1,0.07,270.0,77180.0
20221209:1900,18.6,42.6,795.7,961.12,90.4,269.0,0.14,162.0,77060.0
20221209:2000,19.25,39.65,674.4,866.88,89.6,273.65,0.34,134.0,76960.0
20221209:2100,19.37,36.8,457.7,649.41,93.6,278.65,0.34,145.0,76910.0
20221209:2200,19.07,35.45,249.15,465.02,63.25,290.3,0.69,159.0,76900.0
20221209:2300,18.05,39.4,53.05,136.28,25.4,294.55,0.97,200.0,76920.0
20221210:0000,16.05,50.6,0.0,-0.0,0.0,290.85,1.17,211.0,76970.0
20221210:0100,14.19,64.85,0.0,-0.0,0.0,281.7,0.9,208.0,77030.0
20221210:0200,14.16,62.55,0.0,-0.0,0.0,286.8,0.48,242.0,77100.0
20221210:0300,13.15,69.55,0.0,-0.0,0.0,275.95,0.76,288.0,77160.0
20221210:0400,12.03,74.6,0.0,-0.0,0.0,272.1,0.97,292.0,77210.0
20221210:0500,11.2,80.1,0.0,-0.0,0.0,267.05,0.76,297.0,77230.0
20221210:0600,10.7,83.0,0.0,-0.0,0.0,271.5,0.48,305.0,77220.0
20221210:0700,10.93,77.2,0.0,-0.0,0.0,253.9,0.34,201.0,77180.0
20221210:0800,10.41,77.15,0.0,-0.0,0.0,251.6,0.48,181.0,77170.0
20221210:0900,9.81,79.9,0.0,-0.0,0.0,254.3,0.62,167.0,77130.0
20221210:1000,9.2,82.85,0.0,-0.0,0.0,256.4,0.55,164.0,77130.0
20221210:1100,8.59,82.75,0.0,-0.0,0.0,249.85,0.48,169.0,77130.0
20221210:1200,8.28,82.7,0.0,-0.0,0.0,248.5,0.48,176.0,77140.0
20221210:1300,8.07,82.7,0.0,-0.0,0.0,254.1,0.48,175.0,77180.0
20221210:1400,8.68,82.75,294.45,1152.77,59.35,250.4,0.34,155.0,77230.0
20221210:1500,12.95,69.55,495.7,1025.13,85.2,262.8,0.28,227.0,77240.0
20221210:1600,15.46,48.65,680.85,1058.82,87.0,262.8,0.62,279.0,77240.0
20221210:1700,17.17,45.55,729.6,853.94,153.8,269.95,1.1,320.0,77210.0
20221210:1800,18.39,42.45,690.45,677.51,193.85,287.2,1.72,341.0,77140.0
20221210:1900,19.0,35.45,567.95,511.37,193.15,305.4,1.72,338.0,77040.0
20221210:2000,19.19,32.9,515.65,488.15,186.55,307.5,1.45,335.0,76930.0
20221210:2100,19.47,30.65,281.5,228.83,153.2,301.5,1.1,335.0,76900.0
20221210:2200,18.93,31.55,173.65,219.14,85.95,316.8,0.55,314.0,76880.0
20221210:2300,17.96,35.2,53.6,159.57,21.1,312.55,0.48,222.0,76900.0
20221211:0000,16.1,56.5,0.0,-0.0,0.0,303.25,0.62,206.0,76980.0
20221211:0100,15.21,50.35,0.0,-0.0,0.0,298.7,0.48,220.0,77060.0
20221211:0200,14.48,54.1,0.0,-0.0,0.0,307.5,0.14,214.0,77130.0
20221211:0300,13.72,60.2,0.0,-0.0,0.0,297.85,0.14,29.0,77180.0
20221211:0400,13.06,64.65,0.0,-0.0,0.0,291.45,0.34,23.0,77220.0
20221211:0500,12.39,69.35,0.0,-0.0,0.0,286.05,0.41,10.0,77240.0
20221211:0600,11.7,71.85,0.0,-0.0,0.0,277.1,0.28,351.0,77220.0
20221211:0700,11.4,71.85,0.0,-0.0,0.0,268.4,0.34,305.0,77180.0
20221211:0800,10.96,74.45,0.0,-0.0,0.0,272.85,0.34,217.0,77140.0
20221211:0900,10.32,79.95,0.0,-0.0,0.0,263.2,0.55,198.0,77140.0
20221211:1000,9.49,82.9,0.0,-0.0,0.0,255.45,0.62,190.0,77120.0
20221211:1100,8.68,85.9,0.0,-0.0,0.0,247.15,0.69,189.0,77130.0
20221211:1200,8.01,89.05,0.0,-0.0,0.0,243.85,0.76,189.0,77140.0
20221211:1300,7.49,89.0,0.0,-0.0,0.0,241.15,0.69,186.0,77180.0
20221211:1400,8.58,85.9,299.35,1190.48,59.2,240.55,0.62,170.0,77210.0
20221211:1500,12.83,77.45,519.0,1116.84,74.15,245.2,0.62,200.0,77180.0
20221211:1600,16.18,45.3,692.55,1090.82,82.85,252.75,0.62,256.0,77210.0
20221211:1700,17.9,35.05,802.65,1064.35,86.7,259.5,0.83,321.0,77170.0
20221211:1800,19.05,29.35,842.4,1036.44,84.0,263.4,1.31,341.0,77110.0
20221211:1900,19.81,29.5,809.85,993.47,82.5,268.05,1.52,331.0,77010.0
20221211:2000,20.31,25.4,682.7,906.84,71.65,269.2,1.72,339.0,76940.0
20221211:2100,20.43,22.65,496.05,723.45,90.35,271.1,1.59,347.0,76870.0
20221211:2200,20.2,20.9,279.4,533.92,65.45,278.5,1.31,358.0,76860.0
20221211:2300,19.4,23.25,65.5,191.18,26.4,269.2,0.9,349.0,76860.0
20221212:0000,17.5,42.3,0.0,-0.0,0.0,279.25,0.41,293.0,76920.0
20221212:0100,16.35,34.8,0.0,-0.0,0.0,273.55,0.62,318.0,76980.0
20221212:0200,14.94,38.7,0.0,-0.0,0.0,255.85,1.03,359.0,77080.0
20221212:0300,13.71,42.95,0.0,-0.0,0.0,254.85,1.1,9.0,77140.0
20221212:0400,12.66,47.85,0.0,-0.0,0.0,255.45,0.9,6.0,77200.0
20221212:0500,11.65,53.35,0.0,-0.0,0.0,250.4,0.55,13.0,77210.0
20221212:0600,10.82,57.3,0.0,-0.0,0.0,250.2,0.21,58.0,77200.0
20221212:0700,10.14,55.05,0.0,-0.0,0.0,257.95,0.28,84.0,77140.0
20221212:0800,9.7,59.25,0.0,-0.0,0.0,256.2,0.41,142.0,77130.0
20221212:0900,9.47,59.25,0.0,-0.0,0.0,252.55,0.69,167.0,77080.0
20221212:1000,9.09,63.8,0.0,-0.0,0.0,247.9,0.97,177.0,77080.0
20221212:1100,8.56,68.7,0.0,-0.0,0.0,245.6,1.03,182.0,77080.0
20221212:1200,8.2,73.95,0.0,-0.0,0.0,251.75,0.97,181.0,77110.0
20221212:1300,7.92,76.8,0.0,-0.0,0.0,251.4,0.9,183.0,77140.0
20221212:1400,8.78,79.75,294.95,1193.18,56.85,247.3,0.62,182.0,77160.0
20221212:1500,13.35,74.75,508.55,1089.25,76.95,260.5,0.69,204.0,77150.0
20221212:1600,16.6,48.9,681.3,1070.32,85.05,263.2,0.76,237.0,77160.0
20221212:1700,18.15,40.9,787.8,1037.3,91.65,269.4,0.76,257.0,77130.0
20221212:1800,19.17,36.8,801.6,944.73,111.4,275.2,0.83,256.0,77050.0
20221212:1900,19.72,35.6,764.4,902.5,104.3,287.6,0.9,247.0,76930.0
20221212:2000,20.33,35.75,544.65,439.45,248.65,291.85,1.17,237.0,76850.0
20221212:2100,20.21,37.1,280.8,166.14,187.6,324.55,1.17,220.0,76780.0
20221212:2200,19.43,41.15,187.6,254.05,85.65,342.55,1.45,211.0,76790.0
20221212:2300,18.4,47.4,41.4,88.1,23.3,311.95,1.45,203.0,76800.0
20221213:0000,16.68,56.6,0.0,-0.0,0.0,309.85,1.59,190.0,76860.0
20221213:0100,14.63,64.95,0.0,-0.0,0.0,306.25,1.72,188.0,76900.0
20221213:0200,12.4,77.45,0.0,-0.0,0.0,287.95,1.52,189.0,76940.0
20221213:0300,11.64,83.1,0.0,-0.0,0.0,287.75,1.24,193.0,77000.0
20221213:0400,12.07,80.2,0.0,-0.0,0.0,273.85,1.03,193.0,77000.0
20221213:0500,11.22,83.05,0.0,-0.0,0.0,267.05,0.97,194.0,77020.0
20221213:0600,10.31,89.2,0.0,-0.0,0.0,264.95,0.9,195.0,77000.0
20221213:0700,9.52,89.15,0.0,-0.0,0.0,269.4,0.83,192.0,76910.0
20221213:0800,8.27,95.8,0.0,-0.0,0.0,272.1,0.83,180.0,76920.0
20221213:0900,7.73,99.4,0.0,-0.0,0.0,271.5,0.9,175.0,76900.0
20221213:1000,7.26,99.4,0.0,-0.0,0.0,282.55,0.9,173.0,76890.0
20221213:1100,6.71,99.4,0.0,-0.0,0.0,286.6,0.97,174.0,76900.0
20221213:1200,7.28,99.4,0.0,-0.0,0.0,298.2,1.03,175.0,76890.0
20221213:1300,7.33,99.4,0.0,-0.0,0.0,303.85,1.03,174.0,76920.0
20221213:1400,8.46,95.85,248.35,775.76,95.2,295.3,0.9,177.0,76940.0
20221213:1500,13.29,77.5,488.2,986.0,99.5,291.45,1.24,192.0,76950.0
20221213:1600,15.74,62.85,668.5,1024.25,99.75,269.6,1.59,199.0,76960.0
20221213:1700,17.42,50.85,779.1,1008.22,103.95,273.65,1.79,202.0,76930.0
20221213:1800,18.72,45.85,819.2,975.53,107.55,288.55,2.0,206.0,76870.0
20221213:1900,19.49,42.85,737.35,831.92,129.4,285.65,2.07,209.0,76760.0
20221213:2000,19.89,41.3,633.75,736.87,137.55,295.3,2.34,214.0,76700.0
20221213:2100,19.83,41.3,402.9,511.72,115.7,300.95,2.41,212.0,76650.0
20221213:2200,19.0,44.3,207.0,285.96,92.05,315.05,2.41,210.0,76660.0
20221213:2300,17.74,50.85,60.9,162.26,27.4,310.05,2.28,207.0,76680.0
20221214:0000,16.02,58.6,0.0,-0.0,0.0,297.65,1.86,201.0,76750.0
20221214:0100,13.57,67.15,0.0,-0.0,0.0,277.05,1.59,193.0,76800.0
20221214:0200,11.3,83.05,0.0,-0.0,0.0,265.9,1.45,193.0,76850.0
20221214:0300,10.17,86.0,0.0,-0.0,0.0,261.85,1.38,193.0,76910.0
20221214:0400,9.91,82.95,0.0,-0.0,0.0,258.75,1.17,193.0,76960.0
20221214:0500,9.63,82.9,0.0,-0.0,0.0,255.05,1.1,193.0,76970.0
20221214:0600,9.09,82.85,0.0,-0.0,0.0,251.6,1.03,190.0,76950.0
20221214:0700,7.85,85.85,0.0,-0.0,0.0,248.85,1.24,190.0,76860.0
20221214:0800,6.94,85.75,0.0,-0.0,0.0,244.2,1.31,191.0,76830.0
20221214:0900,6.57,85.75,0.0,-0.0,0.0,240.75,1.31,192.0,76800.0
20221214:1000,6.44,82.6,0.0,-0.0,0.0,236.65,1.24,193.0,76790.0
20221214:1100,6.6,82.6,0.0,-0.0,0.0,234.35,1.17,194.0,76790.0
20221214:1200,6.16,82.55,0.0,-0.0,0.0,232.4,1.1,193.0,76830.0
20221214:1300,5.76,82.5,0.0,-0.0,0.0,230.3,1.03,191.0,76870.0
20221214:1400,6.95,79.55,297.2,1219.21,59.05,229.9,0.9,183.0,76910.0
20221214:1500,11.63,69.25,520.7,1139.56,73.7,233.95,1.1,194.0,76900.0
20221214:1600,15.17,43.4,697.45,1111.26,82.3,240.75,1.45,204.0,76920.0
20221214:1700,17.06,36.4,809.1,1081.63,86.3,248.1,1.45,206.0,76870.0
20221214:1800,18.54,34.05,848.0,1043.7,87.65,255.65,1.45,209.0,76810.0
20221214:1900,19.55,30.65,805.9,985.5,86.25,260.5,1.59,210.0,76710.0
20221214:2000,20.09,31.95,690.15,903.6,81.75,267.45,1.59,215.0,76610.0
20221214:2100,20.21,33.15,512.75,781.96,73.6,273.05,1.66,218.0,76590.0
20221214:2200,19.77,36.95,293.15,580.78,59.25,276.75,1.72,213.0,76620.0
20221214:2300,18.44,44.05,73.35,235.87,24.4,276.55,1.72,205.0,76650.0
20221215:0000,16.05,54.45,0.0,-0.0,0.0,273.05,1.86,200.0,76730.0
20221215:0100,13.46,62.45,0.0,-0.0,0.0,267.55,1.79,198.0,76800.0
20221215:0200,11.21,80.1,0.0,-0.0,0.0,262.4,1.52,192.0,76880.0
20221215:0300,10.09,82.95,0.0,-0.0,0.0,259.1,1.31,186.0,76930.0
20221215:0400,10.75,80.05,0.0,-0.0,0.0,257.2,1.03,187.0,76970.0
20221215:0500,10.13,82.95,0.0,-0.0,0.0,254.85,0.97,186.0,77000.0
20221215:0600,9.38,82.9,0.0,-0.0,0.0,254.1,0.97,185.0,77010.0
20221215:0700,8.61,85.9,0.0,-0.0,0.0,250.4,0.9,192.0,76960.0
20221215:0800,8.03,85.85,0.0,-0.0,0.0,248.5,0.83,186.0,76940.0
20221215:0900,7.61,85.8,0.0,-0.0,0.0,246.55,0.83,184.0,76940.0
20221215:1000,7.23,85.75,0.0,-0.0,0.0,245.2,0.9,180.0,76920.0
20221215:1100,6.95,85.75,0.0,-0.0,0.0,244.05,0.97,180.0,76920.0
20221215:1200,6.64,82.6,0.0,-0.0,0.0,243.05,1.1,177.0,76950.0
20221215:1300,6.25,82.55,0.0,-0.0,0.0,242.1,1.17,175.0,76990.0
20221215:1400,7.2,82.6,288.0,1183.44,59.25,243.05,0.9,175.0,77030.0
20221215:1500,11.81,66.75,506.95,1107.83,74.5,247.15,1.17,180.0,77040.0
20221215:1600,14.79,52.15,680.9,1083.06,83.15,254.5,1.52,185.0,77050.0
20221215:1700,16.58,47.15,790.85,1053.4,88.3,262.8,1.79,188.0,77010.0
20221215:1800,17.99,44.05,834.4,1025.0,88.6,270.35,2.0,192.0,76950.0
20221215:1900,19.23,39.65,794.9,969.88,87.1,271.9,2.14,196.0,76830.0
20221215:2000,19.69,38.35,682.65,891.27,82.55,276.35,2.21,199.0,76750.0
20221215:2100,19.66,38.35,508.8,773.07,74.3,280.2,2.34,203.0,76720.0
20221215:2200,19.12,39.65,291.55,574.01,59.9,281.0,2.41,203.0,76710.0
20221215:2300,17.92,45.55,73.4,232.66,24.85,279.25,2.28,200.0,76740.0
20221216:0000,15.66,52.4,0.0,-0.0,0.0,275.2,2.0,195.0,76780.0
20221216:0100,13.6,60.2,0.0,-0.0,0.0,269.1,1.79,195.0,76860.0
20221216:0200,11.32,77.2,0.0,-0.0,0.0,264.95,1.45,189.0,76910.0
20221216:0300,10.34,77.1,0.0,-0.0,0.0,261.65,1.31,184.0,76960.0
20221216:0400,9.93,74.3,0.0,-0.0,0.0,258.75,1.24,185.0,76990.0
20221216:0500,9.43,74.2,0.0,-0.0,0.0,256.4,1.17,190.0,77020.0
20221216:0600,8.88,74.15,0.0,-0.0,0.0,254.5,1.17,189.0,77020.0
20221216:0700,8.84,74.05,0.0,-0.0,0.0,249.85,1.17,194.0,76960.0
20221216:0800,8.54,71.35,0.0,-0.0,0.0,247.5,1.17,190.0,76960.0
20221216:0900,8.2,73.95,0.0,-0.0,0.0,245.6,1.1,189.0,76950.0
20221216:1000,7.74,73.9,0.0,-0.0,0.0,243.45,1.03,188.0,76940.0
20221216:1100,7.3,73.8,0.0,-0.0,0.0,241.5,0.97,187.0,76950.0
20221216:1200,6.86,73.8,0.0,-0.0,0.0,239.95,1.03,185.0,76970.0
20221216:1300,6.5,71.05,0.0,-0.0,0.0,237.85,1.1,185.0,77020.0
20221216:1400,7.15,73.8,289.0,1200.2,59.4,238.2,1.03,183.0,77050.0
20221216:1500,11.81,66.75,509.85,1118.49,75.3,242.3,1.1,188.0,77070.0
20221216:1600,15.35,41.75,682.3,1072.55,92.05,250.05,1.38,195.0,77070.0
20221216:1700,17.17,36.4,788.05,1014.79,112.5,257.75,1.45,194.0,77030.0
20221216:1800,18.63,32.75,825.5,968.3,121.75,266.5,1.52,195.0,76950.0
20221216:1900,19.78,30.65,779.0,887.22,131.85,272.1,1.45,202.0,76830.0
20221216:2000,20.29,30.75,664.5,798.26,126.95,277.1,1.52,205.0,76760.0
20221216:2100,20.27,33.15,483.9,638.23,124.85,281.4,1.59,204.0,76690.0
20221216:2200,19.71,35.6,286.25,531.93,71.1,284.3,1.72,199.0,76690.0
20221216:2300,18.46,41.05,73.55,220.6,27.25,281.75,1.79,194.0,76730.0
20221217:0000,16.06,50.6,0.0,-0.0,0.0,275.95,1.93,192.0,76760.0
20221217:0100,14.09,62.55,0.0,-0.0,0.0,270.45,1.79,198.0,76830.0
20221217:0200,11.73,77.3,0.0,-0.0,0.0,266.65,1.52,196.0,76880.0
20221217:0300,10.86,80.05,0.0,-0.0,0.0,263.6,1.31,191.0,76940.0
20221217:0400,10.57,80.05,0.0,-0.0,0.0,261.25,1.17,191.0,76990.0
20221217:0500,10.39,77.15,0.0,-0.0,0.0,259.1,1.1,191.0,77010.0
20221217:0600,10.09,79.95,0.0,-0.0,0.0,257.75,1.1,187.0,76990.0
20221217:0700,9.33,79.85,0.0,-0.0,0.0,255.25,1.24,184.0,76910.0
20221217:0800,8.68,79.75,0.0,-0.0,0.0,252.95,1.31,187.0,76890.0
20221217:0900,8.36,76.85,0.0,-0.0,0.0,250.8,1.31,188.0,76840.0
20221217:1000,8.11,76.8,0.0,-0.0,0.0,253.3,1.31,188.0,76850.0
20221217:1100,7.84,76.7,0.0,-0.0,0.0,257.4,1.24,184.0,76860.0
20221217:1200,7.33,76.65,0.0,-0.0,0.0,256.05,1.31,182.0,76890.0
20221217:1300,7.33,73.8,0.0,-0.0,0.0,257.2,1.24,180.0,76960.0
20221217:1400,8.48,68.7,261.65,898.02,91.6,253.9,1.03,178.0,76990.0
20221217:1500,12.18,69.35,491.85,1017.1,98.5,252.95,0.9,186.0,77010.0
20221217:1600,16.2,36.15,673.5,1037.05,104.35,252.35,1.1,200.0,77040.0
20221217:1700,17.77,33.75,786.9,1023.48,106.75,259.9,1.1,200.0,77010.0
20221217:1800,18.98,30.5,830.4,1000.55,103.95,265.1,1.17,202.0,76940.0
20221217:1900,20.05,28.5,795.2,962.45,93.45,268.2,0.97,202.0,76860.0
20221217:2000,20.58,27.6,683.8,884.16,88.25,272.85,1.31,202.0,76760.0
20221217:2100,20.63,28.65,475.7,618.54,127.35,277.1,1.52,201.0,76710.0
20221217:2200,19.94,33.05,273.65,454.42,89.4,283.9,1.72,200.0,76720.0
20221217:2300,18.65,38.1,74.6,227.07,26.65,283.7,1.72,199.0,76760.0
20221218:0000,16.37,50.6,0.0,-0.0,0.0,274.4,1.93,200.0,76820.0
20221218:0100,14.24,60.3,0.0,-0.0,0.0,270.45,1.59,202.0,76890.0
20221218:0200,13.29,64.65,0.0,-0.0,0.0,266.5,0.97,204.0,76960.0
20221218:0300,13.29,64.65,0.0,-0.0,0.0,268.8,0.9,202.0,77030.0
20221218:0400,12.42,69.45,0.0,-0.0,0.0,269.95,0.83,206.0,77100.0
20221218:0500,11.75,74.55,0.0,-0.0,0.0,269.4,0.76,190.0,77100.0
20221218:0600,11.34,74.45,0.0,-0.0,0.0,266.5,0.83,172.0,77080.0
20221218:0700,11.02,71.75,0.0,-0.0,0.0,262.8,0.34,201.0,77030.0
20221218:0800,10.45,71.7,0.0,-0.0,0.0,257.6,0.62,186.0,77030.0
20221218:0900,9.91,74.3,0.0,-0.0,0.0,253.7,0.9,178.0,77010.0
20221218:1000,9.47,74.2,0.0,-0.0,0.0,257.6,1.1,177.0,77000.0
20221218:1100,8.54,76.85,0.0,-0.0,0.0,254.85,1.24,172.0,77010.0
20221218:1200,7.13,79.55,0.0,-0.0,0.0,254.3,1.38,173.0,77040.0
20221218:1300,6.73,79.55,0.0,-0.0,0.0,250.05,1.31,171.0,77100.0
20221218:1400,8.02,76.8,254.9,849.73,95.6,249.05,1.03,169.0,77140.0
20221218:1500,11.52,74.55,466.3,862.42,134.25,255.05,0.9,176.0,77150.0
20221218:1600,15.14,45.05,650.55,938.29,136.95,263.2,1.1,194.0,77150.0
20221218:1700,16.87,39.15,769.9,953.84,137.05,266.65,1.24,198.0,77120.0
20221218:1800,18.26,36.55,813.95,938.1,133.45,269.75,1.31,199.0,77050.0
20221218:1900,19.13,34.15,785.4,927.92,109.0,272.5,1.38,202.0,76930.0
20221218:2000,19.76,33.05,675.8,851.53,102.0,275.6,1.72,202.0,76870.0
20221218:2100,19.82,34.3,499.45,726.84,89.6,280.2,1.79,203.0,76810.0
20221218:2200,19.44,36.8,241.6,363.45,93.85,286.6,2.0,204.0,76830.0
20221218:2300,18.16,40.9,71.35,196.69,29.55,299.0,1.86,201.0,76860.0
20221219:0000,15.98,50.6,0.0,-0.0,0.0,278.85,1.93,198.0,76930.0
20221219:0100,14.1,60.3,0.0,-0.0,0.0,273.95,1.79,196.0,77010.0
20221219:0200,12.0,71.95,0.0,-0.0,0.0,270.55,1.45,194.0,77090.0
20221219:0300,11.76,71.85,0.0,-0.0,0.0,267.85,1.17,189.0,77150.0
20221219:0400,12.02,69.35,0.0,-0.0,0.0,269.75,0.97,190.0,77220.0
20221219:0500,11.3,74.45,0.0,-0.0,0.0,270.75,0.9,198.0,77210.0
20221219:0600,10.73,77.15,0.0,-0.0,0.0,272.65,0.9,198.0,77210.0
20221219:0700,11.31,77.2,0.0,-0.0,0.0,281.0,0.69,205.0,77130.0
20221219:0800,10.82,77.15,0.0,-0.0,0.0,277.3,0.76,193.0,77120.0
20221219:0900,10.3,79.95,0.0,-0.0,0.0,272.65,0.83,190.0,77090.0
20221219:1000,9.76,82.9,0.0,-0.0,0.0,270.55,0.97,183.0,77100.0
20221219:1100,9.07,82.85,0.0,-0.0,0.0,256.8,0.97,180.0,77120.0
20221219:1200,8.48,82.75,0.0,-0.0,0.0,257.6,0.9,178.0,77160.0
20221219:1300,8.02,82.7,0.0,-0.0,0.0,253.3,0.76,172.0,77240.0
20221219:1400,8.46,82.75,267.5,1048.3,72.9,254.3,0.62,162.0,77290.0
20221219:1500,12.47,77.45,488.8,1051.86,85.55,253.5,0.62,188.0,77320.0
20221219:1600,15.88,52.4,668.5,1060.96,89.2,260.85,0.69,216.0,77340.0
20221219:1700,17.56,43.9,781.6,1036.7,94.8,267.05,0.69,229.0,77290.0
20221219:1800,18.86,39.55,822.65,991.73,103.8,272.85,0.69,238.0,77230.0
20221219:1900,19.81,38.35,791.2,962.42,89.75,275.0,0.41,285.0,77100.0
20221219:2000,20.47,35.75,683.6,890.46,83.25,277.9,0.55,258.0,77010.0
20221219:2100,20.69,34.55,486.0,682.18,100.8,280.8,0.83,242.0,76950.0
20221219:2200,20.41,35.75,277.4,515.99,67.05,282.95,1.03,232.0,76950.0
20221219:2300,19.33,39.65,72.7,223.91,24.8,287.75,1.03,216.0,76980.0
20221220:0000,17.32,49.05,0.0,-0.0,0.0,283.3,0.97,202.0,77050.0
20221220:0100,14.95,62.75,0.0,-0.0,0.0,282.05,1.17,200.0,77130.0
20221220:0200,15.0,56.25,0.0,-0.0,0.0,271.9,0.97,193.0,77200.0
20221220:0300,14.34,60.3,0.0,-0.0,0.0,275.6,0.55,186.0,77250.0
20221220:0400,13.5,62.45,0.0,-0.0,0.0,268.2,0.14,217.0,77280.0
20221220:0500,12.61,66.95,0.0,-0.0,0.0,262.05,0.07,41.0,77290.0
20221220:0600,11.73,71.85,0.0,-0.0,0.0,260.85,0.28,54.0,77280.0
20221220:0700,11.6,66.75,0.0,-0.0,0.0,256.05,0.28,81.0,77230.0
20221220:0800,10.9,66.65,0.0,-0.0,0.0,255.05,0.21,92.0,77230.0
20221220:0900,10.42,69.1,0.0,-0.0,0.0,254.3,0.21,71.0,77220.0
20221220:1000,10.17,71.6,0.0,-0.0,0.0,252.35,0.28,39.0,77220.0
20221220:1100,9.96,69.0,0.0,-0.0,0.0,251.0,0.55,19.0,77240.0
20221220:1200,9.63,71.5,0.0,-0.0,0.0,251.0,0.76,16.0,77260.0
20221220:1300,9.36,74.15,0.0,-0.0,0.0,251.0,1.03,10.0,77320.0
20221220:1400,9.69,74.2,273.4,1184.38,55.65,251.95,1.1,8.0,77370.0
20221220:1500,12.49,66.95,494.1,1109.92,70.35,263.0,1.38,1.0,77410.0
20221220:1600,15.07,56.25,665.15,1067.23,83.8,267.65,1.45,5.0,77420.0
20221220:1700,16.83,50.75,775.15,1034.12,91.0,269.95,1.38,5.0,77390.0
20221220:1800,18.31,47.4,814.6,986.37,100.1,276.55,1.17,5.0,77320.0
20221220:1900,19.79,39.8,759.5,876.06,121.0,281.2,1.1,5.0,77180.0
20221220:2000,20.59,34.55,594.55,689.77,129.2,291.05,0.9,8.0,77100.0
20221220:2100,20.76,33.3,364.75,380.0,149.85,304.2,0.76,355.0,77040.0
20221220:2200,20.44,33.15,168.3,202.63,85.45,326.85,0.62,354.0,77020.0
20221220:2300,19.42,36.8,57.45,133.7,28.65,316.05,0.28,316.0,77040.0
20221221:0000,17.92,47.3,0.0,-0.0,0.0,309.45,0.76,346.0,77080.0
20221221:0100,15.39,54.25,0.0,-0.0,0.0,306.25,2.14,1.0,77180.0
20221221:0200,13.47,64.75,0.0,-0.0,0.0,310.4,2.07,356.0,77260.0
20221221:0300,11.64,77.3,0.0,-0.0,0.0,291.05,2.0,350.0,77350.0
20221221:0400,10.38,86.05,0.0,-0.0,0.0,295.7,1.93,348.0,77410.0
20221221:0500,10.52,89.25,0.0,-0.0,0.0,334.6,1.79,351.0,77400.0
20221221:0600,10.2,92.5,0.0,-0.0,0.0,332.5,1.72,352.0,77370.0
20221221:0700,9.89,89.2,0.0,-0.0,0.0,326.85,1.38,350.0,77270.0
20221221:0800,9.08,95.85,0.0,-0.0,0.0,305.4,1.24,350.0,77230.0
20221221:0900,8.28,99.4,0.0,-0.0,0.0,297.65,1.17,346.0,77190.0
20221221:1000,7.73,99.4,0.0,-0.0,0.0,287.6,1.17,346.0,77170.0
20221221:1100,7.67,99.4,0.0,-0.0,0.0,293.0,1.03,347.0,77180.0
20221221:1200,8.14,99.4,0.0,-0.0,0.0,311.2,0.55,353.0,77190.0
20221221:1300,7.84,99.4,0.0,-0.0,0.0,309.45,0.34,48.0,77240.0
20221221:1400,7.91,99.4,202.25,397.25,129.9,322.8,0.34,103.0,77280.0
20221221:1500,10.02,89.2,441.05,784.71,142.65,306.75,0.48,142.0,77320.0
20221221:1600,13.45,72.2,662.25,1059.86,86.2,279.45,0.55,196.0,77310.0
20221221:1700,15.95,58.6,711.45,868.93,137.3,270.15,1.03,203.0,77230.0
20221221:1800,17.7,50.85,715.45,736.89,181.95,297.45,1.24,204.0,77170.0
20221221:1900,18.74,42.6,683.3,703.25,170.7,304.4,1.66,210.0,77040.0
20221221:2000,19.26,41.15,570.4,600.43,165.0,311.55,1.93,217.0,76970.0
20221221:2100,19.21,41.15,368.15,333.47,179.25,322.8,2.0,214.0,76910.0
20221221:2200,18.74,42.6,151.0,113.25,104.55,326.3,2.07,213.0,76910.0
20221221:2300,17.59,47.3,53.95,118.92,28.15,336.55,1.86,208.0,76930.0
20221222:0000,16.19,54.45,0.0,0.0,0.0,319.1,1.72,199.0,76980.0
20221222:0100,14.73,64.95,0.0,-0.0,0.0,300.45,1.72,198.0,77040.0
20221222:0200,13.26,74.75,0.0,-0.0,0.0,305.75,1.38,198.0,77100.0
20221222:0300,12.28,80.2,0.0,-0.0,0.0,293.75,1.17,200.0,77160.0
20221222:0400,12.35,80.2,0.0,-0.0,0.0,284.65,0.97,200.0,77190.0
20221222:0500,11.8,83.1,0.0,-0.0,0.0,287.75,0.9,198.0,77200.0
20221222:0600,11.29,83.05,0.0,-0.0,0.0,290.5,0.9,190.0,77200.0
20221222:0700,10.65,86.05,0.0,-0.0,0.0,286.2,0.9,192.0,77140.0
20221222:0800,10.19,89.2,0.0,-0.0,0.0,280.05,0.83,189.0,77130.0
20221222:0900,10.2,86.0,0.0,-0.0,0.0,301.3,0.76,182.0,77100.0
20221222:1000,9.82,89.15,0.0,-0.0,0.0,279.25,0.69,185.0,77090.0
20221222:1100,9.97,86.0,0.0,-0.0,0.0,298.6,0.55,181.0,77090.0
20221222:1200,9.96,86.0,0.0,-0.0,0.0,294.35,0.55,175.0,77110.0
20221222:1300,9.7,85.95,0.0,-0.0,0.0,282.95,0.41,173.0,77150.0
20221222:1400,10.16,86.0,263.55,1122.99,60.9,270.35,0.34,160.0,77190.0
20221222:1500,13.53,77.6,477.45,1050.78,79.4,261.25,0.28,226.0,77220.0
20221222:1600,15.92,60.65,658.55,1055.16,86.25,265.5,0.55,336.0,77220.0
20221222:1700,17.63,50.85,657.15,774.15,146.2,274.2,0.76,345.0,77210.0
20221222:1800,18.57,45.85,808.5,964.43,110.55,310.4,0.9,340.0,77130.0
20221222:1900,19.82,41.3,719.65,809.59,129.4,290.1,0.83,347.0,76990.0
20221222:2000,20.18,37.1,601.6,716.19,117.6,290.5,0.97,338.0,76920.0
20221222:2100,20.39,35.75,425.35,534.99,121.75,304.2,0.9,319.0,76860.0
20221222:2200,20.13,34.45,253.2,453.55,66.55,309.25,0.76,322.0,76870.0
20221222:2300,19.45,35.45,56.75,145.04,25.05,302.1,0.48,297.0,76880.0
20221223:0000,17.91,45.55,0.0,0.0,0.0,304.4,0.55,243.0,76940.0
20221223:0100,16.71,47.15,0.0,-0.0,0.0,291.55,0.48,254.0,77020.0
20221223:0200,15.95,50.6,0.0,-0.0,0.0,293.95,0.07,51.0,77100.0
20221223:0300,15.26,54.25,0.0,-0.0,0.0,307.1,0.62,60.0,77190.0
20221223:0400,14.51,58.25,0.0,-0.0,0.0,297.85,0.83,43.0,77230.0
20221223:0500,13.84,62.45,0.0,-0.0,0.0,297.25,0.9,36.0,77270.0
20221223:0600,13.27,64.65,0.0,-0.0,0.0,295.5,0.9,30.0,77260.0
20221223:0700,12.16,74.6,0.0,-0.0,0.0,289.1,0.97,8.0,77210.0
20221223:0800,11.63,77.3,0.0,-0.0,0.0,296.5,0.97,10.0,77200.0
20221223:0900,11.03,80.1,0.0,-0.0,0.0,305.0,1.1,8.0,77200.0
20221223:1000,10.55,83.0,0.0,-0.0,0.0,298.05,1.17,6.0,77180.0
20221223:1100,9.61,85.95,0.0,-0.0,0.0,299.0,1.31,4.0,77190.0
20221223:1200,8.78,92.4,0.0,-0.0,0.0,305.4,1.59,5.0,77220.0
20221223:1300,8.22,95.8,0.0,-0.0,0.0,305.4,1.86,6.0,77290.0
20221223:1400,9.19,92.45,141.9,354.5,78.5,310.4,1.79,9.0,77340.0
20221223:1500,11.61,74.55,294.6,414.64,138.1,318.55,1.93,16.0,77410.0
20221223:1600,12.82,66.95,535.05,774.67,115.7,309.25,1.52,26.0,77410.0
20221223:1700,14.92,54.25,593.65,588.75,205.45,296.65,0.9,62.0,77380.0
20221223:1800,16.44,48.9,491.3,319.91,259.85,314.3,0.76,128.0,77280.0
20221223:1900,17.45,50.85,436.95,257.7,249.0,345.45,0.62,189.0,77160.0
20221223:2000,17.92,50.85,416.1,297.49,214.85,345.05,0.97,198.0,77090.0
20221223:2100,17.93,50.85,325.45,335.3,134.8,337.1,1.1,199.0,77030.0
20221223:2200,17.36,52.75,173.75,211.03,86.6,322.4,1.52,201.0,77050.0
20221223:2300,16.43,56.6,42.3,92.86,21.85,308.3,1.59,212.0,77070.0
20221224:0000,15.31,65.05,0.0,0.0,0.0,321.85,1.45,213.0,77100.0
20221224:0100,14.2,69.75,0.0,-0.0,0.0,318.25,1.17,215.0,77180.0
20221224:0200,13.39,74.75,0.0,-0.0,0.0,288.75,0.62,211.0,77230.0
20221224:0300,12.77,77.45,0.0,-0.0,0.0,288.55,0.34,277.0,77290.0
20221224:0400,11.91,80.2,0.0,-0.0,0.0,302.65,0.9,322.0,77320.0
20221224:0500,11.42,83.1,0.0,-0.0,0.0,287.75,0.83,341.0,77340.0
20221224:0600,10.77,86.05,0.0,-0.0,0.0,284.85,0.62,350.0,77330.0
20221224:0700,10.32,89.2,0.0,-0.0,0.0,270.35,0.41,198.0,77270.0
20221224:0800,9.95,86.0,0.0,-0.0,0.0,269.2,0.34,179.0,77270.0
20221224:0900,9.72,89.15,0.0,-0.0,0.0,270.75,0.48,157.0,77230.0
20221224:1000,9.46,89.15,0.0,-0.0,0.0,263.95,0.69,156.0,77240.0
20221224:1100,9.07,89.1,0.0,-0.0,0.0,254.85,0.76,153.0,77210.0
20221224:1200,8.67,92.4,0.0,-0.0,0.0,250.2,0.76,152.0,77240.0
20221224:1300,7.95,92.4,0.0,-0.0,0.0,262.6,0.76,154.0,77280.0
20221224:1400,7.56,95.8,230.65,807.98,87.4,263.2,0.62,146.0,77330.0
20221224:1500,11.47,80.15,410.25,780.86,116.55,267.65,0.69,165.0,77340.0
20221224:1600,14.1,64.85,577.25,796.14,147.05,279.45,0.62,199.0,77350.0
20221224:1700,15.83,54.35,597.4,604.97,198.85,294.35,0.41,217.0,77340.0
20221224:1800,16.52,48.9,589.8,425.03,282.35,297.65,0.48,207.0,77260.0
20221224:1900,16.68,48.9,439.0,228.25,272.45,320.5,1.24,208.0,77190.0
20221224:2000,16.67,48.9,413.05,203.68,275.1,325.3,1.38,215.0,77100.0
20221224:2100,16.45,48.9,314.65,202.88,199.05,317.95,1.45,226.0,77030.0
20221224:2200,16.23,50.6,167.35,101.33,125.35,326.5,1.24,232.0,77020.0
20221224:2300,15.14,56.25,35.65,27.03,29.65,326.85,1.1,237.0,77030.0
20221225:0000,14.13,62.55,0.0,0.0,0.0,327.25,0.83,251.0,77080.0
20221225:0100,13.24,74.75,0.0,-0.0,0.0,319.6,0.69,208.0,77110.0
20221225:0200,12.29,77.35,0.0,-0.0,0.0,311.55,0.9,195.0,77140.0
20221225:0300,11.13,80.1,0.0,-0.0,0.0,292.8,1.17,200.0,77180.0
20221225:0400,10.1,82.95,0.0,-0.0,0.0,276.95,1.31,207.0,77210.0
20221225:0500,9.3,85.95,0.0,-0.0,0.0,266.3,1.38,208.0,77220.0
20221225:0600,9.02,82.85,0.0,-0.0,0.0,272.3,1.31,205.0,77200.0
20221225:0700,10.36,79.95,0.0,-0.0,0.0,287.75,1.1,211.0,77150.0
20221225:0800,9.27,82.85,0.0,-0.0,0.0,269.4,1.17,209.0,77130.0
20221225:0900,9.15,82.85,0.0,-0.0,0.0,270.55,1.03,204.0,77110.0
20221225:1000,8.91,82.85,0.0,-0.0,0.0,274.05,0.97,204.0,77110.0
20221225:1100,8.68,85.9,0.0,-0.0,0.0,269.6,0.83,204.0,77110.0
20221225:1200,8.59,85.9,0.0,-0.0,0.0,283.7,0.76,188.0,77120.0
20221225:1300,8.51,85.9,0.0,-0.0,0.0,289.3,0.69,182.0,77140.0
20221225:1400,8.85,85.9,191.35,474.96,107.85,288.15,0.41,186.0,77180.0
20221225:1500,11.03,77.2,369.8,600.05,144.85,282.55,0.48,191.0,77230.0
20221225:1600,12.97,62.3,597.65,899.05,112.65,283.7,0.48,192.0,77260.0
20221225:1700,14.38,56.0,637.95,738.02,152.1,276.55,0.76,228.0,77250.0
20221225:1800,15.22,52.25,455.65,280.23,252.95,296.5,0.97,240.0,77200.0
20221225:1900,14.77,62.65,317.1,148.2,208.9,313.7,0.76,311.0,77100.0
20221225:2000,14.34,67.25,195.05,68.05,148.9,339.45,1.03,315.0,77070.0
20221225:2100,13.14,72.1,335.9,320.55,152.85,343.3,0.76,271.0,76990.0
20221225:2200,12.92,74.75,124.25,115.49,76.2,297.85,1.03,242.0,77070.0
20221225:2300,11.52,77.3,64.05,141.9,32.3,306.75,1.03,229.0,77080.0
20221226:0000,10.69,86.05,0.0,0.0,0.0,284.3,0.28,250.0,77130.0
20221226:0100,9.73,89.15,0.0,-0.0,0.0,285.35,0.14,286.0,77180.0
20221226:0200,9.58,89.15,0.0,-0.0,0.0,301.3,0.41,352.0,77230.0
20221226:0300,9.58,89.15,0.0,-0.0,0.0,305.0,0.28,23.0,77270.0
20221226:0400,9.32,89.1,0.0,-0.0,0.0,303.45,0.34,205.0,77300.0
20221226:0500,8.43,92.4,0.0,-0.0,0.0,297.25,0.76,205.0,77320.0
20221226:0600,8.26,92.4,0.0,-0.0,0.0,299.2,0.62,224.0,77290.0
20221226:0700,7.47,92.35,0.0,-0.0,0.0,298.6,1.03,247.0,77240.0
20221226:0800,7.66,95.8,0.0,-0.0,0.0,283.9,0.83,226.0,77210.0
20221226:0900,7.42,95.8,0.0,-0.0,0.0,300.35,0.76,225.0,77180.0
20221226:1000,7.04,95.8,0.0,-0.0,0.0,285.05,0.9,219.0,77170.0
20221226:1100,6.66,95.8,0.0,-0.0,0.0,299.4,0.76,226.0,77170.0
20221226:1200,6.78,95.8,0.0,-0.0,0.0,315.65,0.62,215.0,77180.0
20221226:1300,6.77,95.8,0.0,-0.0,0.0,315.65,0.48,215.0,77200.0
20221226:1400,6.86,99.4,160.35,287.03,110.3,309.45,0.48,168.0,77250.0
20221226:1500,7.89,95.8,353.2,443.38,187.5,312.55,0.62,144.0,77270.0
20221226:1600,10.29,82.95,539.8,673.63,176.95,308.1,0.21,147.0,77270.0
20221226:1700,12.35,66.85,666.6,790.3,146.65,287.75,0.62,346.0,77230.0
20221226:1800,13.92,52.0,647.6,656.62,172.6,279.85,1.31,333.0,77190.0
20221226:1900,14.56,48.4,596.85,503.05,229.3,294.55,1.66,327.0,77100.0
20221226:2000,15.04,45.05,520.65,433.13,226.5,299.0,1.72,318.0,77030.0
20221226:2100,15.38,43.4,318.45,217.42,194.0,298.6,2.0,318.0,76980.0
20221226:2200,14.99,43.4,221.6,272.92,107.6,310.4,1.86,324.0,76980.0
20221226:2300,14.46,44.9,69.85,165.12,32.6,296.5,1.79,334.0,77010.0
20221227:0000,13.39,51.75,0.05,0.0,0.05,294.35,1.31,345.0,77070.0
20221227:0100,12.25,64.45,0.0,-0.0,0.0,296.6,1.31,353.0,77140.0
20221227:0200,10.46,69.1,0.0,-0.0,0.0,280.6,1.52,4.0,77210.0
20221227:0300,9.59,74.2,0.0,-0.0,0.0,296.5,1.59,3.0,77300.0
20221227:0400,8.93,79.85,0.0,-0.0,0.0,295.1,1.59,1.0,77350.0
20221227:0500,8.61,82.75,0.0,-0.0,0.0,300.75,1.52,2.0,77390.0
20221227:0600,8.05,85.85,0.0,-0.0,0.0,291.85,1.52,3.0,77370.0
20221227:0700,7.9,89.05,0.0,-0.0,0.0,306.55,1.31,3.0,77340.0
20221227:0800,7.61,92.35,0.0,-0.0,0.0,288.55,1.17,4.0,77340.0
20221227:0900,7.4,92.35,0.0,-0.0,0.0,282.75,1.1,10.0,77300.0
20221227:1000,7.21,95.8,0.0,-0.0,0.0,273.85,1.1,12.0,77310.0
20221227:1100,6.73,92.35,0.0,-0.0,0.0,268.8,1.1,11.0,77310.0
20221227:1200,6.05,95.8,0.0,-0.0,0.0,257.6,1.17,5.0,77350.0
20221227:1300,5.36,95.75,0.0,-0.0,0.0,248.85,1.17,3.0,77370.0
20221227:1400,5.65,95.75,239.2,904.29,82.75,264.55,1.03,2.0,77430.0
20221227:1500,8.6,85.9,456.4,1014.55,78.35,272.85,1.38,358.0,77440.0
20221227:1600,11.06,71.75,648.05,1039.48,88.9,250.6,1.24,7.0,77440.0
20221227:1700,12.96,60.05,766.75,1012.0,101.25,252.15,0.97,8.0,77410.0
20221227:1800,14.89,52.15,668.65,666.78,186.2,266.85,0.48,36.0,77330.0
20221227:1900,15.71,45.15,583.3,497.71,219.35,282.55,0.48,21.0,77210.0
20221227:2000,16.14,43.65,505.35,531.26,144.0,296.85,0.69,299.0,77110.0
20221227:2100,16.11,42.05,364.9,355.34,161.0,299.75,0.83,257.0,77070.0
20221227:2200,16.02,42.05,210.7,247.13,107.05,307.7,1.1,241.0,77050.0
20221227:2300,15.47,45.15,58.45,140.66,26.45,301.3,0.9,231.0,77040.0
20221228:0000,14.32,53.95,0.05,0.0,0.05,311.2,0.83,216.0,77070.0
20221228:0100,12.53,69.45,0.0,-0.0,0.0,287.5,1.03,203.0,77100.0
20221228:0200,11.52,69.25,0.0,-0.0,0.0,285.05,1.17,207.0,77140.0
20221228:0300,12.13,64.45,0.0,-0.0,0.0,279.85,0.97,219.0,77200.0
20221228:0400,11.68,66.75,0.0,-0.0,0.0,275.2,0.69,240.0,77230.0
20221228:0500,11.04,69.15,0.0,-0.0,0.0,264.35,0.62,243.0,77260.0
20221228:0600,10.34,74.3,0.0,-0.0,0.0,256.8,0.55,226.0,77230.0
20221228:0700,9.87,68.9,0.0,-0.0,0.0,246.15,1.03,194.0,77180.0
20221228:0800,9.33,71.4,0.0,-0.0,0.0,257.0,0.97,189.0,77170.0
20221228:0900,8.56,71.35,0.0,-0.0,0.0,240.15,0.9,186.0,77150.0
20221228:1000,7.68,76.7,0.0,-0.0,0.0,238.6,0.76,186.0,77160.0
20221228:1100,6.89,79.55,0.0,-0.0,0.0,236.65,0.76,184.0,77160.0
20221228:1200,6.28,79.5,0.0,-0.0,0.0,235.9,0.76,172.0,77190.0
20221228:1300,5.79,82.5,0.0,-0.0,0.0,234.35,0.83,169.0,77200.0
20221228:1400,6.33,82.55,263.35,1190.39,58.95,233.0,0.83,165.0,77240.0
20221228:1500,10.3,77.1,486.1,1103.58,76.0,240.75,0.97,183.0,77230.0
20221228:1600,13.96,48.25,665.9,1079.73,85.8,245.95,1.38,200.0,77240.0
20221228:1700,15.47,43.5,779.55,1035.46,98.85,253.5,1.66,205.0,77220.0
20221228:1800,16.78,40.6,813.7,961.95,117.45,260.65,2.28,214.0,77160.0
20221228:1900,17.62,37.8,781.15,911.06,114.3,265.9,2.97,211.0,77060.0
20221228:2000,18.05,36.55,570.15,605.38,157.7,280.4,3.31,206.0,76960.0
20221228:2100,17.45,37.8,402.25,436.98,150.85,294.75,3.59,199.0,76950.0
20221228:2200,16.64,40.6,222.3,320.75,87.2,309.45,2.9,197.0,76940.0
20221228:2300,15.76,43.5,84.0,226.84,31.95,314.85,2.55,198.0,76990.0
20221229:0000,14.19,52.0,0.1,0.0,0.1,276.95,1.93,195.0,77030.0
20221229:0100,11.92,59.85,0.0,-0.0,0.0,259.45,1.72,191.0,77110.0
20221229:0200,9.63,74.2,0.0,-0.0,0.0,256.6,1.59,191.0,77160.0
20221229:0300,8.61,76.85,0.0,-0.0,0.0,258.15,1.52,192.0,77220.0
20221229:0400,7.84,79.65,0.0,-0.0,0.0,251.75,1.52,191.0,77270.0
20221229:0500,7.48,76.7,0.0,-0.0,0.0,249.25,1.38,194.0,77270.0
20221229:0600,7.62,76.7,0.0,-0.0,0.0,253.3,1.31,198.0,77270.0
20221229:0700,8.32,68.6,0.0,-0.0,0.0,266.85,1.17,194.0,77180.0
20221229:0800,7.86,68.6,0.0,-0.0,0.0,248.3,1.24,197.0,77170.0
20221229:0900,7.78,71.15,0.0,-0.0,0.0,239.2,1.17,198.0,77140.0
20221229:1000,7.35,68.5,0.0,-0.0,0.0,235.9,1.17,196.0,77120.0
20221229:1100,6.93,71.05,0.0,-0.0,0.0,233.75,1.17,196.0,77130.0
20221229:1200,6.55,71.05,0.0,-0.0,0.0,233.95,1.17,192.0,77130.0
20221229:1300,6.16,73.7,0.0,-0.0,0.0,233.0,1.1,190.0,77170.0
20221229:1400,6.52,73.8,257.4,1109.86,68.2,230.85,1.03,180.0,77200.0
20221229:1500,9.87,77.1,476.05,1029.5,94.45,237.65,1.1,192.0,77210.0
20221229:1600,13.93,50.1,657.25,1015.1,112.45,245.0,1.66,201.0,77210.0
20221229:1700,15.47,41.9,722.25,789.95,203.05,251.4,2.0,201.0,77190.0
20221229:1800,16.56,37.65,658.2,420.65,353.6,266.1,2.21,201.0,77100.0
20221229:1900,17.0,37.8,616.85,369.23,346.3,293.2,2.48,201.0,77010.0
20221229:2000,17.26,37.8,492.85,299.63,288.35,295.1,2.76,206.0,76950.0
20221229:2100,17.03,37.8,318.45,205.15,200.1,302.85,2.9,209.0,76910.0
20221229:2200,16.29,42.05,221.4,165.35,151.45,317.75,2.83,207.0,76950.0
20221229:2300,15.47,45.15,56.85,70.42,40.55,305.55,2.41,202.0,76970.0
20221230:0000,14.0,56.0,0.1,0.0,0.1,303.65,1.79,192.0,77030.0
20221230:0100,12.31,64.45,0.0,-0.0,0.0,289.25,1.52,187.0,77070.0
20221230:0200,10.55,77.15,0.0,-0.0,0.0,290.3,1.45,191.0,77120.0
20221230:0300,9.41,79.9,0.0,-0.0,0.0,285.05,1.45,192.0,77170.0
20221230:0400,8.7,82.75,0.0,-0.0,0.0,269.75,1.45,195.0,77210.0
20221230:0500,8.39,79.75,0.0,-0.0,0.0,272.5,1.31,196.0,77220.0
20221230:0600,7.95,79.7,0.0,-0.0,0.0,271.3,1.38,195.0,77210.0
20221230:0700,8.01,79.7,0.0,-0.0,0.0,271.3,1.38,193.0,77190.0
20221230:0800,7.89,76.8,0.0,-0.0,0.0,277.9,1.38,193.0,77180.0
20221230:0900,7.85,76.8,0.0,-0.0,0.0,276.15,1.38,193.0,77120.0
20221230:1000,7.82,76.7,0.0,-0.0,0.0,273.65,1.31,196.0,77110.0
20221230:1100,8.22,73.95,0.0,-0.0,0.0,267.45,1.17,200.0,77100.0
20221230:1200,8.27,73.95,0.0,-0.0,0.0,256.05,1.1,204.0,77110.0
20221230:1300,7.98,71.25,0.0,-0.0,0.0,254.65,0.9,206.0,77150.0
20221230:1400,8.18,73.95,223.4,735.96,98.8,254.65,0.62,191.0,77150.0
20221230:1500,10.33,79.95,396.35,702.82,136.45,261.25,0.69,206.0,77170.0
20221230:1600,14.08,52.0,580.85,706.9,201.8,272.85,1.45,207.0,77170.0
20221230:1700,15.72,45.15,644.6,601.79,249.1,275.4,2.0,202.0,77160.0
20221230:1800,16.7,42.15,648.25,457.67,316.65,288.55,2.28,202.0,77090.0
20221230:1900,17.14,43.9,558.75,326.6,319.15,299.2,2.34,215.0,77020.0
20221230:2000,17.2,43.9,453.5,318.29,235.85,313.9,2.76,212.0,76950.0
20221230:2100,16.36,48.8,295.15,219.87,167.95,319.9,2.55,205.0,76900.0
20221230:2200,15.84,52.4,131.9,53.42,109.2,316.8,2.34,200.0,76920.0
20221230:2300,14.64,58.25,60.6,79.86,41.95,331.7,2.07,202.0,76960.0
20221231:0000,12.94,72.1,0.15,0.0,0.15,300.95,1.66,206.0,77030.0
20221231:0100,11.71,80.15,0.0,-0.0,0.0,316.7,1.31,190.0,77110.0
20221231:0200,10.98,83.05,0.0,-0.0,0.0,315.05,1.31,180.0,77160.0
20221231:0300,10.64,86.05,0.0,-0.0,0.0,311.4,1.24,182.0,77200.0
20221231:0400,10.5,83.0,0.0,-0.0,0.0,303.45,1.1,188.0,77220.0
20221231:0500,9.79,89.15,0.0,-0.0,0.0,304.4,1.17,187.0,77220.0
20221231:0600,9.5,89.15,0.0,-0.0,0.0,303.85,1.17,193.0,77210.0
20221231:0700,10.01,82.95,0.0,-0.0,0.0,315.85,1.03,187.0,77140.0
20221231:0800,9.84,85.95,0.0,-0.0,0.0,311.2,0.97,190.0,77150.0
20221231:0900,9.59,85.95,0.0,-0.0,0.0,312.35,0.97,196.0,77110.0
20221231:1000,9.88,82.95,0.0,-0.0,0.0,307.7,0.83,196.0,77110.0
20221231:1100,9.45,85.95,0.0,-0.0,0.0,287.95,0.76,199.0,77120.0
20221231:1200,9.05,85.95,0.0,-0.0,0.0,286.6,0.83,192.0,77140.0
20221231:1300,8.18,92.4,0.0,-0.0,0.0,263.0,0.97,182.0,77210.0
20221231:1400,8.02,95.8,202.0,650.12,92.65,271.1,0.83,164.0,77250.0
20221231:1500,11.19,86.1,423.6,830.2,117.25,282.15,1.31,161.0,77270.0
20221231:1600,18.12,50.41,593.65,838.35,144.45,305.32,2.6,171.0,77290.0
20221231:1700,17.66,51.96,646.5,794.07,124.6,302.63,2.48,182.0,77270.0
20221231:1800,17.2,53.52,775.15,896.22,125.35,299.94,2.36,192.0,77210.0
20221231:1900,16.74,55.08,675.55,688.23,170.0,297.25,2.24,195.0,77110.0
20221231:2000,16.28,56.63,558.4,521.1,201.35,294.57,2.12,198.0,77030.0
20221231:2100,15.82,58.19,384.3,428.44,135.7,291.88,1.99,199.0,76990.0
20221231:2200,15.36,59.75,242.75,351.82,92.55,289.19,1.87,198.0,76980.0
20221231:2300,14.9,61.3,79.35,206.03,30.8,286.51,1.75,196.0,77020.0

T2m: 2-m air temperature (degree Celsius)
RH: relative humidity (%)
G(h): Global irradiance on the horizontal plane (W/m2)
Gb(n): Beam/direct irradiance on a plane always normal to sun rays (W/m2)
Gd(h): Diffuse irradiance on the horizontal plane (W/m2)
IR(h): Surface infrared (thermal) irradiance on a horizontal plane (W/m2)
WS10m: 10-m total wind speed (m/s)
WD10m: 10-m wind direction (0 = N, 90 = E) (degree)
SP: Surface (air) pressure (Pa)
PVGIS (c) European Union, 2001-2026
